timestamp, memory.used [MiB], memory.total [MiB], utilization.gpu [%]
2026/09/30 02:16:27.704, 0 MiB, 15360 MiB, 0 %
2026/09/30 02:16:28.708, 0 MiB, 15360 MiB, 0 %
2026/09/30 02:16:29.711, 0 MiB, 15360 MiB, 0 %
2026/09/30 02:16:30.714, 0 MiB, 15360 MiB, 0 %
2026/09/30 02:16:31.717, 0 MiB, 15360 MiB, 0 %
2026/09/30 02:16:32.720, 0 MiB, 15360 MiB, 0 %
2026/09/30 02:16:33.722, 0 MiB, 15360 MiB, 0 %
2026/09/30 02:16:34.725, 0 MiB, 15360 MiB, 0 %
2026/09/30 02:16:35.728, 0 MiB, 15360 MiB, 0 %
2026/09/30 02:16:36.731, 0 MiB, 15360 MiB, 0 %
2026/09/30 02:16:37.734, 0 MiB, 15360 MiB, 0 %
2026/09/30 02:16:38.741, 0 MiB, 15360 MiB, 0 %
2026/09/30 02:16:39.746, 0 MiB, 15360 MiB, 0 %
2026/09/30 02:16:40.751, 0 MiB, 15360 MiB, 0 %
2026/09/30 02:16:41.758, 0 MiB, 15360 MiB, 0 %
2026/09/30 02:16:42.761, 0 MiB, 15360 MiB, 0 %
2026/09/30 02:16:43.765, 0 MiB, 15360 MiB, 0 %
2026/09/30 02:16:44.767, 0 MiB, 15360 MiB, 0 %
2026/09/30 02:16:45.770, 0 MiB, 15360 MiB, 0 %
2026/09/30 02:16:46.774, 0 MiB, 15360 MiB, 0 %
2026/09/30 02:16:47.777, 0 MiB, 15360 MiB, 0 %
2026/09/30 02:16:48.779, 0 MiB, 15360 MiB, 0 %
2026/09/30 02:16:49.782, 3 MiB, 15360 MiB, 0 %
2026/09/30 02:16:50.785, 3 MiB, 15360 MiB, 0 %
2026/09/30 02:16:51.792, 3 MiB, 15360 MiB, 0 %
2026/09/30 02:16:52.800, 3 MiB, 15360 MiB, 0 %
2026/09/30 02:16:53.806, 3 MiB, 15360 MiB, 0 %
2026/09/30 02:16:54.810, 3 MiB, 15360 MiB, 0 %
2026/09/30 02:16:55.814, 3 MiB, 15360 MiB, 0 %
2026/09/30 02:16:56.816, 3 MiB, 15360 MiB, 0 %
2026/09/30 02:16:57.819, 3 MiB, 15360 MiB, 0 %
2026/09/30 02:16:58.822, 3 MiB, 15360 MiB, 0 %
2026/09/30 02:16:59.826, 3 MiB, 15360 MiB, 0 %
2026/09/30 02:17:00.829, 3 MiB, 15360 MiB, 0 %
2026/09/30 02:17:01.832, 3 MiB, 15360 MiB, 0 %
2026/09/30 02:17:02.836, 3 MiB, 15360 MiB, 0 %
2026/09/30 02:17:03.839, 3 MiB, 15360 MiB, 0 %
2026/09/30 02:17:04.843, 3 MiB, 15360 MiB, 0 %
2026/09/30 02:17:05.865, 3 MiB, 15360 MiB, 0 %
2026/09/30 02:17:06.884, 3 MiB, 15360 MiB, 0 %
2026/09/30 02:17:07.892, 3 MiB, 15360 MiB, 0 %
2026/09/30 02:17:08.907, 3 MiB, 15360 MiB, 0 %
2026/09/30 02:17:09.913, 3 MiB, 15360 MiB, 0 %
2026/09/30 02:17:10.930, 3 MiB, 15360 MiB, 0 %
2026/09/30 02:17:11.937, 3 MiB, 15360 MiB, 0 %
2026/09/30 02:17:12.943, 3 MiB, 15360 MiB, 0 %
2026/09/30 02:17:13.955, 3 MiB, 15360 MiB, 0 %
2026/09/30 02:17:14.967, 3 MiB, 15360 MiB, 0 %
2026/09/30 02:17:15.980, 3 MiB, 15360 MiB, 0 %
2026/09/30 02:17:16.985, 3 MiB, 15360 MiB, 0 %
2026/09/30 02:17:17.988, 3 MiB, 15360 MiB, 0 %
2026/09/30 02:17:18.997, 3 MiB, 15360 MiB, 0 %
2026/09/30 02:17:20.002, 3 MiB, 15360 MiB, 0 %
2026/09/30 02:17:21.006, 3 MiB, 15360 MiB, 0 %
2026/09/30 02:17:22.012, 3 MiB, 15360 MiB, 0 %
2026/09/30 02:17:23.024, 3 MiB, 15360 MiB, 0 %
2026/09/30 02:17:24.031, 3 MiB, 15360 MiB, 0 %
2026/09/30 02:17:25.035, 3 MiB, 15360 MiB, 0 %
2026/09/30 02:17:26.039, 3 MiB, 15360 MiB, 0 %
2026/09/30 02:17:27.042, 3 MiB, 15360 MiB, 0 %
2026/09/30 02:17:28.048, 3 MiB, 15360 MiB, 0 %
2026/09/30 02:17:29.051, 3 MiB, 15360 MiB, 0 %
2026/09/30 02:17:30.055, 3 MiB, 15360 MiB, 0 %
2026/09/30 02:17:31.059, 3 MiB, 15360 MiB, 0 %
2026/09/30 02:17:32.063, 3 MiB, 15360 MiB, 0 %
2026/09/30 02:17:33.067, 3 MiB, 15360 MiB, 0 %
2026/09/30 02:17:34.070, 3 MiB, 15360 MiB, 0 %
2026/09/30 02:17:35.072, 3 MiB, 15360 MiB, 0 %
2026/09/30 02:17:36.076, 3 MiB, 15360 MiB, 0 %
2026/09/30 02:17:37.079, 3 MiB, 15360 MiB, 0 %
2026/09/30 02:17:38.083, 3 MiB, 15360 MiB, 0 %
2026/09/30 02:17:39.086, 3 MiB, 15360 MiB, 0 %
2026/09/30 02:17:40.089, 3 MiB, 15360 MiB, 0 %
2026/09/30 02:17:41.092, 3 MiB, 15360 MiB, 0 %
2026/09/30 02:17:42.095, 3 MiB, 15360 MiB, 0 %
2026/09/30 02:17:43.098, 3 MiB, 15360 MiB, 0 %
2026/09/30 02:17:44.101, 3 MiB, 15360 MiB, 0 %
2026/09/30 02:17:45.104, 3 MiB, 15360 MiB, 0 %
2026/09/30 02:17:46.107, 3 MiB, 15360 MiB, 0 %
2026/09/30 02:17:47.110, 3 MiB, 15360 MiB, 0 %
2026/09/30 02:17:48.113, 3 MiB, 15360 MiB, 0 %
2026/09/30 02:17:49.115, 3 MiB, 15360 MiB, 0 %
2026/09/30 02:17:50.119, 3 MiB, 15360 MiB, 0 %
2026/09/30 02:17:51.122, 3 MiB, 15360 MiB, 0 %
2026/09/30 02:17:52.126, 3 MiB, 15360 MiB, 0 %
2026/09/30 02:17:53.130, 3 MiB, 15360 MiB, 0 %
2026/09/30 02:17:54.135, 3 MiB, 15360 MiB, 0 %
2026/09/30 02:17:55.138, 3 MiB, 15360 MiB, 0 %
2026/09/30 02:17:56.142, 3 MiB, 15360 MiB, 0 %
2026/09/30 02:17:57.146, 3 MiB, 15360 MiB, 0 %
2026/09/30 02:17:58.150, 3 MiB, 15360 MiB, 0 %
2026/09/30 02:17:59.154, 3 MiB, 15360 MiB, 0 %
2026/09/30 02:18:00.157, 3 MiB, 15360 MiB, 0 %
2026/09/30 02:18:01.161, 3 MiB, 15360 MiB, 0 %
2026/09/30 02:18:02.164, 3 MiB, 15360 MiB, 0 %
2026/09/30 02:18:03.170, 3 MiB, 15360 MiB, 0 %
2026/09/30 02:18:04.173, 3 MiB, 15360 MiB, 0 %
2026/09/30 02:18:05.177, 13 MiB, 15360 MiB, 0 %
2026/09/30 02:18:06.194, 233 MiB, 15360 MiB, 100 %
2026/09/30 02:18:07.196, 233 MiB, 15360 MiB, 100 %
2026/09/30 02:18:08.198, 593 MiB, 15360 MiB, 9 %
2026/09/30 02:18:09.202, 593 MiB, 15360 MiB, 0 %
2026/09/30 02:18:10.204, 593 MiB, 15360 MiB, 0 %
2026/09/30 02:18:11.206, 595 MiB, 15360 MiB, 0 %
2026/09/30 02:18:12.208, 595 MiB, 15360 MiB, 0 %
2026/09/30 02:18:13.210, 595 MiB, 15360 MiB, 0 %
2026/09/30 02:18:14.213, 595 MiB, 15360 MiB, 0 %
2026/09/30 02:18:15.215, 597 MiB, 15360 MiB, 0 %
2026/09/30 02:18:16.217, 597 MiB, 15360 MiB, 0 %
2026/09/30 02:18:17.219, 597 MiB, 15360 MiB, 0 %
2026/09/30 02:18:18.222, 597 MiB, 15360 MiB, 0 %
2026/09/30 02:18:19.226, 809 MiB, 15360 MiB, 0 %
2026/09/30 02:18:20.228, 809 MiB, 15360 MiB, 0 %
2026/09/30 02:18:21.230, 809 MiB, 15360 MiB, 0 %
2026/09/30 02:18:22.232, 809 MiB, 15360 MiB, 0 %
2026/09/30 02:18:23.234, 1031 MiB, 15360 MiB, 7 %
2026/09/30 02:18:24.236, 1179 MiB, 15360 MiB, 100 %
2026/09/30 02:18:25.238, 3165 MiB, 15360 MiB, 100 %
2026/09/30 02:18:26.240, 3165 MiB, 15360 MiB, 100 %
2026/09/30 02:18:27.243, 4521 MiB, 15360 MiB, 100 %
2026/09/30 02:18:28.249, 4521 MiB, 15360 MiB, 100 %
2026/09/30 02:18:29.254, 5719 MiB, 15360 MiB, 100 %
2026/09/30 02:18:30.260, 5721 MiB, 15360 MiB, 100 %
2026/09/30 02:18:31.263, 5723 MiB, 15360 MiB, 100 %
2026/09/30 02:18:32.265, 5725 MiB, 15360 MiB, 100 %
2026/09/30 02:18:33.268, 5725 MiB, 15360 MiB, 100 %
2026/09/30 02:18:34.272, 5725 MiB, 15360 MiB, 100 %
2026/09/30 02:18:35.274, 7111 MiB, 15360 MiB, 100 %
2026/09/30 02:18:36.276, 7111 MiB, 15360 MiB, 100 %
2026/09/30 02:18:37.279, 8497 MiB, 15360 MiB, 100 %
2026/09/30 02:18:38.281, 8497 MiB, 15360 MiB, 100 %
2026/09/30 02:18:39.283, 8497 MiB, 15360 MiB, 100 %
2026/09/30 02:18:40.285, 9883 MiB, 15360 MiB, 100 %
2026/09/30 02:18:41.288, 9883 MiB, 15360 MiB, 100 %
2026/09/30 02:18:42.296, 9883 MiB, 15360 MiB, 100 %
2026/09/30 02:18:43.303, 9883 MiB, 15360 MiB, 100 %
2026/09/30 02:18:44.309, 9883 MiB, 15360 MiB, 100 %
2026/09/30 02:18:45.313, 9883 MiB, 15360 MiB, 96 %
2026/09/30 02:18:46.315, 9883 MiB, 15360 MiB, 100 %
2026/09/30 02:18:47.318, 9883 MiB, 15360 MiB, 100 %
2026/09/30 02:18:48.320, 12211 MiB, 15360 MiB, 100 %
2026/09/30 02:18:49.322, 12211 MiB, 15360 MiB, 100 %
2026/09/30 02:18:50.324, 12211 MiB, 15360 MiB, 100 %
2026/09/30 02:18:51.326, 12211 MiB, 15360 MiB, 100 %
2026/09/30 02:18:52.328, 14539 MiB, 15360 MiB, 100 %
2026/09/30 02:18:53.330, 14539 MiB, 15360 MiB, 100 %
2026/09/30 02:18:54.333, 14539 MiB, 15360 MiB, 100 %
2026/09/30 02:18:55.337, 14539 MiB, 15360 MiB, 100 %
2026/09/30 02:18:56.341, 8217 MiB, 15360 MiB, 99 %
2026/09/30 02:18:57.346, 8217 MiB, 15360 MiB, 100 %
2026/09/30 02:18:58.349, 8217 MiB, 15360 MiB, 100 %
2026/09/30 02:18:59.352, 8217 MiB, 15360 MiB, 100 %
2026/09/30 02:19:00.353, 8217 MiB, 15360 MiB, 100 %
2026/09/30 02:19:01.356, 8217 MiB, 15360 MiB, 100 %
2026/09/30 02:19:02.358, 8217 MiB, 15360 MiB, 100 %
2026/09/30 02:19:03.361, 8217 MiB, 15360 MiB, 100 %
2026/09/30 02:19:04.363, 8217 MiB, 15360 MiB, 100 %
2026/09/30 02:19:05.367, 8217 MiB, 15360 MiB, 100 %
2026/09/30 02:19:06.369, 8217 MiB, 15360 MiB, 100 %
2026/09/30 02:19:07.372, 8217 MiB, 15360 MiB, 100 %
2026/09/30 02:19:08.374, 8217 MiB, 15360 MiB, 100 %
2026/09/30 02:19:09.380, 8219 MiB, 15360 MiB, 100 %
2026/09/30 02:19:10.386, 8219 MiB, 15360 MiB, 100 %
2026/09/30 02:19:11.394, 8219 MiB, 15360 MiB, 100 %
2026/09/30 02:19:12.399, 8219 MiB, 15360 MiB, 100 %
2026/09/30 02:19:13.401, 8219 MiB, 15360 MiB, 100 %
2026/09/30 02:19:14.403, 8219 MiB, 15360 MiB, 100 %
2026/09/30 02:19:15.406, 8219 MiB, 15360 MiB, 100 %
2026/09/30 02:19:16.408, 8219 MiB, 15360 MiB, 100 %
2026/09/30 02:19:17.409, 8219 MiB, 15360 MiB, 100 %
2026/09/30 02:19:18.412, 10457 MiB, 15360 MiB, 100 %
2026/09/30 02:19:19.416, 10457 MiB, 15360 MiB, 100 %
2026/09/30 02:19:20.418, 10457 MiB, 15360 MiB, 100 %
2026/09/30 02:19:21.421, 10457 MiB, 15360 MiB, 100 %
2026/09/30 02:19:22.424, 10457 MiB, 15360 MiB, 100 %
2026/09/30 02:19:23.427, 10457 MiB, 15360 MiB, 100 %
2026/09/30 02:19:24.430, 10457 MiB, 15360 MiB, 100 %
2026/09/30 02:19:25.435, 10457 MiB, 15360 MiB, 100 %
2026/09/30 02:19:26.438, 10457 MiB, 15360 MiB, 100 %
2026/09/30 02:19:27.441, 10457 MiB, 15360 MiB, 100 %
2026/09/30 02:19:28.443, 10457 MiB, 15360 MiB, 100 %
2026/09/30 02:19:29.445, 10475 MiB, 15360 MiB, 100 %
2026/09/30 02:19:30.448, 10475 MiB, 15360 MiB, 100 %
2026/09/30 02:19:31.450, 10475 MiB, 15360 MiB, 100 %
2026/09/30 02:19:32.453, 10475 MiB, 15360 MiB, 100 %
2026/09/30 02:19:33.456, 10475 MiB, 15360 MiB, 100 %
2026/09/30 02:19:34.459, 10475 MiB, 15360 MiB, 100 %
2026/09/30 02:19:35.462, 10475 MiB, 15360 MiB, 100 %
2026/09/30 02:19:36.465, 10475 MiB, 15360 MiB, 100 %
2026/09/30 02:19:37.470, 10475 MiB, 15360 MiB, 100 %
2026/09/30 02:19:38.477, 10475 MiB, 15360 MiB, 100 %
2026/09/30 02:19:39.480, 10475 MiB, 15360 MiB, 100 %
2026/09/30 02:19:40.486, 10475 MiB, 15360 MiB, 100 %
2026/09/30 02:19:41.489, 10475 MiB, 15360 MiB, 100 %
2026/09/30 02:19:42.492, 10475 MiB, 15360 MiB, 100 %
2026/09/30 02:19:43.497, 10475 MiB, 15360 MiB, 100 %
2026/09/30 02:19:44.502, 10475 MiB, 15360 MiB, 100 %
2026/09/30 02:19:45.508, 10475 MiB, 15360 MiB, 100 %
2026/09/30 02:19:46.513, 10475 MiB, 15360 MiB, 100 %
2026/09/30 02:19:47.519, 10475 MiB, 15360 MiB, 100 %
2026/09/30 02:19:48.525, 10475 MiB, 15360 MiB, 100 %
2026/09/30 02:19:49.529, 10475 MiB, 15360 MiB, 100 %
2026/09/30 02:19:50.534, 10475 MiB, 15360 MiB, 100 %
2026/09/30 02:19:51.541, 10475 MiB, 15360 MiB, 100 %
2026/09/30 02:19:52.547, 10475 MiB, 15360 MiB, 100 %
2026/09/30 02:19:53.553, 10475 MiB, 15360 MiB, 100 %
2026/09/30 02:19:54.559, 10475 MiB, 15360 MiB, 100 %
2026/09/30 02:19:55.561, 10475 MiB, 15360 MiB, 100 %
2026/09/30 02:19:56.565, 10475 MiB, 15360 MiB, 100 %
2026/09/30 02:19:57.567, 10475 MiB, 15360 MiB, 100 %
2026/09/30 02:19:58.571, 10475 MiB, 15360 MiB, 100 %
2026/09/30 02:19:59.573, 10475 MiB, 15360 MiB, 100 %
2026/09/30 02:20:00.576, 10475 MiB, 15360 MiB, 100 %
2026/09/30 02:20:01.578, 10475 MiB, 15360 MiB, 100 %
2026/09/30 02:20:02.580, 10475 MiB, 15360 MiB, 100 %
2026/09/30 02:20:03.584, 10475 MiB, 15360 MiB, 100 %
2026/09/30 02:20:04.586, 10475 MiB, 15360 MiB, 100 %
2026/09/30 02:20:05.593, 10475 MiB, 15360 MiB, 100 %
2026/09/30 02:20:06.602, 10475 MiB, 15360 MiB, 100 %
2026/09/30 02:20:07.609, 10475 MiB, 15360 MiB, 100 %
2026/09/30 02:20:08.613, 10475 MiB, 15360 MiB, 100 %
2026/09/30 02:20:09.616, 10475 MiB, 15360 MiB, 100 %
2026/09/30 02:20:10.618, 10475 MiB, 15360 MiB, 100 %
2026/09/30 02:20:11.620, 10475 MiB, 15360 MiB, 100 %
2026/09/30 02:20:12.622, 10477 MiB, 15360 MiB, 100 %
2026/09/30 02:20:13.625, 10477 MiB, 15360 MiB, 100 %
2026/09/30 02:20:14.628, 10477 MiB, 15360 MiB, 100 %
2026/09/30 02:20:15.630, 10477 MiB, 15360 MiB, 100 %
2026/09/30 02:20:16.633, 10477 MiB, 15360 MiB, 100 %
2026/09/30 02:20:17.637, 10477 MiB, 15360 MiB, 100 %
2026/09/30 02:20:18.640, 10477 MiB, 15360 MiB, 100 %
2026/09/30 02:20:19.646, 10477 MiB, 15360 MiB, 100 %
2026/09/30 02:20:20.649, 10477 MiB, 15360 MiB, 100 %
2026/09/30 02:20:21.653, 10477 MiB, 15360 MiB, 100 %
2026/09/30 02:20:22.658, 10477 MiB, 15360 MiB, 100 %
2026/09/30 02:20:23.660, 10477 MiB, 15360 MiB, 100 %
2026/09/30 02:20:24.662, 10477 MiB, 15360 MiB, 100 %
2026/09/30 02:20:25.664, 10477 MiB, 15360 MiB, 100 %
2026/09/30 02:20:26.666, 10477 MiB, 15360 MiB, 100 %
2026/09/30 02:20:27.668, 10477 MiB, 15360 MiB, 100 %
2026/09/30 02:20:28.671, 10477 MiB, 15360 MiB, 100 %
2026/09/30 02:20:29.673, 10477 MiB, 15360 MiB, 100 %
2026/09/30 02:20:30.676, 10477 MiB, 15360 MiB, 100 %
2026/09/30 02:20:31.678, 10477 MiB, 15360 MiB, 100 %
2026/09/30 02:20:32.682, 10477 MiB, 15360 MiB, 100 %
2026/09/30 02:20:33.688, 10477 MiB, 15360 MiB, 98 %
2026/09/30 02:20:34.691, 10477 MiB, 15360 MiB, 100 %
2026/09/30 02:20:35.694, 10477 MiB, 15360 MiB, 100 %
2026/09/30 02:20:36.697, 10477 MiB, 15360 MiB, 100 %
2026/09/30 02:20:37.698, 10477 MiB, 15360 MiB, 100 %
2026/09/30 02:20:38.700, 10477 MiB, 15360 MiB, 100 %
2026/09/30 02:20:39.703, 10477 MiB, 15360 MiB, 100 %
2026/09/30 02:20:40.705, 10477 MiB, 15360 MiB, 100 %
2026/09/30 02:20:41.708, 10477 MiB, 15360 MiB, 100 %
2026/09/30 02:20:42.711, 10477 MiB, 15360 MiB, 100 %
2026/09/30 02:20:43.714, 10477 MiB, 15360 MiB, 100 %
2026/09/30 02:20:44.717, 10477 MiB, 15360 MiB, 100 %
2026/09/30 02:20:45.719, 10477 MiB, 15360 MiB, 100 %
2026/09/30 02:20:46.721, 10477 MiB, 15360 MiB, 91 %
2026/09/30 02:20:47.725, 10477 MiB, 15360 MiB, 100 %
2026/09/30 02:20:48.732, 10477 MiB, 15360 MiB, 100 %
2026/09/30 02:20:49.736, 10477 MiB, 15360 MiB, 100 %
2026/09/30 02:20:50.741, 10477 MiB, 15360 MiB, 100 %
2026/09/30 02:20:51.743, 10477 MiB, 15360 MiB, 100 %
2026/09/30 02:20:52.745, 10477 MiB, 15360 MiB, 100 %
2026/09/30 02:20:53.748, 10477 MiB, 15360 MiB, 100 %
2026/09/30 02:20:54.751, 10477 MiB, 15360 MiB, 100 %
2026/09/30 02:20:55.753, 10477 MiB, 15360 MiB, 100 %
2026/09/30 02:20:56.755, 10477 MiB, 15360 MiB, 100 %
2026/09/30 02:20:57.758, 10477 MiB, 15360 MiB, 100 %
2026/09/30 02:20:58.760, 10477 MiB, 15360 MiB, 96 %
2026/09/30 02:20:59.768, 10477 MiB, 15360 MiB, 100 %
2026/09/30 02:21:00.771, 10477 MiB, 15360 MiB, 100 %
2026/09/30 02:21:01.778, 10477 MiB, 15360 MiB, 100 %
2026/09/30 02:21:02.783, 10477 MiB, 15360 MiB, 100 %
2026/09/30 02:21:03.787, 10477 MiB, 15360 MiB, 100 %
2026/09/30 02:21:04.789, 10477 MiB, 15360 MiB, 100 %
2026/09/30 02:21:05.792, 10477 MiB, 15360 MiB, 100 %
2026/09/30 02:21:06.794, 10477 MiB, 15360 MiB, 100 %
2026/09/30 02:21:07.796, 10477 MiB, 15360 MiB, 100 %
2026/09/30 02:21:08.798, 10477 MiB, 15360 MiB, 100 %
2026/09/30 02:21:09.801, 10477 MiB, 15360 MiB, 100 %
2026/09/30 02:21:10.805, 10477 MiB, 15360 MiB, 100 %
2026/09/30 02:21:11.809, 10477 MiB, 15360 MiB, 100 %
2026/09/30 02:21:12.815, 10477 MiB, 15360 MiB, 100 %
2026/09/30 02:21:13.818, 10477 MiB, 15360 MiB, 100 %
2026/09/30 02:21:14.821, 10477 MiB, 15360 MiB, 100 %
2026/09/30 02:21:15.824, 10477 MiB, 15360 MiB, 100 %
2026/09/30 02:21:16.830, 10477 MiB, 15360 MiB, 100 %
2026/09/30 02:21:17.834, 10477 MiB, 15360 MiB, 100 %
2026/09/30 02:21:18.838, 10477 MiB, 15360 MiB, 100 %
2026/09/30 02:21:19.840, 10477 MiB, 15360 MiB, 100 %
2026/09/30 02:21:20.843, 10477 MiB, 15360 MiB, 100 %
2026/09/30 02:21:21.845, 10477 MiB, 15360 MiB, 100 %
2026/09/30 02:21:22.847, 10477 MiB, 15360 MiB, 100 %
2026/09/30 02:21:23.851, 10477 MiB, 15360 MiB, 100 %
2026/09/30 02:21:24.853, 10477 MiB, 15360 MiB, 100 %
2026/09/30 02:21:25.855, 10477 MiB, 15360 MiB, 100 %
2026/09/30 02:21:26.857, 10477 MiB, 15360 MiB, 100 %
2026/09/30 02:21:27.860, 10477 MiB, 15360 MiB, 100 %
2026/09/30 02:21:28.863, 10477 MiB, 15360 MiB, 100 %
2026/09/30 02:21:29.866, 10477 MiB, 15360 MiB, 100 %
2026/09/30 02:21:30.869, 10477 MiB, 15360 MiB, 100 %
2026/09/30 02:21:31.872, 10477 MiB, 15360 MiB, 100 %
2026/09/30 02:21:32.875, 10477 MiB, 15360 MiB, 100 %
2026/09/30 02:21:33.878, 10477 MiB, 15360 MiB, 100 %
2026/09/30 02:21:34.883, 10477 MiB, 15360 MiB, 100 %
2026/09/30 02:21:35.889, 10477 MiB, 15360 MiB, 100 %
2026/09/30 02:21:36.891, 10477 MiB, 15360 MiB, 100 %
2026/09/30 02:21:37.893, 10477 MiB, 15360 MiB, 100 %
2026/09/30 02:21:38.895, 10477 MiB, 15360 MiB, 100 %
2026/09/30 02:21:39.898, 10477 MiB, 15360 MiB, 100 %
2026/09/30 02:21:40.901, 10477 MiB, 15360 MiB, 100 %
2026/09/30 02:21:41.904, 10477 MiB, 15360 MiB, 100 %
2026/09/30 02:21:42.907, 10477 MiB, 15360 MiB, 100 %
2026/09/30 02:21:43.915, 10477 MiB, 15360 MiB, 100 %
2026/09/30 02:21:44.918, 10477 MiB, 15360 MiB, 100 %
2026/09/30 02:21:45.921, 10477 MiB, 15360 MiB, 100 %
2026/09/30 02:21:46.926, 10477 MiB, 15360 MiB, 100 %
2026/09/30 02:21:47.928, 10477 MiB, 15360 MiB, 100 %
2026/09/30 02:21:48.931, 10477 MiB, 15360 MiB, 100 %
2026/09/30 02:21:49.933, 10477 MiB, 15360 MiB, 100 %
2026/09/30 02:21:50.936, 10477 MiB, 15360 MiB, 100 %
2026/09/30 02:21:51.937, 10477 MiB, 15360 MiB, 100 %
2026/09/30 02:21:52.940, 10477 MiB, 15360 MiB, 100 %
2026/09/30 02:21:53.944, 10477 MiB, 15360 MiB, 100 %
2026/09/30 02:21:54.947, 10477 MiB, 15360 MiB, 100 %
2026/09/30 02:21:55.950, 10477 MiB, 15360 MiB, 100 %
2026/09/30 02:21:56.953, 10477 MiB, 15360 MiB, 100 %
2026/09/30 02:21:57.956, 10477 MiB, 15360 MiB, 100 %
2026/09/30 02:21:58.959, 10477 MiB, 15360 MiB, 100 %
2026/09/30 02:21:59.963, 10477 MiB, 15360 MiB, 100 %
2026/09/30 02:22:00.967, 10477 MiB, 15360 MiB, 100 %
2026/09/30 02:22:01.969, 10477 MiB, 15360 MiB, 96 %
2026/09/30 02:22:02.971, 10477 MiB, 15360 MiB, 100 %
2026/09/30 02:22:03.975, 10477 MiB, 15360 MiB, 100 %
2026/09/30 02:22:04.978, 10477 MiB, 15360 MiB, 100 %
2026/09/30 02:22:05.984, 10477 MiB, 15360 MiB, 100 %
2026/09/30 02:22:06.986, 10477 MiB, 15360 MiB, 100 %
2026/09/30 02:22:07.988, 10477 MiB, 15360 MiB, 100 %
2026/09/30 02:22:08.992, 10477 MiB, 15360 MiB, 100 %
2026/09/30 02:22:09.995, 10477 MiB, 15360 MiB, 100 %
2026/09/30 02:22:10.998, 10477 MiB, 15360 MiB, 100 %
2026/09/30 02:22:12.004, 10477 MiB, 15360 MiB, 100 %
2026/09/30 02:22:13.007, 10477 MiB, 15360 MiB, 100 %
2026/09/30 02:22:14.011, 10477 MiB, 15360 MiB, 100 %
2026/09/30 02:22:15.015, 10477 MiB, 15360 MiB, 100 %
2026/09/30 02:22:16.018, 10477 MiB, 15360 MiB, 100 %
2026/09/30 02:22:17.020, 10477 MiB, 15360 MiB, 100 %
2026/09/30 02:22:18.023, 10477 MiB, 15360 MiB, 100 %
2026/09/30 02:22:19.026, 10477 MiB, 15360 MiB, 100 %
2026/09/30 02:22:20.028, 10477 MiB, 15360 MiB, 100 %
2026/09/30 02:22:21.030, 10477 MiB, 15360 MiB, 100 %
2026/09/30 02:22:22.032, 10477 MiB, 15360 MiB, 100 %
2026/09/30 02:22:23.034, 10477 MiB, 15360 MiB, 100 %
2026/09/30 02:22:24.037, 10477 MiB, 15360 MiB, 100 %
2026/09/30 02:22:25.041, 10477 MiB, 15360 MiB, 100 %
2026/09/30 02:22:26.050, 10477 MiB, 15360 MiB, 100 %
2026/09/30 02:22:27.058, 10477 MiB, 15360 MiB, 100 %
2026/09/30 02:22:28.062, 10477 MiB, 15360 MiB, 100 %
2026/09/30 02:22:29.066, 10477 MiB, 15360 MiB, 100 %
2026/09/30 02:22:30.069, 10477 MiB, 15360 MiB, 100 %
2026/09/30 02:22:31.071, 10477 MiB, 15360 MiB, 100 %
2026/09/30 02:22:32.073, 10477 MiB, 15360 MiB, 100 %
2026/09/30 02:22:33.076, 10477 MiB, 15360 MiB, 100 %
2026/09/30 02:22:34.078, 10477 MiB, 15360 MiB, 100 %
2026/09/30 02:22:35.080, 10477 MiB, 15360 MiB, 100 %
2026/09/30 02:22:36.082, 10477 MiB, 15360 MiB, 100 %
2026/09/30 02:22:37.086, 10477 MiB, 15360 MiB, 100 %
2026/09/30 02:22:38.088, 10477 MiB, 15360 MiB, 100 %
2026/09/30 02:22:39.091, 10477 MiB, 15360 MiB, 100 %
2026/09/30 02:22:40.097, 10477 MiB, 15360 MiB, 100 %
2026/09/30 02:22:41.103, 10477 MiB, 15360 MiB, 100 %
2026/09/30 02:22:42.110, 10477 MiB, 15360 MiB, 100 %
2026/09/30 02:22:43.112, 10477 MiB, 15360 MiB, 100 %
2026/09/30 02:22:44.115, 10477 MiB, 15360 MiB, 100 %
2026/09/30 02:22:45.117, 10477 MiB, 15360 MiB, 100 %
2026/09/30 02:22:46.120, 10477 MiB, 15360 MiB, 100 %
2026/09/30 02:22:47.123, 10477 MiB, 15360 MiB, 100 %
2026/09/30 02:22:48.125, 10477 MiB, 15360 MiB, 100 %
2026/09/30 02:22:49.130, 10477 MiB, 15360 MiB, 100 %
2026/09/30 02:22:50.131, 10477 MiB, 15360 MiB, 100 %
2026/09/30 02:22:51.135, 10477 MiB, 15360 MiB, 100 %
2026/09/30 02:22:52.138, 10477 MiB, 15360 MiB, 100 %
2026/09/30 02:22:53.143, 10477 MiB, 15360 MiB, 100 %
2026/09/30 02:22:54.146, 10477 MiB, 15360 MiB, 100 %
2026/09/30 02:22:55.151, 10477 MiB, 15360 MiB, 100 %
2026/09/30 02:22:56.157, 10477 MiB, 15360 MiB, 100 %
2026/09/30 02:22:57.161, 10477 MiB, 15360 MiB, 100 %
2026/09/30 02:22:58.163, 10477 MiB, 15360 MiB, 100 %
2026/09/30 02:22:59.165, 10477 MiB, 15360 MiB, 100 %
2026/09/30 02:23:00.167, 10477 MiB, 15360 MiB, 100 %
2026/09/30 02:23:01.170, 10477 MiB, 15360 MiB, 100 %
2026/09/30 02:23:02.173, 10477 MiB, 15360 MiB, 100 %
2026/09/30 02:23:03.175, 10477 MiB, 15360 MiB, 100 %
2026/09/30 02:23:04.177, 10477 MiB, 15360 MiB, 95 %
2026/09/30 02:23:05.179, 10477 MiB, 15360 MiB, 100 %
2026/09/30 02:23:06.181, 10477 MiB, 15360 MiB, 100 %
2026/09/30 02:23:07.184, 10477 MiB, 15360 MiB, 100 %
2026/09/30 02:23:08.188, 10477 MiB, 15360 MiB, 100 %
2026/09/30 02:23:09.195, 10477 MiB, 15360 MiB, 100 %
2026/09/30 02:23:10.200, 10477 MiB, 15360 MiB, 94 %
2026/09/30 02:23:11.207, 10477 MiB, 15360 MiB, 100 %
2026/09/30 02:23:12.209, 10477 MiB, 15360 MiB, 100 %
2026/09/30 02:23:13.211, 10477 MiB, 15360 MiB, 100 %
2026/09/30 02:23:14.214, 10477 MiB, 15360 MiB, 100 %
2026/09/30 02:23:15.216, 10477 MiB, 15360 MiB, 100 %
2026/09/30 02:23:16.218, 10477 MiB, 15360 MiB, 100 %
2026/09/30 02:23:17.224, 10477 MiB, 15360 MiB, 100 %
2026/09/30 02:23:18.227, 10477 MiB, 15360 MiB, 100 %
2026/09/30 02:23:19.229, 10477 MiB, 15360 MiB, 100 %
2026/09/30 02:23:20.233, 10477 MiB, 15360 MiB, 100 %
2026/09/30 02:23:21.235, 10477 MiB, 15360 MiB, 100 %
2026/09/30 02:23:22.238, 10477 MiB, 15360 MiB, 100 %
2026/09/30 02:23:23.242, 10477 MiB, 15360 MiB, 100 %
2026/09/30 02:23:24.245, 10477 MiB, 15360 MiB, 100 %
2026/09/30 02:23:25.252, 10477 MiB, 15360 MiB, 100 %
2026/09/30 02:23:26.254, 10477 MiB, 15360 MiB, 100 %
2026/09/30 02:23:27.256, 10477 MiB, 15360 MiB, 100 %
2026/09/30 02:23:28.259, 10477 MiB, 15360 MiB, 96 %
2026/09/30 02:23:29.262, 10477 MiB, 15360 MiB, 100 %
2026/09/30 02:23:30.265, 10477 MiB, 15360 MiB, 100 %
2026/09/30 02:23:31.269, 10477 MiB, 15360 MiB, 100 %
2026/09/30 02:23:32.271, 10477 MiB, 15360 MiB, 100 %
2026/09/30 02:23:33.273, 10477 MiB, 15360 MiB, 100 %
2026/09/30 02:23:34.276, 10477 MiB, 15360 MiB, 100 %
2026/09/30 02:23:35.281, 10477 MiB, 15360 MiB, 100 %
2026/09/30 02:23:36.284, 10477 MiB, 15360 MiB, 100 %
2026/09/30 02:23:37.285, 10477 MiB, 15360 MiB, 100 %
2026/09/30 02:23:38.292, 10477 MiB, 15360 MiB, 100 %
2026/09/30 02:23:39.298, 10477 MiB, 15360 MiB, 100 %
2026/09/30 02:23:40.301, 10477 MiB, 15360 MiB, 100 %
2026/09/30 02:23:41.303, 10477 MiB, 15360 MiB, 100 %
2026/09/30 02:23:42.305, 10477 MiB, 15360 MiB, 100 %
2026/09/30 02:23:43.308, 10477 MiB, 15360 MiB, 100 %
2026/09/30 02:23:44.310, 10477 MiB, 15360 MiB, 100 %
2026/09/30 02:23:45.313, 10477 MiB, 15360 MiB, 100 %
2026/09/30 02:23:46.321, 10477 MiB, 15360 MiB, 100 %
2026/09/30 02:23:47.324, 10477 MiB, 15360 MiB, 100 %
2026/09/30 02:23:48.327, 10477 MiB, 15360 MiB, 100 %
2026/09/30 02:23:49.332, 10477 MiB, 15360 MiB, 100 %
2026/09/30 02:23:50.340, 10477 MiB, 15360 MiB, 100 %
2026/09/30 02:23:51.349, 10477 MiB, 15360 MiB, 100 %
2026/09/30 02:23:52.355, 10477 MiB, 15360 MiB, 100 %
2026/09/30 02:23:53.360, 10477 MiB, 15360 MiB, 100 %
2026/09/30 02:23:54.362, 10477 MiB, 15360 MiB, 100 %
2026/09/30 02:23:55.365, 10477 MiB, 15360 MiB, 100 %
2026/09/30 02:23:56.367, 10477 MiB, 15360 MiB, 100 %
2026/09/30 02:23:57.371, 10477 MiB, 15360 MiB, 100 %
2026/09/30 02:23:58.374, 10477 MiB, 15360 MiB, 100 %
2026/09/30 02:23:59.377, 10477 MiB, 15360 MiB, 100 %
2026/09/30 02:24:00.380, 10477 MiB, 15360 MiB, 100 %
2026/09/30 02:24:01.384, 10477 MiB, 15360 MiB, 100 %
2026/09/30 02:24:02.387, 10477 MiB, 15360 MiB, 100 %
2026/09/30 02:24:03.391, 10477 MiB, 15360 MiB, 100 %
2026/09/30 02:24:04.396, 10477 MiB, 15360 MiB, 100 %
2026/09/30 02:24:05.399, 10477 MiB, 15360 MiB, 100 %
2026/09/30 02:24:06.403, 10477 MiB, 15360 MiB, 100 %
2026/09/30 02:24:07.406, 10477 MiB, 15360 MiB, 100 %
2026/09/30 02:24:08.410, 10477 MiB, 15360 MiB, 100 %
2026/09/30 02:24:09.413, 10477 MiB, 15360 MiB, 100 %
2026/09/30 02:24:10.415, 10477 MiB, 15360 MiB, 100 %
2026/09/30 02:24:11.418, 10477 MiB, 15360 MiB, 100 %
2026/09/30 02:24:12.421, 10477 MiB, 15360 MiB, 100 %
2026/09/30 02:24:13.423, 10477 MiB, 15360 MiB, 100 %
2026/09/30 02:24:14.427, 10477 MiB, 15360 MiB, 100 %
2026/09/30 02:24:15.432, 10477 MiB, 15360 MiB, 100 %
2026/09/30 02:24:16.434, 10477 MiB, 15360 MiB, 100 %
2026/09/30 02:24:17.438, 10477 MiB, 15360 MiB, 100 %
2026/09/30 02:24:18.442, 10477 MiB, 15360 MiB, 100 %
2026/09/30 02:24:19.448, 10477 MiB, 15360 MiB, 100 %
2026/09/30 02:24:20.452, 10477 MiB, 15360 MiB, 100 %
2026/09/30 02:24:21.455, 10477 MiB, 15360 MiB, 100 %
2026/09/30 02:24:22.457, 10477 MiB, 15360 MiB, 100 %
2026/09/30 02:24:23.459, 10477 MiB, 15360 MiB, 100 %
2026/09/30 02:24:24.461, 10477 MiB, 15360 MiB, 100 %
2026/09/30 02:24:25.463, 10477 MiB, 15360 MiB, 100 %
2026/09/30 02:24:26.465, 10477 MiB, 15360 MiB, 100 %
2026/09/30 02:24:27.468, 10477 MiB, 15360 MiB, 100 %
2026/09/30 02:24:28.471, 10477 MiB, 15360 MiB, 100 %
2026/09/30 02:24:29.474, 10477 MiB, 15360 MiB, 100 %
2026/09/30 02:24:30.477, 10477 MiB, 15360 MiB, 100 %
2026/09/30 02:24:31.481, 10477 MiB, 15360 MiB, 100 %
2026/09/30 02:24:32.488, 10477 MiB, 15360 MiB, 100 %
2026/09/30 02:24:33.495, 10477 MiB, 15360 MiB, 100 %
2026/09/30 02:24:34.498, 10477 MiB, 15360 MiB, 100 %
2026/09/30 02:24:35.500, 10477 MiB, 15360 MiB, 100 %
2026/09/30 02:24:36.502, 10477 MiB, 15360 MiB, 100 %
2026/09/30 02:24:37.506, 10477 MiB, 15360 MiB, 100 %
2026/09/30 02:24:38.509, 10477 MiB, 15360 MiB, 100 %
2026/09/30 02:24:39.511, 10477 MiB, 15360 MiB, 100 %
2026/09/30 02:24:40.513, 10477 MiB, 15360 MiB, 100 %
2026/09/30 02:24:41.516, 10477 MiB, 15360 MiB, 100 %
2026/09/30 02:24:42.522, 10477 MiB, 15360 MiB, 100 %
2026/09/30 02:24:43.525, 10477 MiB, 15360 MiB, 100 %
2026/09/30 02:24:44.528, 10477 MiB, 15360 MiB, 100 %
2026/09/30 02:24:45.537, 10477 MiB, 15360 MiB, 100 %
2026/09/30 02:24:46.545, 10477 MiB, 15360 MiB, 100 %
2026/09/30 02:24:47.552, 10477 MiB, 15360 MiB, 100 %
2026/09/30 02:24:48.556, 10477 MiB, 15360 MiB, 100 %
2026/09/30 02:24:49.559, 10477 MiB, 15360 MiB, 100 %
2026/09/30 02:24:50.561, 10477 MiB, 15360 MiB, 100 %
2026/09/30 02:24:51.565, 10477 MiB, 15360 MiB, 100 %
2026/09/30 02:24:52.567, 10477 MiB, 15360 MiB, 100 %
2026/09/30 02:24:53.569, 10477 MiB, 15360 MiB, 100 %
2026/09/30 02:24:54.571, 10477 MiB, 15360 MiB, 100 %
2026/09/30 02:24:55.574, 10477 MiB, 15360 MiB, 100 %
2026/09/30 02:24:56.577, 10477 MiB, 15360 MiB, 100 %
2026/09/30 02:24:57.579, 10477 MiB, 15360 MiB, 100 %
2026/09/30 02:24:58.582, 10477 MiB, 15360 MiB, 100 %
2026/09/30 02:24:59.586, 10477 MiB, 15360 MiB, 100 %
2026/09/30 02:25:00.589, 10477 MiB, 15360 MiB, 100 %
2026/09/30 02:25:01.592, 10477 MiB, 15360 MiB, 100 %
2026/09/30 02:25:02.595, 10477 MiB, 15360 MiB, 100 %
2026/09/30 02:25:03.597, 10477 MiB, 15360 MiB, 100 %
2026/09/30 02:25:04.599, 10477 MiB, 15360 MiB, 100 %
2026/09/30 02:25:05.601, 10477 MiB, 15360 MiB, 100 %
2026/09/30 02:25:06.605, 10477 MiB, 15360 MiB, 100 %
2026/09/30 02:25:07.608, 10477 MiB, 15360 MiB, 100 %
2026/09/30 02:25:08.610, 10477 MiB, 15360 MiB, 100 %
2026/09/30 02:25:09.613, 10477 MiB, 15360 MiB, 100 %
2026/09/30 02:25:10.615, 10477 MiB, 15360 MiB, 100 %
2026/09/30 02:25:11.617, 10477 MiB, 15360 MiB, 100 %
2026/09/30 02:25:12.622, 10477 MiB, 15360 MiB, 100 %
2026/09/30 02:25:13.627, 10477 MiB, 15360 MiB, 100 %
2026/09/30 02:25:14.634, 10477 MiB, 15360 MiB, 100 %
2026/09/30 02:25:15.637, 10477 MiB, 15360 MiB, 100 %
2026/09/30 02:25:16.640, 10477 MiB, 15360 MiB, 100 %
2026/09/30 02:25:17.644, 10477 MiB, 15360 MiB, 100 %
2026/09/30 02:25:18.646, 10477 MiB, 15360 MiB, 100 %
2026/09/30 02:25:19.648, 10477 MiB, 15360 MiB, 100 %
2026/09/30 02:25:20.650, 10477 MiB, 15360 MiB, 100 %
2026/09/30 02:25:21.653, 10477 MiB, 15360 MiB, 100 %
2026/09/30 02:25:22.655, 10477 MiB, 15360 MiB, 100 %
2026/09/30 02:25:23.657, 10477 MiB, 15360 MiB, 100 %
2026/09/30 02:25:24.659, 10477 MiB, 15360 MiB, 96 %
2026/09/30 02:25:25.662, 10477 MiB, 15360 MiB, 100 %
2026/09/30 02:25:26.665, 10477 MiB, 15360 MiB, 100 %
2026/09/30 02:25:27.671, 10477 MiB, 15360 MiB, 100 %
2026/09/30 02:25:28.680, 10477 MiB, 15360 MiB, 100 %
2026/09/30 02:25:29.684, 10477 MiB, 15360 MiB, 95 %
2026/09/30 02:25:30.692, 10477 MiB, 15360 MiB, 100 %
2026/09/30 02:25:31.694, 10477 MiB, 15360 MiB, 100 %
2026/09/30 02:25:32.697, 10477 MiB, 15360 MiB, 100 %
2026/09/30 02:25:33.702, 10477 MiB, 15360 MiB, 100 %
2026/09/30 02:25:34.710, 10477 MiB, 15360 MiB, 100 %
2026/09/30 02:25:35.713, 10477 MiB, 15360 MiB, 100 %
2026/09/30 02:25:36.717, 10477 MiB, 15360 MiB, 100 %
2026/09/30 02:25:37.719, 10477 MiB, 15360 MiB, 100 %
2026/09/30 02:25:38.721, 10477 MiB, 15360 MiB, 100 %
2026/09/30 02:25:39.724, 10477 MiB, 15360 MiB, 100 %
2026/09/30 02:25:40.727, 10477 MiB, 15360 MiB, 100 %
2026/09/30 02:25:41.734, 10477 MiB, 15360 MiB, 100 %
2026/09/30 02:25:42.744, 10477 MiB, 15360 MiB, 100 %
2026/09/30 02:25:43.752, 10477 MiB, 15360 MiB, 100 %
2026/09/30 02:25:44.758, 10477 MiB, 15360 MiB, 100 %
2026/09/30 02:25:45.760, 10477 MiB, 15360 MiB, 100 %
2026/09/30 02:25:46.763, 10477 MiB, 15360 MiB, 100 %
2026/09/30 02:25:47.765, 10477 MiB, 15360 MiB, 100 %
2026/09/30 02:25:48.767, 10477 MiB, 15360 MiB, 100 %
2026/09/30 02:25:49.769, 10477 MiB, 15360 MiB, 100 %
2026/09/30 02:25:50.771, 10477 MiB, 15360 MiB, 100 %
2026/09/30 02:25:51.773, 10477 MiB, 15360 MiB, 100 %
2026/09/30 02:25:52.775, 10477 MiB, 15360 MiB, 100 %
2026/09/30 02:25:53.777, 10477 MiB, 15360 MiB, 100 %
2026/09/30 02:25:54.780, 10477 MiB, 15360 MiB, 100 %
2026/09/30 02:25:55.786, 10477 MiB, 15360 MiB, 100 %
2026/09/30 02:25:56.789, 10477 MiB, 15360 MiB, 100 %
2026/09/30 02:25:57.792, 10477 MiB, 15360 MiB, 100 %
2026/09/30 02:25:58.794, 10477 MiB, 15360 MiB, 100 %
2026/09/30 02:25:59.796, 10477 MiB, 15360 MiB, 100 %
2026/09/30 02:26:00.799, 10477 MiB, 15360 MiB, 100 %
2026/09/30 02:26:01.801, 10477 MiB, 15360 MiB, 100 %
2026/09/30 02:26:02.803, 10477 MiB, 15360 MiB, 100 %
2026/09/30 02:26:03.805, 10477 MiB, 15360 MiB, 100 %
2026/09/30 02:26:04.807, 10477 MiB, 15360 MiB, 100 %
2026/09/30 02:26:05.810, 10477 MiB, 15360 MiB, 100 %
2026/09/30 02:26:06.812, 10477 MiB, 15360 MiB, 100 %
2026/09/30 02:26:07.814, 10477 MiB, 15360 MiB, 100 %
2026/09/30 02:26:08.817, 10477 MiB, 15360 MiB, 100 %
2026/09/30 02:26:09.825, 10477 MiB, 15360 MiB, 97 %
2026/09/30 02:26:10.833, 10477 MiB, 15360 MiB, 100 %
2026/09/30 02:26:11.839, 10477 MiB, 15360 MiB, 100 %
2026/09/30 02:26:12.842, 10477 MiB, 15360 MiB, 99 %
2026/09/30 02:26:13.844, 10477 MiB, 15360 MiB, 100 %
2026/09/30 02:26:14.847, 10477 MiB, 15360 MiB, 100 %
2026/09/30 02:26:15.849, 10477 MiB, 15360 MiB, 100 %
2026/09/30 02:26:16.852, 10477 MiB, 15360 MiB, 100 %
2026/09/30 02:26:17.855, 10477 MiB, 15360 MiB, 100 %
2026/09/30 02:26:18.857, 10477 MiB, 15360 MiB, 100 %
2026/09/30 02:26:19.860, 10477 MiB, 15360 MiB, 100 %
2026/09/30 02:26:20.862, 10477 MiB, 15360 MiB, 100 %
2026/09/30 02:26:21.864, 10477 MiB, 15360 MiB, 100 %
2026/09/30 02:26:22.868, 10477 MiB, 15360 MiB, 100 %
2026/09/30 02:26:23.871, 10477 MiB, 15360 MiB, 100 %
2026/09/30 02:26:24.877, 10477 MiB, 15360 MiB, 98 %
2026/09/30 02:26:25.880, 10477 MiB, 15360 MiB, 100 %
2026/09/30 02:26:26.884, 10477 MiB, 15360 MiB, 100 %
2026/09/30 02:26:27.886, 10477 MiB, 15360 MiB, 100 %
2026/09/30 02:26:28.889, 10477 MiB, 15360 MiB, 100 %
2026/09/30 02:26:29.892, 10477 MiB, 15360 MiB, 100 %
2026/09/30 02:26:30.894, 10477 MiB, 15360 MiB, 98 %
2026/09/30 02:26:31.899, 10477 MiB, 15360 MiB, 100 %
2026/09/30 02:26:32.901, 10477 MiB, 15360 MiB, 100 %
2026/09/30 02:26:33.903, 10477 MiB, 15360 MiB, 100 %
2026/09/30 02:26:34.905, 10477 MiB, 15360 MiB, 100 %
2026/09/30 02:26:35.908, 10477 MiB, 15360 MiB, 100 %
2026/09/30 02:26:36.913, 10477 MiB, 15360 MiB, 100 %
2026/09/30 02:26:37.917, 10477 MiB, 15360 MiB, 100 %
2026/09/30 02:26:38.919, 10477 MiB, 15360 MiB, 100 %
2026/09/30 02:26:39.923, 10477 MiB, 15360 MiB, 100 %
2026/09/30 02:26:40.925, 10477 MiB, 15360 MiB, 100 %
2026/09/30 02:26:41.927, 10477 MiB, 15360 MiB, 100 %
2026/09/30 02:26:42.929, 10477 MiB, 15360 MiB, 100 %
2026/09/30 02:26:43.931, 10477 MiB, 15360 MiB, 100 %
2026/09/30 02:26:44.934, 10477 MiB, 15360 MiB, 100 %
2026/09/30 02:26:45.936, 10477 MiB, 15360 MiB, 100 %
2026/09/30 02:26:46.938, 10477 MiB, 15360 MiB, 100 %
2026/09/30 02:26:47.940, 10477 MiB, 15360 MiB, 97 %
2026/09/30 02:26:48.942, 10477 MiB, 15360 MiB, 100 %
2026/09/30 02:26:49.945, 10477 MiB, 15360 MiB, 100 %
2026/09/30 02:26:50.950, 10477 MiB, 15360 MiB, 100 %
2026/09/30 02:26:51.956, 10477 MiB, 15360 MiB, 100 %
2026/09/30 02:26:52.963, 10477 MiB, 15360 MiB, 100 %
2026/09/30 02:26:53.966, 10477 MiB, 15360 MiB, 100 %
2026/09/30 02:26:54.968, 10477 MiB, 15360 MiB, 100 %
2026/09/30 02:26:55.971, 10477 MiB, 15360 MiB, 100 %
2026/09/30 02:26:56.973, 10477 MiB, 15360 MiB, 100 %
2026/09/30 02:26:57.975, 10477 MiB, 15360 MiB, 100 %
2026/09/30 02:26:58.977, 10477 MiB, 15360 MiB, 100 %
2026/09/30 02:26:59.980, 10477 MiB, 15360 MiB, 100 %
2026/09/30 02:27:00.985, 10477 MiB, 15360 MiB, 100 %
2026/09/30 02:27:01.989, 10477 MiB, 15360 MiB, 100 %
2026/09/30 02:27:02.992, 10477 MiB, 15360 MiB, 100 %
2026/09/30 02:27:03.996, 10477 MiB, 15360 MiB, 70 %
2026/09/30 02:27:05.002, 10477 MiB, 15360 MiB, 100 %
2026/09/30 02:27:06.005, 10477 MiB, 15360 MiB, 100 %
2026/09/30 02:27:07.007, 10477 MiB, 15360 MiB, 100 %
2026/09/30 02:27:08.013, 10477 MiB, 15360 MiB, 100 %
2026/09/30 02:27:09.015, 10477 MiB, 15360 MiB, 100 %
2026/09/30 02:27:10.017, 10477 MiB, 15360 MiB, 100 %
2026/09/30 02:27:11.020, 10477 MiB, 15360 MiB, 100 %
2026/09/30 02:27:12.023, 10477 MiB, 15360 MiB, 100 %
2026/09/30 02:27:13.024, 10477 MiB, 15360 MiB, 100 %
2026/09/30 02:27:14.027, 10477 MiB, 15360 MiB, 100 %
2026/09/30 02:27:15.029, 10477 MiB, 15360 MiB, 98 %
2026/09/30 02:27:16.031, 10477 MiB, 15360 MiB, 100 %
2026/09/30 02:27:17.033, 10477 MiB, 15360 MiB, 100 %
2026/09/30 02:27:18.036, 10477 MiB, 15360 MiB, 100 %
2026/09/30 02:27:19.042, 10477 MiB, 15360 MiB, 100 %
2026/09/30 02:27:20.046, 10477 MiB, 15360 MiB, 100 %
2026/09/30 02:27:21.052, 10477 MiB, 15360 MiB, 100 %
2026/09/30 02:27:22.055, 10477 MiB, 15360 MiB, 100 %
2026/09/30 02:27:23.057, 10477 MiB, 15360 MiB, 100 %
2026/09/30 02:27:24.060, 10477 MiB, 15360 MiB, 100 %
2026/09/30 02:27:25.063, 10477 MiB, 15360 MiB, 100 %
2026/09/30 02:27:26.065, 10477 MiB, 15360 MiB, 100 %
2026/09/30 02:27:27.068, 10477 MiB, 15360 MiB, 100 %
2026/09/30 02:27:28.070, 10477 MiB, 15360 MiB, 100 %
2026/09/30 02:27:29.073, 10477 MiB, 15360 MiB, 100 %
2026/09/30 02:27:30.074, 10477 MiB, 15360 MiB, 97 %
2026/09/30 02:27:31.077, 10477 MiB, 15360 MiB, 100 %
2026/09/30 02:27:32.081, 10477 MiB, 15360 MiB, 100 %
2026/09/30 02:27:33.086, 10477 MiB, 15360 MiB, 100 %
2026/09/30 02:27:34.092, 10477 MiB, 15360 MiB, 100 %
2026/09/30 02:27:35.097, 10477 MiB, 15360 MiB, 100 %
2026/09/30 02:27:36.099, 10477 MiB, 15360 MiB, 100 %
2026/09/30 02:27:37.101, 10477 MiB, 15360 MiB, 100 %
2026/09/30 02:27:38.104, 10477 MiB, 15360 MiB, 100 %
2026/09/30 02:27:39.106, 10477 MiB, 15360 MiB, 100 %
2026/09/30 02:27:40.108, 10477 MiB, 15360 MiB, 100 %
2026/09/30 02:27:41.111, 10477 MiB, 15360 MiB, 100 %
2026/09/30 02:27:42.113, 10477 MiB, 15360 MiB, 100 %
2026/09/30 02:27:43.116, 10477 MiB, 15360 MiB, 100 %
2026/09/30 02:27:44.118, 10477 MiB, 15360 MiB, 100 %
2026/09/30 02:27:45.120, 10477 MiB, 15360 MiB, 100 %
2026/09/30 02:27:46.124, 10477 MiB, 15360 MiB, 100 %
2026/09/30 02:27:47.129, 10477 MiB, 15360 MiB, 100 %
2026/09/30 02:27:48.135, 10477 MiB, 15360 MiB, 100 %
2026/09/30 02:27:49.138, 10477 MiB, 15360 MiB, 100 %
2026/09/30 02:27:50.140, 10477 MiB, 15360 MiB, 100 %
2026/09/30 02:27:51.143, 10477 MiB, 15360 MiB, 100 %
2026/09/30 02:27:52.145, 10477 MiB, 15360 MiB, 100 %
2026/09/30 02:27:53.147, 10477 MiB, 15360 MiB, 100 %
2026/09/30 02:27:54.149, 10477 MiB, 15360 MiB, 100 %
2026/09/30 02:27:55.152, 10477 MiB, 15360 MiB, 100 %
2026/09/30 02:27:56.154, 10477 MiB, 15360 MiB, 100 %
2026/09/30 02:27:57.156, 10477 MiB, 15360 MiB, 100 %
2026/09/30 02:27:58.160, 10477 MiB, 15360 MiB, 100 %
2026/09/30 02:27:59.162, 10477 MiB, 15360 MiB, 100 %
2026/09/30 02:28:00.165, 10477 MiB, 15360 MiB, 100 %
2026/09/30 02:28:01.170, 10477 MiB, 15360 MiB, 100 %
2026/09/30 02:28:02.178, 10477 MiB, 15360 MiB, 100 %
2026/09/30 02:28:03.183, 10477 MiB, 15360 MiB, 100 %
2026/09/30 02:28:04.188, 10477 MiB, 15360 MiB, 100 %
2026/09/30 02:28:05.190, 10477 MiB, 15360 MiB, 100 %
2026/09/30 02:28:06.192, 10477 MiB, 15360 MiB, 100 %
2026/09/30 02:28:07.195, 10477 MiB, 15360 MiB, 100 %
2026/09/30 02:28:08.198, 10477 MiB, 15360 MiB, 100 %
2026/09/30 02:28:09.200, 10477 MiB, 15360 MiB, 100 %
2026/09/30 02:28:10.202, 10477 MiB, 15360 MiB, 100 %
2026/09/30 02:28:11.204, 10477 MiB, 15360 MiB, 100 %
2026/09/30 02:28:12.212, 10477 MiB, 15360 MiB, 100 %
2026/09/30 02:28:13.215, 10477 MiB, 15360 MiB, 100 %
2026/09/30 02:28:14.219, 10477 MiB, 15360 MiB, 100 %
2026/09/30 02:28:15.222, 10477 MiB, 15360 MiB, 100 %
2026/09/30 02:28:16.226, 10477 MiB, 15360 MiB, 100 %
2026/09/30 02:28:17.233, 10477 MiB, 15360 MiB, 100 %
2026/09/30 02:28:18.236, 10477 MiB, 15360 MiB, 100 %
2026/09/30 02:28:19.238, 10477 MiB, 15360 MiB, 100 %
2026/09/30 02:28:20.241, 10477 MiB, 15360 MiB, 100 %
2026/09/30 02:28:21.243, 10477 MiB, 15360 MiB, 100 %
2026/09/30 02:28:22.245, 10477 MiB, 15360 MiB, 100 %
2026/09/30 02:28:23.247, 10477 MiB, 15360 MiB, 100 %
2026/09/30 02:28:24.249, 10477 MiB, 15360 MiB, 100 %
2026/09/30 02:28:25.252, 10477 MiB, 15360 MiB, 100 %
2026/09/30 02:28:26.255, 10477 MiB, 15360 MiB, 100 %
2026/09/30 02:28:27.257, 10477 MiB, 15360 MiB, 99 %
2026/09/30 02:28:28.260, 10477 MiB, 15360 MiB, 100 %
2026/09/30 02:28:29.265, 10477 MiB, 15360 MiB, 100 %
2026/09/30 02:28:30.269, 10477 MiB, 15360 MiB, 100 %
2026/09/30 02:28:31.274, 10477 MiB, 15360 MiB, 100 %
2026/09/30 02:28:32.276, 10477 MiB, 15360 MiB, 100 %
2026/09/30 02:28:33.279, 10477 MiB, 15360 MiB, 100 %
2026/09/30 02:28:34.281, 10477 MiB, 15360 MiB, 100 %
2026/09/30 02:28:35.284, 10477 MiB, 15360 MiB, 100 %
2026/09/30 02:28:36.289, 10477 MiB, 15360 MiB, 100 %
2026/09/30 02:28:37.295, 10477 MiB, 15360 MiB, 100 %
2026/09/30 02:28:38.297, 10477 MiB, 15360 MiB, 100 %
2026/09/30 02:28:39.300, 10477 MiB, 15360 MiB, 100 %
2026/09/30 02:28:40.303, 10477 MiB, 15360 MiB, 100 %
2026/09/30 02:28:41.304, 10477 MiB, 15360 MiB, 100 %
2026/09/30 02:28:42.308, 10477 MiB, 15360 MiB, 95 %
2026/09/30 02:28:43.311, 10477 MiB, 15360 MiB, 100 %
2026/09/30 02:28:44.319, 10477 MiB, 15360 MiB, 100 %
2026/09/30 02:28:45.328, 10477 MiB, 15360 MiB, 100 %
2026/09/30 02:28:46.331, 10477 MiB, 15360 MiB, 100 %
2026/09/30 02:28:47.333, 10477 MiB, 15360 MiB, 100 %
2026/09/30 02:28:48.336, 10477 MiB, 15360 MiB, 100 %
2026/09/30 02:28:49.338, 10477 MiB, 15360 MiB, 100 %
2026/09/30 02:28:50.341, 10477 MiB, 15360 MiB, 100 %
2026/09/30 02:28:51.343, 10477 MiB, 15360 MiB, 100 %
2026/09/30 02:28:52.348, 10477 MiB, 15360 MiB, 100 %
2026/09/30 02:28:53.351, 10477 MiB, 15360 MiB, 100 %
2026/09/30 02:28:54.353, 10477 MiB, 15360 MiB, 100 %
2026/09/30 02:28:55.356, 10477 MiB, 15360 MiB, 100 %
2026/09/30 02:28:56.362, 10477 MiB, 15360 MiB, 100 %
2026/09/30 02:28:57.366, 10477 MiB, 15360 MiB, 100 %
2026/09/30 02:28:58.372, 10477 MiB, 15360 MiB, 100 %
2026/09/30 02:28:59.374, 10477 MiB, 15360 MiB, 100 %
2026/09/30 02:29:00.378, 10477 MiB, 15360 MiB, 100 %
2026/09/30 02:29:01.380, 10477 MiB, 15360 MiB, 100 %
2026/09/30 02:29:02.382, 10477 MiB, 15360 MiB, 100 %
2026/09/30 02:29:03.384, 10477 MiB, 15360 MiB, 100 %
2026/09/30 02:29:04.386, 10477 MiB, 15360 MiB, 100 %
2026/09/30 02:29:05.389, 10477 MiB, 15360 MiB, 100 %
2026/09/30 02:29:06.391, 10477 MiB, 15360 MiB, 100 %
2026/09/30 02:29:07.394, 10477 MiB, 15360 MiB, 100 %
2026/09/30 02:29:08.397, 10477 MiB, 15360 MiB, 100 %
2026/09/30 02:29:09.400, 10477 MiB, 15360 MiB, 100 %
2026/09/30 02:29:10.406, 10477 MiB, 15360 MiB, 100 %
2026/09/30 02:29:11.422, 10477 MiB, 15360 MiB, 100 %
2026/09/30 02:29:12.425, 10477 MiB, 15360 MiB, 100 %
2026/09/30 02:29:13.432, 10477 MiB, 15360 MiB, 100 %
2026/09/30 02:29:14.435, 10477 MiB, 15360 MiB, 100 %
2026/09/30 02:29:15.437, 10477 MiB, 15360 MiB, 100 %
2026/09/30 02:29:16.439, 10477 MiB, 15360 MiB, 100 %
2026/09/30 02:29:17.442, 10477 MiB, 15360 MiB, 100 %
2026/09/30 02:29:18.444, 10477 MiB, 15360 MiB, 100 %
2026/09/30 02:29:19.446, 10477 MiB, 15360 MiB, 100 %
2026/09/30 02:29:20.448, 10477 MiB, 15360 MiB, 100 %
2026/09/30 02:29:21.450, 10477 MiB, 15360 MiB, 96 %
2026/09/30 02:29:22.453, 10477 MiB, 15360 MiB, 100 %
2026/09/30 02:29:23.456, 10477 MiB, 15360 MiB, 100 %
2026/09/30 02:29:24.459, 10477 MiB, 15360 MiB, 100 %
2026/09/30 02:29:25.463, 10477 MiB, 15360 MiB, 100 %
2026/09/30 02:29:26.469, 10477 MiB, 15360 MiB, 100 %
2026/09/30 02:29:27.473, 10477 MiB, 15360 MiB, 100 %
2026/09/30 02:29:28.475, 10477 MiB, 15360 MiB, 100 %
2026/09/30 02:29:29.479, 10477 MiB, 15360 MiB, 100 %
2026/09/30 02:29:30.482, 10477 MiB, 15360 MiB, 100 %
2026/09/30 02:29:31.484, 10477 MiB, 15360 MiB, 100 %
2026/09/30 02:29:32.486, 10477 MiB, 15360 MiB, 100 %
2026/09/30 02:29:33.488, 10477 MiB, 15360 MiB, 100 %
2026/09/30 02:29:34.490, 10477 MiB, 15360 MiB, 100 %
2026/09/30 02:29:35.492, 10477 MiB, 15360 MiB, 100 %
2026/09/30 02:29:36.494, 10477 MiB, 15360 MiB, 100 %
2026/09/30 02:29:37.498, 10477 MiB, 15360 MiB, 100 %
2026/09/30 02:29:38.505, 10477 MiB, 15360 MiB, 100 %
2026/09/30 02:29:39.512, 10477 MiB, 15360 MiB, 100 %
2026/09/30 02:29:40.520, 10477 MiB, 15360 MiB, 100 %
2026/09/30 02:29:41.522, 10477 MiB, 15360 MiB, 100 %
2026/09/30 02:29:42.524, 10477 MiB, 15360 MiB, 100 %
2026/09/30 02:29:43.527, 10477 MiB, 15360 MiB, 100 %
2026/09/30 02:29:44.531, 10477 MiB, 15360 MiB, 100 %
2026/09/30 02:29:45.534, 10477 MiB, 15360 MiB, 100 %
2026/09/30 02:29:46.536, 10477 MiB, 15360 MiB, 100 %
2026/09/30 02:29:47.540, 10477 MiB, 15360 MiB, 100 %
2026/09/30 02:29:48.542, 10477 MiB, 15360 MiB, 100 %
2026/09/30 02:29:49.544, 10477 MiB, 15360 MiB, 100 %
2026/09/30 02:29:50.546, 10477 MiB, 15360 MiB, 100 %
2026/09/30 02:29:51.549, 10477 MiB, 15360 MiB, 100 %
2026/09/30 02:29:52.556, 10477 MiB, 15360 MiB, 100 %
2026/09/30 02:29:53.564, 10477 MiB, 15360 MiB, 100 %
2026/09/30 02:29:54.569, 10477 MiB, 15360 MiB, 100 %
2026/09/30 02:29:55.575, 10477 MiB, 15360 MiB, 100 %
2026/09/30 02:29:56.578, 10477 MiB, 15360 MiB, 100 %
2026/09/30 02:29:57.582, 10477 MiB, 15360 MiB, 100 %
2026/09/30 02:29:58.584, 10477 MiB, 15360 MiB, 100 %
2026/09/30 02:29:59.586, 10477 MiB, 15360 MiB, 100 %
2026/09/30 02:30:00.590, 10477 MiB, 15360 MiB, 100 %
2026/09/30 02:30:01.592, 10477 MiB, 15360 MiB, 100 %
2026/09/30 02:30:02.595, 10477 MiB, 15360 MiB, 100 %
2026/09/30 02:30:03.599, 10477 MiB, 15360 MiB, 100 %
2026/09/30 02:30:04.604, 10477 MiB, 15360 MiB, 100 %
2026/09/30 02:30:05.607, 10477 MiB, 15360 MiB, 100 %
2026/09/30 02:30:06.610, 10477 MiB, 15360 MiB, 100 %
2026/09/30 02:30:07.613, 10477 MiB, 15360 MiB, 100 %
2026/09/30 02:30:08.618, 10477 MiB, 15360 MiB, 100 %
2026/09/30 02:30:09.623, 10477 MiB, 15360 MiB, 100 %
2026/09/30 02:30:10.626, 10477 MiB, 15360 MiB, 100 %
2026/09/30 02:30:11.629, 10477 MiB, 15360 MiB, 100 %
2026/09/30 02:30:12.632, 10477 MiB, 15360 MiB, 100 %
2026/09/30 02:30:13.636, 10477 MiB, 15360 MiB, 100 %
2026/09/30 02:30:14.638, 10477 MiB, 15360 MiB, 100 %
2026/09/30 02:30:15.640, 10477 MiB, 15360 MiB, 100 %
2026/09/30 02:30:16.642, 10477 MiB, 15360 MiB, 100 %
2026/09/30 02:30:17.644, 10477 MiB, 15360 MiB, 100 %
2026/09/30 02:30:18.646, 10477 MiB, 15360 MiB, 100 %
2026/09/30 02:30:19.650, 10477 MiB, 15360 MiB, 100 %
2026/09/30 02:30:20.652, 10477 MiB, 15360 MiB, 100 %
2026/09/30 02:30:21.656, 10477 MiB, 15360 MiB, 100 %
2026/09/30 02:30:22.663, 10477 MiB, 15360 MiB, 100 %
2026/09/30 02:30:23.668, 10477 MiB, 15360 MiB, 100 %
2026/09/30 02:30:24.670, 10477 MiB, 15360 MiB, 100 %
2026/09/30 02:30:25.672, 10477 MiB, 15360 MiB, 100 %
2026/09/30 02:30:26.674, 10477 MiB, 15360 MiB, 100 %
2026/09/30 02:30:27.677, 10477 MiB, 15360 MiB, 100 %
2026/09/30 02:30:28.680, 10477 MiB, 15360 MiB, 100 %
2026/09/30 02:30:29.682, 10477 MiB, 15360 MiB, 100 %
2026/09/30 02:30:30.684, 10477 MiB, 15360 MiB, 100 %
2026/09/30 02:30:31.686, 10477 MiB, 15360 MiB, 100 %
2026/09/30 02:30:32.688, 10477 MiB, 15360 MiB, 100 %
2026/09/30 02:30:33.693, 10477 MiB, 15360 MiB, 100 %
2026/09/30 02:30:34.701, 10477 MiB, 15360 MiB, 100 %
2026/09/30 02:30:35.705, 10477 MiB, 15360 MiB, 100 %
2026/09/30 02:30:36.708, 10477 MiB, 15360 MiB, 100 %
2026/09/30 02:30:37.711, 10477 MiB, 15360 MiB, 100 %
2026/09/30 02:30:38.713, 10477 MiB, 15360 MiB, 100 %
2026/09/30 02:30:39.715, 10477 MiB, 15360 MiB, 100 %
2026/09/30 02:30:40.718, 10477 MiB, 15360 MiB, 100 %
2026/09/30 02:30:41.722, 10477 MiB, 15360 MiB, 100 %
2026/09/30 02:30:42.724, 10477 MiB, 15360 MiB, 100 %
2026/09/30 02:30:43.726, 10477 MiB, 15360 MiB, 100 %
2026/09/30 02:30:44.728, 10477 MiB, 15360 MiB, 100 %
2026/09/30 02:30:45.730, 10477 MiB, 15360 MiB, 100 %
2026/09/30 02:30:46.732, 10477 MiB, 15360 MiB, 100 %
2026/09/30 02:30:47.737, 10477 MiB, 15360 MiB, 100 %
2026/09/30 02:30:48.741, 10477 MiB, 15360 MiB, 100 %
2026/09/30 02:30:49.745, 10477 MiB, 15360 MiB, 100 %
2026/09/30 02:30:50.748, 10477 MiB, 15360 MiB, 100 %
2026/09/30 02:30:51.750, 10477 MiB, 15360 MiB, 100 %
2026/09/30 02:30:52.753, 10477 MiB, 15360 MiB, 100 %
2026/09/30 02:30:53.755, 10477 MiB, 15360 MiB, 100 %
2026/09/30 02:30:54.758, 10477 MiB, 15360 MiB, 100 %
2026/09/30 02:30:55.761, 10477 MiB, 15360 MiB, 100 %
2026/09/30 02:30:56.764, 10477 MiB, 15360 MiB, 100 %
2026/09/30 02:30:57.767, 10477 MiB, 15360 MiB, 100 %
2026/09/30 02:30:58.769, 10477 MiB, 15360 MiB, 100 %
2026/09/30 02:30:59.772, 10477 MiB, 15360 MiB, 100 %
2026/09/30 02:31:00.775, 10477 MiB, 15360 MiB, 100 %
2026/09/30 02:31:01.778, 10477 MiB, 15360 MiB, 100 %
2026/09/30 02:31:02.787, 10477 MiB, 15360 MiB, 100 %
2026/09/30 02:31:03.795, 10477 MiB, 15360 MiB, 100 %
2026/09/30 02:31:04.801, 10477 MiB, 15360 MiB, 100 %
2026/09/30 02:31:05.805, 10477 MiB, 15360 MiB, 100 %
2026/09/30 02:31:06.807, 10477 MiB, 15360 MiB, 100 %
2026/09/30 02:31:07.809, 10477 MiB, 15360 MiB, 100 %
2026/09/30 02:31:08.813, 10477 MiB, 15360 MiB, 100 %
2026/09/30 02:31:09.815, 10477 MiB, 15360 MiB, 100 %
2026/09/30 02:31:10.818, 10477 MiB, 15360 MiB, 100 %
2026/09/30 02:31:11.822, 10477 MiB, 15360 MiB, 100 %
2026/09/30 02:31:12.824, 10477 MiB, 15360 MiB, 100 %
2026/09/30 02:31:13.829, 10477 MiB, 15360 MiB, 100 %
2026/09/30 02:31:14.832, 10477 MiB, 15360 MiB, 100 %
2026/09/30 02:31:15.835, 10477 MiB, 15360 MiB, 100 %
2026/09/30 02:31:16.843, 10477 MiB, 15360 MiB, 100 %
2026/09/30 02:31:17.850, 10477 MiB, 15360 MiB, 100 %
2026/09/30 02:31:18.857, 10477 MiB, 15360 MiB, 100 %
2026/09/30 02:31:19.860, 10477 MiB, 15360 MiB, 100 %
2026/09/30 02:31:20.862, 10477 MiB, 15360 MiB, 100 %
2026/09/30 02:31:21.864, 10477 MiB, 15360 MiB, 100 %
2026/09/30 02:31:22.866, 10477 MiB, 15360 MiB, 100 %
2026/09/30 02:31:23.868, 10477 MiB, 15360 MiB, 100 %
2026/09/30 02:31:24.870, 10477 MiB, 15360 MiB, 100 %
2026/09/30 02:31:25.872, 10477 MiB, 15360 MiB, 100 %
2026/09/30 02:31:26.875, 10477 MiB, 15360 MiB, 100 %
2026/09/30 02:31:27.877, 10477 MiB, 15360 MiB, 100 %
2026/09/30 02:31:28.879, 10477 MiB, 15360 MiB, 100 %
2026/09/30 02:31:29.882, 10477 MiB, 15360 MiB, 100 %
2026/09/30 02:31:30.889, 10477 MiB, 15360 MiB, 100 %
2026/09/30 02:31:31.897, 10477 MiB, 15360 MiB, 100 %
2026/09/30 02:31:32.904, 10477 MiB, 15360 MiB, 100 %
2026/09/30 02:31:33.908, 10477 MiB, 15360 MiB, 100 %
2026/09/30 02:31:34.911, 10477 MiB, 15360 MiB, 96 %
2026/09/30 02:31:35.913, 10477 MiB, 15360 MiB, 100 %
2026/09/30 02:31:36.917, 10477 MiB, 15360 MiB, 100 %
2026/09/30 02:31:37.920, 10477 MiB, 15360 MiB, 100 %
2026/09/30 02:31:38.927, 10477 MiB, 15360 MiB, 100 %
2026/09/30 02:31:39.930, 10477 MiB, 15360 MiB, 100 %
2026/09/30 02:31:40.933, 10477 MiB, 15360 MiB, 100 %
2026/09/30 02:31:41.935, 10477 MiB, 15360 MiB, 100 %
2026/09/30 02:31:42.938, 10477 MiB, 15360 MiB, 100 %
2026/09/30 02:31:43.941, 10477 MiB, 15360 MiB, 100 %
2026/09/30 02:31:44.944, 10477 MiB, 15360 MiB, 100 %
2026/09/30 02:31:45.948, 10477 MiB, 15360 MiB, 100 %
2026/09/30 02:31:46.951, 10477 MiB, 15360 MiB, 100 %
2026/09/30 02:31:47.954, 10477 MiB, 15360 MiB, 100 %
2026/09/30 02:31:48.957, 10477 MiB, 15360 MiB, 100 %
2026/09/30 02:31:49.960, 10477 MiB, 15360 MiB, 100 %
2026/09/30 02:31:50.962, 10477 MiB, 15360 MiB, 100 %
2026/09/30 02:31:51.965, 10477 MiB, 15360 MiB, 100 %
2026/09/30 02:31:52.967, 10477 MiB, 15360 MiB, 100 %
2026/09/30 02:31:53.970, 10477 MiB, 15360 MiB, 100 %
2026/09/30 02:31:54.974, 10477 MiB, 15360 MiB, 100 %
2026/09/30 02:31:55.977, 10477 MiB, 15360 MiB, 100 %
2026/09/30 02:31:56.980, 10477 MiB, 15360 MiB, 100 %
2026/09/30 02:31:57.988, 10477 MiB, 15360 MiB, 100 %
2026/09/30 02:31:58.996, 10477 MiB, 15360 MiB, 100 %
2026/09/30 02:32:00.000, 10477 MiB, 15360 MiB, 100 %
2026/09/30 02:32:01.004, 10477 MiB, 15360 MiB, 100 %
2026/09/30 02:32:02.007, 10477 MiB, 15360 MiB, 100 %
2026/09/30 02:32:03.012, 10477 MiB, 15360 MiB, 100 %
2026/09/30 02:32:04.015, 10477 MiB, 15360 MiB, 100 %
2026/09/30 02:32:05.020, 10477 MiB, 15360 MiB, 100 %
2026/09/30 02:32:06.022, 10477 MiB, 15360 MiB, 100 %
2026/09/30 02:32:07.025, 10477 MiB, 15360 MiB, 100 %
2026/09/30 02:32:08.027, 10477 MiB, 15360 MiB, 100 %
2026/09/30 02:32:09.030, 10477 MiB, 15360 MiB, 100 %
2026/09/30 02:32:10.032, 10477 MiB, 15360 MiB, 100 %
2026/09/30 02:32:11.037, 10477 MiB, 15360 MiB, 100 %
2026/09/30 02:32:12.043, 10477 MiB, 15360 MiB, 100 %
2026/09/30 02:32:13.052, 10477 MiB, 15360 MiB, 100 %
2026/09/30 02:32:14.060, 10477 MiB, 15360 MiB, 100 %
2026/09/30 02:32:15.066, 10477 MiB, 15360 MiB, 100 %
2026/09/30 02:32:16.068, 10477 MiB, 15360 MiB, 100 %
2026/09/30 02:32:17.070, 10477 MiB, 15360 MiB, 100 %
2026/09/30 02:32:18.072, 10477 MiB, 15360 MiB, 99 %
2026/09/30 02:32:19.074, 10477 MiB, 15360 MiB, 100 %
2026/09/30 02:32:20.076, 10477 MiB, 15360 MiB, 100 %
2026/09/30 02:32:21.079, 10477 MiB, 15360 MiB, 100 %
2026/09/30 02:32:22.081, 10477 MiB, 15360 MiB, 100 %
2026/09/30 02:32:23.083, 10477 MiB, 15360 MiB, 100 %
2026/09/30 02:32:24.085, 10477 MiB, 15360 MiB, 100 %
2026/09/30 02:32:25.088, 10477 MiB, 15360 MiB, 100 %
2026/09/30 02:32:26.093, 10477 MiB, 15360 MiB, 100 %
2026/09/30 02:32:27.098, 10477 MiB, 15360 MiB, 100 %
2026/09/30 02:32:28.103, 10477 MiB, 15360 MiB, 100 %
2026/09/30 02:32:29.108, 10477 MiB, 15360 MiB, 96 %
2026/09/30 02:32:30.111, 10477 MiB, 15360 MiB, 100 %
2026/09/30 02:32:31.114, 10477 MiB, 15360 MiB, 100 %
2026/09/30 02:32:32.116, 10477 MiB, 15360 MiB, 100 %
2026/09/30 02:32:33.119, 10477 MiB, 15360 MiB, 100 %
2026/09/30 02:32:34.124, 10477 MiB, 15360 MiB, 100 %
2026/09/30 02:32:35.126, 10477 MiB, 15360 MiB, 100 %
2026/09/30 02:32:36.128, 10477 MiB, 15360 MiB, 100 %
2026/09/30 02:32:37.130, 10477 MiB, 15360 MiB, 100 %
2026/09/30 02:32:38.133, 10477 MiB, 15360 MiB, 100 %
2026/09/30 02:32:39.136, 10477 MiB, 15360 MiB, 100 %
2026/09/30 02:32:40.143, 10477 MiB, 15360 MiB, 100 %
2026/09/30 02:32:41.149, 10477 MiB, 15360 MiB, 100 %
2026/09/30 02:32:42.157, 10477 MiB, 15360 MiB, 100 %
2026/09/30 02:32:43.160, 10477 MiB, 15360 MiB, 100 %
2026/09/30 02:32:44.162, 10477 MiB, 15360 MiB, 100 %
2026/09/30 02:32:45.165, 10477 MiB, 15360 MiB, 100 %
2026/09/30 02:32:46.168, 10477 MiB, 15360 MiB, 100 %
2026/09/30 02:32:47.170, 10477 MiB, 15360 MiB, 100 %
2026/09/30 02:32:48.172, 10477 MiB, 15360 MiB, 100 %
2026/09/30 02:32:49.175, 10477 MiB, 15360 MiB, 100 %
2026/09/30 02:32:50.177, 10477 MiB, 15360 MiB, 100 %
2026/09/30 02:32:51.180, 10477 MiB, 15360 MiB, 100 %
2026/09/30 02:32:52.183, 10477 MiB, 15360 MiB, 100 %
2026/09/30 02:32:53.187, 10477 MiB, 15360 MiB, 67 %
2026/09/30 02:32:54.194, 10477 MiB, 15360 MiB, 100 %
2026/09/30 02:32:55.200, 10477 MiB, 15360 MiB, 100 %
2026/09/30 02:32:56.208, 10477 MiB, 15360 MiB, 100 %
2026/09/30 02:32:57.214, 10477 MiB, 15360 MiB, 100 %
2026/09/30 02:32:58.216, 10477 MiB, 15360 MiB, 100 %
2026/09/30 02:32:59.219, 10477 MiB, 15360 MiB, 100 %
2026/09/30 02:33:00.221, 10477 MiB, 15360 MiB, 100 %
2026/09/30 02:33:01.223, 10477 MiB, 15360 MiB, 100 %
2026/09/30 02:33:02.225, 10477 MiB, 15360 MiB, 100 %
2026/09/30 02:33:03.227, 10477 MiB, 15360 MiB, 100 %
2026/09/30 02:33:04.231, 10477 MiB, 15360 MiB, 100 %
2026/09/30 02:33:05.234, 10477 MiB, 15360 MiB, 100 %
2026/09/30 02:33:06.238, 10477 MiB, 15360 MiB, 100 %
2026/09/30 02:33:07.241, 10477 MiB, 15360 MiB, 100 %
2026/09/30 02:33:08.246, 10477 MiB, 15360 MiB, 100 %
2026/09/30 02:33:09.251, 10477 MiB, 15360 MiB, 100 %
2026/09/30 02:33:10.261, 10477 MiB, 15360 MiB, 100 %
2026/09/30 02:33:11.267, 10477 MiB, 15360 MiB, 100 %
2026/09/30 02:33:12.269, 10477 MiB, 15360 MiB, 100 %
2026/09/30 02:33:13.273, 10477 MiB, 15360 MiB, 100 %
2026/09/30 02:33:14.276, 10477 MiB, 15360 MiB, 100 %
2026/09/30 02:33:15.278, 10477 MiB, 15360 MiB, 100 %
2026/09/30 02:33:16.280, 10477 MiB, 15360 MiB, 100 %
2026/09/30 02:33:17.282, 10477 MiB, 15360 MiB, 100 %
2026/09/30 02:33:18.285, 10477 MiB, 15360 MiB, 100 %
2026/09/30 02:33:19.287, 10477 MiB, 15360 MiB, 100 %
2026/09/30 02:33:20.291, 10477 MiB, 15360 MiB, 100 %
2026/09/30 02:33:21.294, 10477 MiB, 15360 MiB, 100 %
2026/09/30 02:33:22.297, 10477 MiB, 15360 MiB, 98 %
2026/09/30 02:33:23.303, 10477 MiB, 15360 MiB, 100 %
2026/09/30 02:33:24.310, 10477 MiB, 15360 MiB, 100 %
2026/09/30 02:33:25.315, 10477 MiB, 15360 MiB, 100 %
2026/09/30 02:33:26.317, 10477 MiB, 15360 MiB, 100 %
2026/09/30 02:33:27.319, 10477 MiB, 15360 MiB, 100 %
2026/09/30 02:33:28.323, 10477 MiB, 15360 MiB, 100 %
2026/09/30 02:33:29.325, 10477 MiB, 15360 MiB, 100 %
2026/09/30 02:33:30.328, 10477 MiB, 15360 MiB, 100 %
2026/09/30 02:33:31.330, 10477 MiB, 15360 MiB, 100 %
2026/09/30 02:33:32.332, 10477 MiB, 15360 MiB, 100 %
2026/09/30 02:33:33.334, 10477 MiB, 15360 MiB, 100 %
2026/09/30 02:33:34.336, 10477 MiB, 15360 MiB, 100 %
2026/09/30 02:33:35.339, 10477 MiB, 15360 MiB, 100 %
2026/09/30 02:33:36.346, 10477 MiB, 15360 MiB, 100 %
2026/09/30 02:33:37.357, 10477 MiB, 15360 MiB, 100 %
2026/09/30 02:33:38.362, 10477 MiB, 15360 MiB, 100 %
2026/09/30 02:33:39.368, 10477 MiB, 15360 MiB, 100 %
2026/09/30 02:33:40.370, 10477 MiB, 15360 MiB, 100 %
2026/09/30 02:33:41.373, 10477 MiB, 15360 MiB, 100 %
2026/09/30 02:33:42.376, 10477 MiB, 15360 MiB, 100 %
2026/09/30 02:33:43.378, 10477 MiB, 15360 MiB, 100 %
2026/09/30 02:33:44.381, 10477 MiB, 15360 MiB, 100 %
2026/09/30 02:33:45.385, 10477 MiB, 15360 MiB, 100 %
2026/09/30 02:33:46.387, 10477 MiB, 15360 MiB, 100 %
2026/09/30 02:33:47.394, 10477 MiB, 15360 MiB, 100 %
2026/09/30 02:33:48.398, 10477 MiB, 15360 MiB, 100 %
2026/09/30 02:33:49.402, 10477 MiB, 15360 MiB, 100 %
2026/09/30 02:33:50.405, 10477 MiB, 15360 MiB, 100 %
2026/09/30 02:33:51.409, 10477 MiB, 15360 MiB, 100 %
2026/09/30 02:33:52.412, 10477 MiB, 15360 MiB, 100 %
2026/09/30 02:33:53.418, 10477 MiB, 15360 MiB, 100 %
2026/09/30 02:33:54.421, 10477 MiB, 15360 MiB, 96 %
2026/09/30 02:33:55.424, 10477 MiB, 15360 MiB, 100 %
2026/09/30 02:33:56.426, 10477 MiB, 15360 MiB, 100 %
2026/09/30 02:33:57.429, 10477 MiB, 15360 MiB, 100 %
2026/09/30 02:33:58.431, 10477 MiB, 15360 MiB, 100 %
2026/09/30 02:33:59.433, 10477 MiB, 15360 MiB, 100 %
2026/09/30 02:34:00.436, 10477 MiB, 15360 MiB, 100 %
2026/09/30 02:34:01.438, 10477 MiB, 15360 MiB, 100 %
2026/09/30 02:34:02.440, 10477 MiB, 15360 MiB, 100 %
2026/09/30 02:34:03.444, 10477 MiB, 15360 MiB, 100 %
2026/09/30 02:34:04.447, 10477 MiB, 15360 MiB, 100 %
2026/09/30 02:34:05.454, 10477 MiB, 15360 MiB, 100 %
2026/09/30 02:34:06.459, 10477 MiB, 15360 MiB, 100 %
2026/09/30 02:34:07.465, 10477 MiB, 15360 MiB, 100 %
2026/09/30 02:34:08.469, 10477 MiB, 15360 MiB, 100 %
2026/09/30 02:34:09.475, 10477 MiB, 15360 MiB, 100 %
2026/09/30 02:34:10.478, 10477 MiB, 15360 MiB, 100 %
2026/09/30 02:34:11.481, 10477 MiB, 15360 MiB, 100 %
2026/09/30 02:34:12.483, 10477 MiB, 15360 MiB, 100 %
2026/09/30 02:34:13.486, 10477 MiB, 15360 MiB, 100 %
2026/09/30 02:34:14.488, 10477 MiB, 15360 MiB, 100 %
2026/09/30 02:34:15.491, 10477 MiB, 15360 MiB, 100 %
2026/09/30 02:34:16.493, 10477 MiB, 15360 MiB, 100 %
2026/09/30 02:34:17.496, 10477 MiB, 15360 MiB, 100 %
2026/09/30 02:34:18.503, 10477 MiB, 15360 MiB, 100 %
2026/09/30 02:34:19.511, 10477 MiB, 15360 MiB, 100 %
2026/09/30 02:34:20.518, 10477 MiB, 15360 MiB, 100 %
2026/09/30 02:34:21.523, 10477 MiB, 15360 MiB, 100 %
2026/09/30 02:34:22.525, 10477 MiB, 15360 MiB, 100 %
2026/09/30 02:34:23.528, 10477 MiB, 15360 MiB, 100 %
2026/09/30 02:34:24.530, 10477 MiB, 15360 MiB, 100 %
2026/09/30 02:34:25.533, 10477 MiB, 15360 MiB, 100 %
2026/09/30 02:34:26.535, 10477 MiB, 15360 MiB, 100 %
2026/09/30 02:34:27.537, 10477 MiB, 15360 MiB, 100 %
2026/09/30 02:34:28.539, 10477 MiB, 15360 MiB, 100 %
2026/09/30 02:34:29.542, 10477 MiB, 15360 MiB, 100 %
2026/09/30 02:34:30.544, 10477 MiB, 15360 MiB, 100 %
2026/09/30 02:34:31.547, 10477 MiB, 15360 MiB, 100 %
2026/09/30 02:34:32.551, 10477 MiB, 15360 MiB, 100 %
2026/09/30 02:34:33.554, 10477 MiB, 15360 MiB, 100 %
2026/09/30 02:34:34.557, 10477 MiB, 15360 MiB, 100 %
2026/09/30 02:34:35.561, 10477 MiB, 15360 MiB, 100 %
2026/09/30 02:34:36.563, 10477 MiB, 15360 MiB, 100 %
2026/09/30 02:34:37.566, 10477 MiB, 15360 MiB, 100 %
2026/09/30 02:34:38.568, 10477 MiB, 15360 MiB, 100 %
2026/09/30 02:34:39.571, 10477 MiB, 15360 MiB, 100 %
2026/09/30 02:34:40.573, 10477 MiB, 15360 MiB, 100 %
2026/09/30 02:34:41.577, 10477 MiB, 15360 MiB, 100 %
2026/09/30 02:34:42.578, 10477 MiB, 15360 MiB, 100 %
2026/09/30 02:34:43.581, 10477 MiB, 15360 MiB, 100 %
2026/09/30 02:34:44.583, 10477 MiB, 15360 MiB, 100 %
2026/09/30 02:34:45.586, 10477 MiB, 15360 MiB, 100 %
2026/09/30 02:34:46.590, 10477 MiB, 15360 MiB, 100 %
2026/09/30 02:34:47.593, 10477 MiB, 15360 MiB, 100 %
2026/09/30 02:34:48.600, 10477 MiB, 15360 MiB, 100 %
2026/09/30 02:34:49.604, 10477 MiB, 15360 MiB, 100 %
2026/09/30 02:34:50.607, 10477 MiB, 15360 MiB, 100 %
2026/09/30 02:34:51.610, 10477 MiB, 15360 MiB, 100 %
2026/09/30 02:34:52.612, 10477 MiB, 15360 MiB, 100 %
2026/09/30 02:34:53.614, 10477 MiB, 15360 MiB, 100 %
2026/09/30 02:34:54.617, 10477 MiB, 15360 MiB, 100 %
2026/09/30 02:34:55.619, 10477 MiB, 15360 MiB, 100 %
2026/09/30 02:34:56.621, 10477 MiB, 15360 MiB, 100 %
2026/09/30 02:34:57.623, 10477 MiB, 15360 MiB, 100 %
2026/09/30 02:34:58.625, 10477 MiB, 15360 MiB, 100 %
2026/09/30 02:34:59.629, 10477 MiB, 15360 MiB, 100 %
2026/09/30 02:35:00.632, 10477 MiB, 15360 MiB, 100 %
2026/09/30 02:35:01.639, 10477 MiB, 15360 MiB, 100 %
2026/09/30 02:35:02.645, 10477 MiB, 15360 MiB, 100 %
2026/09/30 02:35:03.648, 10477 MiB, 15360 MiB, 100 %
2026/09/30 02:35:04.650, 10477 MiB, 15360 MiB, 100 %
2026/09/30 02:35:05.653, 10477 MiB, 15360 MiB, 100 %
2026/09/30 02:35:06.655, 10477 MiB, 15360 MiB, 100 %
2026/09/30 02:35:07.658, 10477 MiB, 15360 MiB, 100 %
2026/09/30 02:35:08.660, 10477 MiB, 15360 MiB, 100 %
2026/09/30 02:35:09.662, 10477 MiB, 15360 MiB, 100 %
2026/09/30 02:35:10.664, 10477 MiB, 15360 MiB, 100 %
2026/09/30 02:35:11.666, 10477 MiB, 15360 MiB, 100 %
2026/09/30 02:35:12.668, 10477 MiB, 15360 MiB, 100 %
2026/09/30 02:35:13.672, 10477 MiB, 15360 MiB, 100 %
2026/09/30 02:35:14.675, 10477 MiB, 15360 MiB, 100 %
2026/09/30 02:35:15.679, 10477 MiB, 15360 MiB, 100 %
2026/09/30 02:35:16.685, 10477 MiB, 15360 MiB, 92 %
2026/09/30 02:35:17.687, 10477 MiB, 15360 MiB, 100 %
2026/09/30 02:35:18.691, 10477 MiB, 15360 MiB, 100 %
2026/09/30 02:35:19.693, 10477 MiB, 15360 MiB, 100 %
2026/09/30 02:35:20.695, 10477 MiB, 15360 MiB, 100 %
2026/09/30 02:35:21.698, 10477 MiB, 15360 MiB, 100 %
2026/09/30 02:35:22.700, 10477 MiB, 15360 MiB, 100 %
2026/09/30 02:35:23.703, 10477 MiB, 15360 MiB, 100 %
2026/09/30 02:35:24.705, 10477 MiB, 15360 MiB, 100 %
2026/09/30 02:35:25.707, 10477 MiB, 15360 MiB, 100 %
2026/09/30 02:35:26.710, 10477 MiB, 15360 MiB, 100 %
2026/09/30 02:35:27.716, 10477 MiB, 15360 MiB, 100 %
2026/09/30 02:35:28.724, 10477 MiB, 15360 MiB, 100 %
2026/09/30 02:35:29.729, 10477 MiB, 15360 MiB, 100 %
2026/09/30 02:35:30.736, 10477 MiB, 15360 MiB, 72 %
2026/09/30 02:35:31.738, 10477 MiB, 15360 MiB, 100 %
2026/09/30 02:35:32.740, 10477 MiB, 15360 MiB, 100 %
2026/09/30 02:35:33.742, 10477 MiB, 15360 MiB, 100 %
2026/09/30 02:35:34.744, 10477 MiB, 15360 MiB, 100 %
2026/09/30 02:35:35.746, 10477 MiB, 15360 MiB, 100 %
2026/09/30 02:35:36.749, 10477 MiB, 15360 MiB, 100 %
2026/09/30 02:35:37.751, 10477 MiB, 15360 MiB, 100 %
2026/09/30 02:35:38.753, 10477 MiB, 15360 MiB, 100 %
2026/09/30 02:35:39.756, 10477 MiB, 15360 MiB, 100 %
2026/09/30 02:35:40.759, 10477 MiB, 15360 MiB, 100 %
2026/09/30 02:35:41.765, 10477 MiB, 15360 MiB, 100 %
2026/09/30 02:35:42.772, 10477 MiB, 15360 MiB, 100 %
2026/09/30 02:35:43.775, 10477 MiB, 15360 MiB, 100 %
2026/09/30 02:35:44.780, 10477 MiB, 15360 MiB, 100 %
2026/09/30 02:35:45.782, 10477 MiB, 15360 MiB, 100 %
2026/09/30 02:35:46.784, 10477 MiB, 15360 MiB, 100 %
2026/09/30 02:35:47.787, 10477 MiB, 15360 MiB, 100 %
2026/09/30 02:35:48.789, 10477 MiB, 15360 MiB, 100 %
2026/09/30 02:35:49.792, 10477 MiB, 15360 MiB, 100 %
2026/09/30 02:35:50.794, 10477 MiB, 15360 MiB, 100 %
2026/09/30 02:35:51.796, 10477 MiB, 15360 MiB, 100 %
2026/09/30 02:35:52.798, 10477 MiB, 15360 MiB, 100 %
2026/09/30 02:35:53.802, 10477 MiB, 15360 MiB, 100 %
2026/09/30 02:35:54.807, 10477 MiB, 15360 MiB, 100 %
2026/09/30 02:35:55.814, 10477 MiB, 15360 MiB, 100 %
2026/09/30 02:35:56.819, 10477 MiB, 15360 MiB, 100 %
2026/09/30 02:35:57.824, 10477 MiB, 15360 MiB, 100 %
2026/09/30 02:35:58.832, 10477 MiB, 15360 MiB, 100 %
2026/09/30 02:35:59.834, 10477 MiB, 15360 MiB, 100 %
2026/09/30 02:36:00.836, 10477 MiB, 15360 MiB, 100 %
2026/09/30 02:36:01.840, 10477 MiB, 15360 MiB, 100 %
2026/09/30 02:36:02.842, 10477 MiB, 15360 MiB, 100 %
2026/09/30 02:36:03.844, 10477 MiB, 15360 MiB, 100 %
2026/09/30 02:36:04.847, 10477 MiB, 15360 MiB, 100 %
2026/09/30 02:36:05.849, 10477 MiB, 15360 MiB, 100 %
2026/09/30 02:36:06.851, 10477 MiB, 15360 MiB, 100 %
2026/09/30 02:36:07.853, 10477 MiB, 15360 MiB, 100 %
2026/09/30 02:36:08.857, 10477 MiB, 15360 MiB, 100 %
2026/09/30 02:36:09.860, 10477 MiB, 15360 MiB, 100 %
2026/09/30 02:36:10.864, 10477 MiB, 15360 MiB, 100 %
2026/09/30 02:36:11.868, 10477 MiB, 15360 MiB, 100 %
2026/09/30 02:36:12.870, 10477 MiB, 15360 MiB, 100 %
2026/09/30 02:36:13.874, 10477 MiB, 15360 MiB, 100 %
2026/09/30 02:36:14.877, 10477 MiB, 15360 MiB, 100 %
2026/09/30 02:36:15.880, 10477 MiB, 15360 MiB, 100 %
2026/09/30 02:36:16.883, 10477 MiB, 15360 MiB, 100 %
2026/09/30 02:36:17.885, 10477 MiB, 15360 MiB, 100 %
2026/09/30 02:36:18.889, 10477 MiB, 15360 MiB, 100 %
2026/09/30 02:36:19.895, 10477 MiB, 15360 MiB, 100 %
2026/09/30 02:36:20.897, 10477 MiB, 15360 MiB, 95 %
2026/09/30 02:36:21.899, 10477 MiB, 15360 MiB, 100 %
2026/09/30 02:36:22.903, 10477 MiB, 15360 MiB, 100 %
2026/09/30 02:36:23.907, 10477 MiB, 15360 MiB, 100 %
2026/09/30 02:36:24.913, 10477 MiB, 15360 MiB, 100 %
2026/09/30 02:36:25.920, 10477 MiB, 15360 MiB, 100 %
2026/09/30 02:36:26.922, 10477 MiB, 15360 MiB, 100 %
2026/09/30 02:36:27.925, 10477 MiB, 15360 MiB, 100 %
2026/09/30 02:36:28.927, 10477 MiB, 15360 MiB, 100 %
2026/09/30 02:36:29.930, 10477 MiB, 15360 MiB, 100 %
2026/09/30 02:36:30.932, 10477 MiB, 15360 MiB, 100 %
2026/09/30 02:36:31.934, 10477 MiB, 15360 MiB, 100 %
2026/09/30 02:36:32.936, 10477 MiB, 15360 MiB, 100 %
2026/09/30 02:36:33.938, 10477 MiB, 15360 MiB, 100 %
2026/09/30 02:36:34.942, 10477 MiB, 15360 MiB, 100 %
2026/09/30 02:36:35.944, 10477 MiB, 15360 MiB, 100 %
2026/09/30 02:36:36.947, 10477 MiB, 15360 MiB, 100 %
2026/09/30 02:36:37.954, 10477 MiB, 15360 MiB, 100 %
2026/09/30 02:36:38.961, 10477 MiB, 15360 MiB, 100 %
2026/09/30 02:36:39.966, 10477 MiB, 15360 MiB, 100 %
2026/09/30 02:36:40.970, 10477 MiB, 15360 MiB, 100 %
2026/09/30 02:36:41.974, 10477 MiB, 15360 MiB, 100 %
2026/09/30 02:36:42.976, 10477 MiB, 15360 MiB, 100 %
2026/09/30 02:36:43.979, 10477 MiB, 15360 MiB, 100 %
2026/09/30 02:36:44.981, 10477 MiB, 15360 MiB, 100 %
2026/09/30 02:36:45.984, 10477 MiB, 15360 MiB, 100 %
2026/09/30 02:36:46.987, 10477 MiB, 15360 MiB, 100 %
2026/09/30 02:36:47.990, 10477 MiB, 15360 MiB, 100 %
2026/09/30 02:36:48.993, 10477 MiB, 15360 MiB, 100 %
2026/09/30 02:36:49.997, 10477 MiB, 15360 MiB, 100 %
2026/09/30 02:36:51.001, 10477 MiB, 15360 MiB, 82 %
2026/09/30 02:36:52.004, 10477 MiB, 15360 MiB, 100 %
2026/09/30 02:36:53.007, 10477 MiB, 15360 MiB, 100 %
2026/09/30 02:36:54.013, 10477 MiB, 15360 MiB, 100 %
2026/09/30 02:36:55.020, 10477 MiB, 15360 MiB, 100 %
2026/09/30 02:36:56.022, 10477 MiB, 15360 MiB, 100 %
2026/09/30 02:36:57.025, 10477 MiB, 15360 MiB, 100 %
2026/09/30 02:36:58.027, 10477 MiB, 15360 MiB, 100 %
2026/09/30 02:36:59.030, 10477 MiB, 15360 MiB, 100 %
2026/09/30 02:37:00.033, 10477 MiB, 15360 MiB, 100 %
2026/09/30 02:37:01.035, 10477 MiB, 15360 MiB, 100 %
2026/09/30 02:37:02.037, 10477 MiB, 15360 MiB, 100 %
2026/09/30 02:37:03.039, 10477 MiB, 15360 MiB, 100 %
2026/09/30 02:37:04.041, 10477 MiB, 15360 MiB, 100 %
2026/09/30 02:37:05.047, 10477 MiB, 15360 MiB, 100 %
2026/09/30 02:37:06.053, 10477 MiB, 15360 MiB, 100 %
2026/09/30 02:37:07.067, 10477 MiB, 15360 MiB, 100 %
2026/09/30 02:37:08.070, 10477 MiB, 15360 MiB, 100 %
2026/09/30 02:37:09.071, 10477 MiB, 15360 MiB, 100 %
2026/09/30 02:37:10.074, 10477 MiB, 15360 MiB, 100 %
2026/09/30 02:37:11.076, 10477 MiB, 15360 MiB, 100 %
2026/09/30 02:37:12.078, 10477 MiB, 15360 MiB, 96 %
2026/09/30 02:37:13.081, 10477 MiB, 15360 MiB, 100 %
2026/09/30 02:37:14.083, 10477 MiB, 15360 MiB, 100 %
2026/09/30 02:37:15.085, 10477 MiB, 15360 MiB, 100 %
2026/09/30 02:37:16.087, 10477 MiB, 15360 MiB, 100 %
2026/09/30 02:37:17.090, 10477 MiB, 15360 MiB, 100 %
2026/09/30 02:37:18.093, 10477 MiB, 15360 MiB, 100 %
2026/09/30 02:37:19.097, 10477 MiB, 15360 MiB, 100 %
2026/09/30 02:37:20.103, 10477 MiB, 15360 MiB, 100 %
2026/09/30 02:37:21.112, 10477 MiB, 15360 MiB, 100 %
2026/09/30 02:37:22.118, 10477 MiB, 15360 MiB, 100 %
2026/09/30 02:37:23.120, 10477 MiB, 15360 MiB, 100 %
2026/09/30 02:37:24.122, 10477 MiB, 15360 MiB, 100 %
2026/09/30 02:37:25.125, 10477 MiB, 15360 MiB, 100 %
2026/09/30 02:37:26.127, 10477 MiB, 15360 MiB, 100 %
2026/09/30 02:37:27.130, 10477 MiB, 15360 MiB, 100 %
2026/09/30 02:37:28.133, 10477 MiB, 15360 MiB, 100 %
2026/09/30 02:37:29.135, 10477 MiB, 15360 MiB, 100 %
2026/09/30 02:37:30.137, 10477 MiB, 15360 MiB, 100 %
2026/09/30 02:37:31.139, 10477 MiB, 15360 MiB, 100 %
2026/09/30 02:37:32.143, 10477 MiB, 15360 MiB, 100 %
2026/09/30 02:37:33.146, 10477 MiB, 15360 MiB, 100 %
2026/09/30 02:37:34.153, 10477 MiB, 15360 MiB, 100 %
2026/09/30 02:37:35.160, 10477 MiB, 15360 MiB, 100 %
2026/09/30 02:37:36.163, 10477 MiB, 15360 MiB, 100 %
2026/09/30 02:37:37.166, 10477 MiB, 15360 MiB, 100 %
2026/09/30 02:37:38.168, 10477 MiB, 15360 MiB, 100 %
2026/09/30 02:37:39.171, 10477 MiB, 15360 MiB, 100 %
2026/09/30 02:37:40.173, 10477 MiB, 15360 MiB, 100 %
2026/09/30 02:37:41.175, 10477 MiB, 15360 MiB, 100 %
2026/09/30 02:37:42.177, 10477 MiB, 15360 MiB, 100 %
2026/09/30 02:37:43.180, 10477 MiB, 15360 MiB, 100 %
2026/09/30 02:37:44.184, 10477 MiB, 15360 MiB, 100 %
2026/09/30 02:37:45.187, 10477 MiB, 15360 MiB, 99 %
2026/09/30 02:37:46.191, 10477 MiB, 15360 MiB, 100 %
2026/09/30 02:37:47.198, 10477 MiB, 15360 MiB, 100 %
2026/09/30 02:37:48.202, 10477 MiB, 15360 MiB, 100 %
2026/09/30 02:37:49.206, 10477 MiB, 15360 MiB, 100 %
2026/09/30 02:37:50.209, 10477 MiB, 15360 MiB, 100 %
2026/09/30 02:37:51.213, 10477 MiB, 15360 MiB, 100 %
2026/09/30 02:37:52.216, 10477 MiB, 15360 MiB, 100 %
2026/09/30 02:37:53.220, 10477 MiB, 15360 MiB, 100 %
2026/09/30 02:37:54.223, 10477 MiB, 15360 MiB, 100 %
2026/09/30 02:37:55.228, 10477 MiB, 15360 MiB, 100 %
2026/09/30 02:37:56.230, 10477 MiB, 15360 MiB, 100 %
2026/09/30 02:37:57.233, 10477 MiB, 15360 MiB, 100 %
2026/09/30 02:37:58.235, 10477 MiB, 15360 MiB, 100 %
2026/09/30 02:37:59.237, 10477 MiB, 15360 MiB, 100 %
2026/09/30 02:38:00.243, 10477 MiB, 15360 MiB, 100 %
2026/09/30 02:38:01.246, 10477 MiB, 15360 MiB, 100 %
2026/09/30 02:38:02.249, 10477 MiB, 15360 MiB, 100 %
2026/09/30 02:38:03.255, 10477 MiB, 15360 MiB, 100 %
2026/09/30 02:38:04.260, 10477 MiB, 15360 MiB, 100 %
2026/09/30 02:38:05.263, 10477 MiB, 15360 MiB, 100 %
2026/09/30 02:38:06.266, 10477 MiB, 15360 MiB, 100 %
2026/09/30 02:38:07.268, 10477 MiB, 15360 MiB, 100 %
2026/09/30 02:38:08.271, 10477 MiB, 15360 MiB, 100 %
2026/09/30 02:38:09.273, 10477 MiB, 15360 MiB, 100 %
2026/09/30 02:38:10.275, 10477 MiB, 15360 MiB, 100 %
2026/09/30 02:38:11.277, 10477 MiB, 15360 MiB, 100 %
2026/09/30 02:38:12.279, 10477 MiB, 15360 MiB, 100 %
2026/09/30 02:38:13.284, 10477 MiB, 15360 MiB, 100 %
2026/09/30 02:38:14.288, 10477 MiB, 15360 MiB, 100 %
2026/09/30 02:38:15.293, 10477 MiB, 15360 MiB, 100 %
2026/09/30 02:38:16.301, 10477 MiB, 15360 MiB, 100 %
2026/09/30 02:38:17.304, 10477 MiB, 15360 MiB, 100 %
2026/09/30 02:38:18.310, 10477 MiB, 15360 MiB, 100 %
2026/09/30 02:38:19.312, 10477 MiB, 15360 MiB, 100 %
2026/09/30 02:38:20.316, 10477 MiB, 15360 MiB, 100 %
2026/09/30 02:38:21.318, 10477 MiB, 15360 MiB, 99 %
2026/09/30 02:38:22.320, 10477 MiB, 15360 MiB, 100 %
2026/09/30 02:38:23.323, 10477 MiB, 15360 MiB, 100 %
2026/09/30 02:38:24.330, 10477 MiB, 15360 MiB, 100 %
2026/09/30 02:38:25.332, 10477 MiB, 15360 MiB, 100 %
2026/09/30 02:38:26.334, 10477 MiB, 15360 MiB, 100 %
2026/09/30 02:38:27.337, 10477 MiB, 15360 MiB, 100 %
2026/09/30 02:38:28.340, 10477 MiB, 15360 MiB, 100 %
2026/09/30 02:38:29.347, 10477 MiB, 15360 MiB, 100 %
2026/09/30 02:38:30.351, 10477 MiB, 15360 MiB, 100 %
2026/09/30 02:38:31.354, 10477 MiB, 15360 MiB, 100 %
2026/09/30 02:38:32.357, 10477 MiB, 15360 MiB, 100 %
2026/09/30 02:38:33.359, 10477 MiB, 15360 MiB, 100 %
2026/09/30 02:38:34.361, 10477 MiB, 15360 MiB, 100 %
2026/09/30 02:38:35.363, 10477 MiB, 15360 MiB, 100 %
2026/09/30 02:38:36.366, 10477 MiB, 15360 MiB, 100 %
2026/09/30 02:38:37.368, 10477 MiB, 15360 MiB, 100 %
2026/09/30 02:38:38.370, 10477 MiB, 15360 MiB, 100 %
2026/09/30 02:38:39.373, 10477 MiB, 15360 MiB, 100 %
2026/09/30 02:38:40.376, 10477 MiB, 15360 MiB, 100 %
2026/09/30 02:38:41.378, 10477 MiB, 15360 MiB, 100 %
2026/09/30 02:38:42.381, 10477 MiB, 15360 MiB, 100 %
2026/09/30 02:38:43.389, 10477 MiB, 15360 MiB, 100 %
2026/09/30 02:38:44.397, 10477 MiB, 15360 MiB, 100 %
2026/09/30 02:38:45.404, 10477 MiB, 15360 MiB, 100 %
2026/09/30 02:38:46.409, 10477 MiB, 15360 MiB, 100 %
2026/09/30 02:38:47.411, 10477 MiB, 15360 MiB, 100 %
2026/09/30 02:38:48.414, 10477 MiB, 15360 MiB, 100 %
2026/09/30 02:38:49.417, 10477 MiB, 15360 MiB, 100 %
2026/09/30 02:38:50.420, 10477 MiB, 15360 MiB, 100 %
2026/09/30 02:38:51.422, 10477 MiB, 15360 MiB, 100 %
2026/09/30 02:38:52.426, 10477 MiB, 15360 MiB, 100 %
2026/09/30 02:38:53.428, 10477 MiB, 15360 MiB, 100 %
2026/09/30 02:38:54.431, 10477 MiB, 15360 MiB, 100 %
2026/09/30 02:38:55.436, 10477 MiB, 15360 MiB, 100 %
2026/09/30 02:38:56.440, 10477 MiB, 15360 MiB, 100 %
2026/09/30 02:38:57.448, 10477 MiB, 15360 MiB, 100 %
2026/09/30 02:38:58.451, 10477 MiB, 15360 MiB, 100 %
2026/09/30 02:38:59.454, 10477 MiB, 15360 MiB, 100 %
2026/09/30 02:39:00.456, 10477 MiB, 15360 MiB, 100 %
2026/09/30 02:39:01.458, 10477 MiB, 15360 MiB, 100 %
2026/09/30 02:39:02.461, 10477 MiB, 15360 MiB, 100 %
2026/09/30 02:39:03.463, 10477 MiB, 15360 MiB, 100 %
2026/09/30 02:39:04.465, 10477 MiB, 15360 MiB, 100 %
2026/09/30 02:39:05.467, 10477 MiB, 15360 MiB, 100 %
2026/09/30 02:39:06.469, 10477 MiB, 15360 MiB, 100 %
2026/09/30 02:39:07.472, 10477 MiB, 15360 MiB, 100 %
2026/09/30 02:39:08.480, 10477 MiB, 15360 MiB, 100 %
2026/09/30 02:39:09.487, 10477 MiB, 15360 MiB, 100 %
2026/09/30 02:39:10.494, 10477 MiB, 15360 MiB, 100 %
2026/09/30 02:39:11.501, 10477 MiB, 15360 MiB, 100 %
2026/09/30 02:39:12.511, 10477 MiB, 15360 MiB, 100 %
2026/09/30 02:39:13.520, 10477 MiB, 15360 MiB, 100 %
2026/09/30 02:39:14.524, 10477 MiB, 15360 MiB, 100 %
2026/09/30 02:39:15.527, 10477 MiB, 15360 MiB, 100 %
2026/09/30 02:39:16.531, 10477 MiB, 15360 MiB, 100 %
2026/09/30 02:39:17.533, 10477 MiB, 15360 MiB, 100 %
2026/09/30 02:39:18.535, 10477 MiB, 15360 MiB, 100 %
2026/09/30 02:39:19.544, 10477 MiB, 15360 MiB, 100 %
2026/09/30 02:39:20.546, 10477 MiB, 15360 MiB, 100 %
2026/09/30 02:39:21.548, 10477 MiB, 15360 MiB, 100 %
2026/09/30 02:39:22.550, 10477 MiB, 15360 MiB, 100 %
2026/09/30 02:39:23.554, 10477 MiB, 15360 MiB, 93 %
2026/09/30 02:39:24.562, 10477 MiB, 15360 MiB, 100 %
2026/09/30 02:39:25.569, 10477 MiB, 15360 MiB, 100 %
2026/09/30 02:39:26.575, 10477 MiB, 15360 MiB, 100 %
2026/09/30 02:39:27.580, 10477 MiB, 15360 MiB, 100 %
2026/09/30 02:39:28.583, 10477 MiB, 15360 MiB, 100 %
2026/09/30 02:39:29.586, 10477 MiB, 15360 MiB, 100 %
2026/09/30 02:39:30.589, 10477 MiB, 15360 MiB, 100 %
2026/09/30 02:39:31.591, 10477 MiB, 15360 MiB, 100 %
2026/09/30 02:39:32.594, 10477 MiB, 15360 MiB, 100 %
2026/09/30 02:39:33.597, 10477 MiB, 15360 MiB, 100 %
2026/09/30 02:39:34.600, 10477 MiB, 15360 MiB, 100 %
2026/09/30 02:39:35.603, 10477 MiB, 15360 MiB, 100 %
2026/09/30 02:39:36.606, 10477 MiB, 15360 MiB, 100 %
2026/09/30 02:39:37.610, 10477 MiB, 15360 MiB, 98 %
2026/09/30 02:39:38.617, 10477 MiB, 15360 MiB, 100 %
2026/09/30 02:39:39.620, 10477 MiB, 15360 MiB, 100 %
2026/09/30 02:39:40.623, 10477 MiB, 15360 MiB, 100 %
2026/09/30 02:39:41.630, 10477 MiB, 15360 MiB, 100 %
2026/09/30 02:39:42.635, 10477 MiB, 15360 MiB, 100 %
2026/09/30 02:39:43.640, 10477 MiB, 15360 MiB, 100 %
2026/09/30 02:39:44.643, 10477 MiB, 15360 MiB, 100 %
2026/09/30 02:39:45.645, 10477 MiB, 15360 MiB, 100 %
2026/09/30 02:39:46.647, 10477 MiB, 15360 MiB, 100 %
2026/09/30 02:39:47.650, 10477 MiB, 15360 MiB, 100 %
2026/09/30 02:39:48.652, 10477 MiB, 15360 MiB, 100 %
2026/09/30 02:39:49.654, 10477 MiB, 15360 MiB, 100 %
2026/09/30 02:39:50.657, 10477 MiB, 15360 MiB, 100 %
2026/09/30 02:39:51.660, 10477 MiB, 15360 MiB, 100 %
2026/09/30 02:39:52.663, 10477 MiB, 15360 MiB, 100 %
2026/09/30 02:39:53.667, 10477 MiB, 15360 MiB, 100 %
2026/09/30 02:39:54.670, 10477 MiB, 15360 MiB, 100 %
2026/09/30 02:39:55.674, 10477 MiB, 15360 MiB, 100 %
2026/09/30 02:39:56.677, 10477 MiB, 15360 MiB, 100 %
2026/09/30 02:39:57.679, 10477 MiB, 15360 MiB, 100 %
2026/09/30 02:39:58.681, 10477 MiB, 15360 MiB, 100 %
2026/09/30 02:39:59.683, 10477 MiB, 15360 MiB, 100 %
2026/09/30 02:40:00.686, 10477 MiB, 15360 MiB, 100 %
2026/09/30 02:40:01.689, 10477 MiB, 15360 MiB, 100 %
2026/09/30 02:40:02.691, 10477 MiB, 15360 MiB, 100 %
2026/09/30 02:40:03.693, 10477 MiB, 15360 MiB, 100 %
2026/09/30 02:40:04.695, 10477 MiB, 15360 MiB, 100 %
2026/09/30 02:40:05.699, 10477 MiB, 15360 MiB, 100 %
2026/09/30 02:40:06.702, 10477 MiB, 15360 MiB, 100 %
2026/09/30 02:40:07.704, 10477 MiB, 15360 MiB, 100 %
2026/09/30 02:40:08.711, 10477 MiB, 15360 MiB, 100 %
2026/09/30 02:40:09.713, 10477 MiB, 15360 MiB, 100 %
2026/09/30 02:40:10.716, 10477 MiB, 15360 MiB, 100 %
2026/09/30 02:40:11.718, 10477 MiB, 15360 MiB, 100 %
2026/09/30 02:40:12.720, 10477 MiB, 15360 MiB, 100 %
2026/09/30 02:40:13.722, 10477 MiB, 15360 MiB, 100 %
2026/09/30 02:40:14.726, 10477 MiB, 15360 MiB, 96 %
2026/09/30 02:40:15.729, 10477 MiB, 15360 MiB, 100 %
2026/09/30 02:40:16.731, 10477 MiB, 15360 MiB, 100 %
2026/09/30 02:40:17.733, 10477 MiB, 15360 MiB, 100 %
2026/09/30 02:40:18.736, 10477 MiB, 15360 MiB, 100 %
2026/09/30 02:40:19.741, 10477 MiB, 15360 MiB, 100 %
2026/09/30 02:40:20.746, 10477 MiB, 15360 MiB, 100 %
2026/09/30 02:40:21.754, 10477 MiB, 15360 MiB, 100 %
2026/09/30 02:40:22.761, 10477 MiB, 15360 MiB, 100 %
2026/09/30 02:40:23.767, 10477 MiB, 15360 MiB, 100 %
2026/09/30 02:40:24.770, 10477 MiB, 15360 MiB, 100 %
2026/09/30 02:40:25.772, 10477 MiB, 15360 MiB, 100 %
2026/09/30 02:40:26.775, 10477 MiB, 15360 MiB, 100 %
2026/09/30 02:40:27.777, 10477 MiB, 15360 MiB, 100 %
2026/09/30 02:40:28.781, 10477 MiB, 15360 MiB, 100 %
2026/09/30 02:40:29.783, 10477 MiB, 15360 MiB, 100 %
2026/09/30 02:40:30.785, 10477 MiB, 15360 MiB, 100 %
2026/09/30 02:40:31.788, 10477 MiB, 15360 MiB, 100 %
2026/09/30 02:40:32.791, 10477 MiB, 15360 MiB, 100 %
2026/09/30 02:40:33.794, 10477 MiB, 15360 MiB, 100 %
2026/09/30 02:40:34.803, 10477 MiB, 15360 MiB, 100 %
2026/09/30 02:40:35.810, 10477 MiB, 15360 MiB, 100 %
2026/09/30 02:40:36.815, 10477 MiB, 15360 MiB, 100 %
2026/09/30 02:40:37.818, 10477 MiB, 15360 MiB, 100 %
2026/09/30 02:40:38.821, 10477 MiB, 15360 MiB, 100 %
2026/09/30 02:40:39.824, 10477 MiB, 15360 MiB, 100 %
2026/09/30 02:40:40.827, 10477 MiB, 15360 MiB, 100 %
2026/09/30 02:40:41.830, 10477 MiB, 15360 MiB, 100 %
2026/09/30 02:40:42.834, 10477 MiB, 15360 MiB, 100 %
2026/09/30 02:40:43.836, 10477 MiB, 15360 MiB, 100 %
2026/09/30 02:40:44.839, 10477 MiB, 15360 MiB, 100 %
2026/09/30 02:40:45.842, 10477 MiB, 15360 MiB, 100 %
2026/09/30 02:40:46.846, 10477 MiB, 15360 MiB, 100 %
2026/09/30 02:40:47.852, 10477 MiB, 15360 MiB, 100 %
2026/09/30 02:40:48.863, 10477 MiB, 15360 MiB, 100 %
2026/09/30 02:40:49.867, 10477 MiB, 15360 MiB, 100 %
2026/09/30 02:40:50.869, 10477 MiB, 15360 MiB, 100 %
2026/09/30 02:40:51.871, 10477 MiB, 15360 MiB, 100 %
2026/09/30 02:40:52.874, 10477 MiB, 15360 MiB, 100 %
2026/09/30 02:40:53.876, 10477 MiB, 15360 MiB, 100 %
2026/09/30 02:40:54.880, 10477 MiB, 15360 MiB, 100 %
2026/09/30 02:40:55.882, 10477 MiB, 15360 MiB, 100 %
2026/09/30 02:40:56.885, 10479 MiB, 15360 MiB, 100 %
2026/09/30 02:40:57.889, 10479 MiB, 15360 MiB, 100 %
2026/09/30 02:40:58.891, 10479 MiB, 15360 MiB, 94 %
2026/09/30 02:40:59.894, 10479 MiB, 15360 MiB, 100 %
2026/09/30 02:41:00.897, 10479 MiB, 15360 MiB, 100 %
2026/09/30 02:41:01.902, 10479 MiB, 15360 MiB, 100 %
2026/09/30 02:41:02.910, 10479 MiB, 15360 MiB, 100 %
2026/09/30 02:41:03.914, 10479 MiB, 15360 MiB, 100 %
2026/09/30 02:41:04.917, 10479 MiB, 15360 MiB, 100 %
2026/09/30 02:41:05.919, 10479 MiB, 15360 MiB, 100 %
2026/09/30 02:41:06.922, 10479 MiB, 15360 MiB, 100 %
2026/09/30 02:41:07.924, 10479 MiB, 15360 MiB, 100 %
2026/09/30 02:41:08.928, 10479 MiB, 15360 MiB, 83 %
2026/09/30 02:41:09.930, 10479 MiB, 15360 MiB, 100 %
2026/09/30 02:41:10.933, 10479 MiB, 15360 MiB, 100 %
2026/09/30 02:41:11.935, 10479 MiB, 15360 MiB, 100 %
2026/09/30 02:41:12.937, 10479 MiB, 15360 MiB, 100 %
2026/09/30 02:41:13.941, 10479 MiB, 15360 MiB, 100 %
2026/09/30 02:41:14.943, 10479 MiB, 15360 MiB, 92 %
2026/09/30 02:41:15.946, 10479 MiB, 15360 MiB, 100 %
2026/09/30 02:41:16.950, 10479 MiB, 15360 MiB, 100 %
2026/09/30 02:41:17.953, 10479 MiB, 15360 MiB, 100 %
2026/09/30 02:41:18.955, 10479 MiB, 15360 MiB, 100 %
2026/09/30 02:41:19.958, 10479 MiB, 15360 MiB, 100 %
2026/09/30 02:41:20.960, 10479 MiB, 15360 MiB, 100 %
2026/09/30 02:41:21.964, 10479 MiB, 15360 MiB, 100 %
2026/09/30 02:41:22.967, 10479 MiB, 15360 MiB, 100 %
2026/09/30 02:41:23.969, 10479 MiB, 15360 MiB, 100 %
2026/09/30 02:41:24.971, 10479 MiB, 15360 MiB, 100 %
2026/09/30 02:41:25.973, 10479 MiB, 15360 MiB, 100 %
2026/09/30 02:41:26.976, 10479 MiB, 15360 MiB, 100 %
2026/09/30 02:41:27.978, 10479 MiB, 15360 MiB, 100 %
2026/09/30 02:41:28.982, 10479 MiB, 15360 MiB, 100 %
2026/09/30 02:41:29.986, 10479 MiB, 15360 MiB, 100 %
2026/09/30 02:41:30.992, 10479 MiB, 15360 MiB, 100 %
2026/09/30 02:41:31.999, 10479 MiB, 15360 MiB, 100 %
2026/09/30 02:41:33.005, 10479 MiB, 15360 MiB, 100 %
2026/09/30 02:41:34.008, 10479 MiB, 15360 MiB, 100 %
2026/09/30 02:41:35.010, 10479 MiB, 15360 MiB, 100 %
2026/09/30 02:41:36.013, 10479 MiB, 15360 MiB, 100 %
2026/09/30 02:41:37.016, 10479 MiB, 15360 MiB, 100 %
2026/09/30 02:41:38.019, 10479 MiB, 15360 MiB, 100 %
2026/09/30 02:41:39.021, 10479 MiB, 15360 MiB, 100 %
2026/09/30 02:41:40.023, 10479 MiB, 15360 MiB, 100 %
2026/09/30 02:41:41.026, 10479 MiB, 15360 MiB, 100 %
2026/09/30 02:41:42.028, 10479 MiB, 15360 MiB, 100 %
2026/09/30 02:41:43.032, 10479 MiB, 15360 MiB, 100 %
2026/09/30 02:41:44.038, 10479 MiB, 15360 MiB, 100 %
2026/09/30 02:41:45.043, 10479 MiB, 15360 MiB, 100 %
2026/09/30 02:41:46.048, 10479 MiB, 15360 MiB, 100 %
2026/09/30 02:41:47.055, 10479 MiB, 15360 MiB, 97 %
2026/09/30 02:41:48.058, 10479 MiB, 15360 MiB, 100 %
2026/09/30 02:41:49.060, 10479 MiB, 15360 MiB, 100 %
2026/09/30 02:41:50.063, 10479 MiB, 15360 MiB, 100 %
2026/09/30 02:41:51.065, 10479 MiB, 15360 MiB, 100 %
2026/09/30 02:41:52.067, 10479 MiB, 15360 MiB, 100 %
2026/09/30 02:41:53.071, 10479 MiB, 15360 MiB, 100 %
2026/09/30 02:41:54.073, 10479 MiB, 15360 MiB, 100 %
2026/09/30 02:41:55.078, 10479 MiB, 15360 MiB, 100 %
2026/09/30 02:41:56.082, 10479 MiB, 15360 MiB, 100 %
2026/09/30 02:41:57.086, 10479 MiB, 15360 MiB, 100 %
2026/09/30 02:41:58.093, 10479 MiB, 15360 MiB, 100 %
2026/09/30 02:41:59.099, 10479 MiB, 15360 MiB, 100 %
2026/09/30 02:42:00.104, 10479 MiB, 15360 MiB, 100 %
2026/09/30 02:42:01.108, 10479 MiB, 15360 MiB, 100 %
2026/09/30 02:42:02.110, 10479 MiB, 15360 MiB, 100 %
2026/09/30 02:42:03.113, 10479 MiB, 15360 MiB, 100 %
2026/09/30 02:42:04.115, 10479 MiB, 15360 MiB, 100 %
2026/09/30 02:42:05.118, 10479 MiB, 15360 MiB, 100 %
2026/09/30 02:42:06.120, 10479 MiB, 15360 MiB, 100 %
2026/09/30 02:42:07.122, 10479 MiB, 15360 MiB, 100 %
2026/09/30 02:42:08.125, 10479 MiB, 15360 MiB, 100 %
2026/09/30 02:42:09.127, 10479 MiB, 15360 MiB, 100 %
2026/09/30 02:42:10.131, 10479 MiB, 15360 MiB, 100 %
2026/09/30 02:42:11.137, 10479 MiB, 15360 MiB, 100 %
2026/09/30 02:42:12.141, 10479 MiB, 15360 MiB, 100 %
2026/09/30 02:42:13.148, 10479 MiB, 15360 MiB, 100 %
2026/09/30 02:42:14.152, 10479 MiB, 15360 MiB, 100 %
2026/09/30 02:42:15.154, 10479 MiB, 15360 MiB, 100 %
2026/09/30 02:42:16.157, 10479 MiB, 15360 MiB, 100 %
2026/09/30 02:42:17.159, 10479 MiB, 15360 MiB, 100 %
2026/09/30 02:42:18.161, 10479 MiB, 15360 MiB, 100 %
2026/09/30 02:42:19.164, 10479 MiB, 15360 MiB, 100 %
2026/09/30 02:42:20.166, 10479 MiB, 15360 MiB, 100 %
2026/09/30 02:42:21.169, 10479 MiB, 15360 MiB, 100 %
2026/09/30 02:42:22.171, 10479 MiB, 15360 MiB, 100 %
2026/09/30 02:42:23.173, 10479 MiB, 15360 MiB, 100 %
2026/09/30 02:42:24.177, 10479 MiB, 15360 MiB, 100 %
2026/09/30 02:42:25.180, 10479 MiB, 15360 MiB, 100 %
2026/09/30 02:42:26.192, 10479 MiB, 15360 MiB, 100 %
2026/09/30 02:42:27.197, 10479 MiB, 15360 MiB, 100 %
2026/09/30 02:42:28.204, 10479 MiB, 15360 MiB, 100 %
2026/09/30 02:42:29.207, 10479 MiB, 15360 MiB, 100 %
2026/09/30 02:42:30.209, 10479 MiB, 15360 MiB, 100 %
2026/09/30 02:42:31.212, 10479 MiB, 15360 MiB, 100 %
2026/09/30 02:42:32.214, 10479 MiB, 15360 MiB, 100 %
2026/09/30 02:42:33.218, 10479 MiB, 15360 MiB, 100 %
2026/09/30 02:42:34.220, 10479 MiB, 15360 MiB, 97 %
2026/09/30 02:42:35.222, 10479 MiB, 15360 MiB, 100 %
2026/09/30 02:42:36.224, 10479 MiB, 15360 MiB, 100 %
2026/09/30 02:42:37.228, 10479 MiB, 15360 MiB, 100 %
2026/09/30 02:42:38.232, 10479 MiB, 15360 MiB, 100 %
2026/09/30 02:42:39.237, 10479 MiB, 15360 MiB, 100 %
2026/09/30 02:42:40.241, 10479 MiB, 15360 MiB, 100 %
2026/09/30 02:42:41.249, 10479 MiB, 15360 MiB, 100 %
2026/09/30 02:42:42.254, 10479 MiB, 15360 MiB, 100 %
2026/09/30 02:42:43.257, 10479 MiB, 15360 MiB, 100 %
2026/09/30 02:42:44.259, 10479 MiB, 15360 MiB, 100 %
2026/09/30 02:42:45.262, 10479 MiB, 15360 MiB, 100 %
2026/09/30 02:42:46.264, 10479 MiB, 15360 MiB, 100 %
2026/09/30 02:42:47.266, 10479 MiB, 15360 MiB, 100 %
2026/09/30 02:42:48.269, 10479 MiB, 15360 MiB, 100 %
2026/09/30 02:42:49.272, 10479 MiB, 15360 MiB, 100 %
2026/09/30 02:42:50.276, 10479 MiB, 15360 MiB, 100 %
2026/09/30 02:42:51.278, 10479 MiB, 15360 MiB, 100 %
2026/09/30 02:42:52.281, 10479 MiB, 15360 MiB, 100 %
2026/09/30 02:42:53.285, 10479 MiB, 15360 MiB, 100 %
2026/09/30 02:42:54.289, 10479 MiB, 15360 MiB, 100 %
2026/09/30 02:42:55.292, 10479 MiB, 15360 MiB, 100 %
2026/09/30 02:42:56.298, 10479 MiB, 15360 MiB, 100 %
2026/09/30 02:42:57.300, 10479 MiB, 15360 MiB, 100 %
2026/09/30 02:42:58.303, 10479 MiB, 15360 MiB, 100 %
2026/09/30 02:42:59.305, 10479 MiB, 15360 MiB, 100 %
2026/09/30 02:43:00.307, 10479 MiB, 15360 MiB, 100 %
2026/09/30 02:43:01.309, 10479 MiB, 15360 MiB, 100 %
2026/09/30 02:43:02.311, 10479 MiB, 15360 MiB, 100 %
2026/09/30 02:43:03.315, 10479 MiB, 15360 MiB, 100 %
2026/09/30 02:43:04.317, 10479 MiB, 15360 MiB, 100 %
2026/09/30 02:43:05.320, 10479 MiB, 15360 MiB, 100 %
2026/09/30 02:43:06.324, 10479 MiB, 15360 MiB, 100 %
2026/09/30 02:43:07.327, 10479 MiB, 15360 MiB, 100 %
2026/09/30 02:43:08.330, 10479 MiB, 15360 MiB, 100 %
2026/09/30 02:43:09.337, 10479 MiB, 15360 MiB, 100 %
2026/09/30 02:43:10.344, 10479 MiB, 15360 MiB, 100 %
2026/09/30 02:43:11.346, 10479 MiB, 15360 MiB, 100 %
2026/09/30 02:43:12.348, 10479 MiB, 15360 MiB, 100 %
2026/09/30 02:43:13.350, 10479 MiB, 15360 MiB, 100 %
2026/09/30 02:43:14.353, 10479 MiB, 15360 MiB, 100 %
2026/09/30 02:43:15.356, 10479 MiB, 15360 MiB, 100 %
2026/09/30 02:43:16.360, 10479 MiB, 15360 MiB, 100 %
2026/09/30 02:43:17.363, 10479 MiB, 15360 MiB, 100 %
2026/09/30 02:43:18.366, 10479 MiB, 15360 MiB, 100 %
2026/09/30 02:43:19.369, 10479 MiB, 15360 MiB, 100 %
2026/09/30 02:43:20.373, 10479 MiB, 15360 MiB, 100 %
2026/09/30 02:43:21.377, 10479 MiB, 15360 MiB, 100 %
2026/09/30 02:43:22.382, 10479 MiB, 15360 MiB, 100 %
2026/09/30 02:43:23.393, 10479 MiB, 15360 MiB, 100 %
2026/09/30 02:43:24.395, 10479 MiB, 15360 MiB, 100 %
2026/09/30 02:43:25.399, 10479 MiB, 15360 MiB, 100 %
2026/09/30 02:43:26.401, 10479 MiB, 15360 MiB, 100 %
2026/09/30 02:43:27.403, 10479 MiB, 15360 MiB, 100 %
2026/09/30 02:43:28.406, 10479 MiB, 15360 MiB, 100 %
2026/09/30 02:43:29.409, 10479 MiB, 15360 MiB, 100 %
2026/09/30 02:43:30.411, 10479 MiB, 15360 MiB, 100 %
2026/09/30 02:43:31.413, 10479 MiB, 15360 MiB, 100 %
2026/09/30 02:43:32.415, 10479 MiB, 15360 MiB, 100 %
2026/09/30 02:43:33.419, 10479 MiB, 15360 MiB, 100 %
2026/09/30 02:43:34.422, 10479 MiB, 15360 MiB, 100 %
2026/09/30 02:43:35.426, 10479 MiB, 15360 MiB, 100 %
2026/09/30 02:43:36.430, 10479 MiB, 15360 MiB, 100 %
2026/09/30 02:43:37.436, 10479 MiB, 15360 MiB, 100 %
2026/09/30 02:43:38.439, 10479 MiB, 15360 MiB, 100 %
2026/09/30 02:43:39.441, 10479 MiB, 15360 MiB, 100 %
2026/09/30 02:43:40.444, 10479 MiB, 15360 MiB, 100 %
2026/09/30 02:43:41.448, 10479 MiB, 15360 MiB, 100 %
2026/09/30 02:43:42.454, 10479 MiB, 15360 MiB, 100 %
2026/09/30 02:43:43.458, 10479 MiB, 15360 MiB, 100 %
2026/09/30 02:43:44.460, 10479 MiB, 15360 MiB, 100 %
2026/09/30 02:43:45.462, 10479 MiB, 15360 MiB, 100 %
2026/09/30 02:43:46.464, 10479 MiB, 15360 MiB, 100 %
2026/09/30 02:43:47.468, 10479 MiB, 15360 MiB, 100 %
2026/09/30 02:43:48.474, 10479 MiB, 15360 MiB, 100 %
2026/09/30 02:43:49.478, 10479 MiB, 15360 MiB, 100 %
2026/09/30 02:43:50.485, 10479 MiB, 15360 MiB, 100 %
2026/09/30 02:43:51.490, 10479 MiB, 15360 MiB, 100 %
2026/09/30 02:43:52.493, 10479 MiB, 15360 MiB, 100 %
2026/09/30 02:43:53.496, 10479 MiB, 15360 MiB, 100 %
2026/09/30 02:43:54.498, 10479 MiB, 15360 MiB, 100 %
2026/09/30 02:43:55.502, 10479 MiB, 15360 MiB, 100 %
2026/09/30 02:43:56.504, 10479 MiB, 15360 MiB, 100 %
2026/09/30 02:43:57.506, 10479 MiB, 15360 MiB, 100 %
2026/09/30 02:43:58.509, 10479 MiB, 15360 MiB, 100 %
2026/09/30 02:43:59.512, 10479 MiB, 15360 MiB, 100 %
2026/09/30 02:44:00.514, 10479 MiB, 15360 MiB, 100 %
2026/09/30 02:44:01.518, 10479 MiB, 15360 MiB, 100 %
2026/09/30 02:44:02.523, 10479 MiB, 15360 MiB, 100 %
2026/09/30 02:44:03.534, 10479 MiB, 15360 MiB, 100 %
2026/09/30 02:44:04.538, 10479 MiB, 15360 MiB, 100 %
2026/09/30 02:44:05.545, 10479 MiB, 15360 MiB, 100 %
2026/09/30 02:44:06.548, 10479 MiB, 15360 MiB, 100 %
2026/09/30 02:44:07.550, 10479 MiB, 15360 MiB, 100 %
2026/09/30 02:44:08.553, 10479 MiB, 15360 MiB, 100 %
2026/09/30 02:44:09.555, 10479 MiB, 15360 MiB, 100 %
2026/09/30 02:44:10.558, 10479 MiB, 15360 MiB, 100 %
2026/09/30 02:44:11.562, 10479 MiB, 15360 MiB, 100 %
2026/09/30 02:44:12.565, 10479 MiB, 15360 MiB, 100 %
2026/09/30 02:44:13.567, 10479 MiB, 15360 MiB, 100 %
2026/09/30 02:44:14.569, 10479 MiB, 15360 MiB, 100 %
2026/09/30 02:44:15.573, 10479 MiB, 15360 MiB, 100 %
2026/09/30 02:44:16.582, 10479 MiB, 15360 MiB, 100 %
2026/09/30 02:44:17.585, 10479 MiB, 15360 MiB, 100 %
2026/09/30 02:44:18.588, 10479 MiB, 15360 MiB, 100 %
2026/09/30 02:44:19.594, 10479 MiB, 15360 MiB, 100 %
2026/09/30 02:44:20.596, 10479 MiB, 15360 MiB, 100 %
2026/09/30 02:44:21.599, 10479 MiB, 15360 MiB, 100 %
2026/09/30 02:44:22.602, 10479 MiB, 15360 MiB, 100 %
2026/09/30 02:44:23.605, 10479 MiB, 15360 MiB, 100 %
2026/09/30 02:44:24.607, 10479 MiB, 15360 MiB, 100 %
2026/09/30 02:44:25.610, 10479 MiB, 15360 MiB, 100 %
2026/09/30 02:44:26.618, 10479 MiB, 15360 MiB, 100 %
2026/09/30 02:44:27.621, 10479 MiB, 15360 MiB, 100 %
2026/09/30 02:44:28.623, 10479 MiB, 15360 MiB, 100 %
2026/09/30 02:44:29.627, 10479 MiB, 15360 MiB, 100 %
2026/09/30 02:44:30.630, 10479 MiB, 15360 MiB, 100 %
2026/09/30 02:44:31.633, 10479 MiB, 15360 MiB, 100 %
2026/09/30 02:44:32.637, 10479 MiB, 15360 MiB, 100 %
2026/09/30 02:44:33.643, 10479 MiB, 15360 MiB, 100 %
2026/09/30 02:44:34.646, 10479 MiB, 15360 MiB, 95 %
2026/09/30 02:44:35.648, 10479 MiB, 15360 MiB, 100 %
2026/09/30 02:44:36.650, 10479 MiB, 15360 MiB, 100 %
2026/09/30 02:44:37.653, 10479 MiB, 15360 MiB, 100 %
2026/09/30 02:44:38.655, 10479 MiB, 15360 MiB, 100 %
2026/09/30 02:44:39.658, 10479 MiB, 15360 MiB, 100 %
2026/09/30 02:44:40.660, 10479 MiB, 15360 MiB, 100 %
2026/09/30 02:44:41.662, 10479 MiB, 15360 MiB, 100 %
2026/09/30 02:44:42.664, 10479 MiB, 15360 MiB, 100 %
2026/09/30 02:44:43.668, 10479 MiB, 15360 MiB, 100 %
2026/09/30 02:44:44.674, 10479 MiB, 15360 MiB, 100 %
2026/09/30 02:44:45.677, 10479 MiB, 15360 MiB, 98 %
2026/09/30 02:44:46.681, 10479 MiB, 15360 MiB, 100 %
2026/09/30 02:44:47.688, 10479 MiB, 15360 MiB, 100 %
2026/09/30 02:44:48.691, 10479 MiB, 15360 MiB, 100 %
2026/09/30 02:44:49.693, 10479 MiB, 15360 MiB, 100 %
2026/09/30 02:44:50.695, 10479 MiB, 15360 MiB, 100 %
2026/09/30 02:44:51.699, 10479 MiB, 15360 MiB, 100 %
2026/09/30 02:44:52.703, 10479 MiB, 15360 MiB, 100 %
2026/09/30 02:44:53.707, 10479 MiB, 15360 MiB, 100 %
2026/09/30 02:44:54.709, 10479 MiB, 15360 MiB, 100 %
2026/09/30 02:44:55.711, 10479 MiB, 15360 MiB, 100 %
2026/09/30 02:44:56.713, 10479 MiB, 15360 MiB, 100 %
2026/09/30 02:44:57.718, 10479 MiB, 15360 MiB, 100 %
2026/09/30 02:44:58.722, 10479 MiB, 15360 MiB, 100 %
2026/09/30 02:44:59.733, 10479 MiB, 15360 MiB, 100 %
2026/09/30 02:45:00.736, 10479 MiB, 15360 MiB, 100 %
2026/09/30 02:45:01.739, 10479 MiB, 15360 MiB, 100 %
2026/09/30 02:45:02.741, 10479 MiB, 15360 MiB, 100 %
2026/09/30 02:45:03.743, 10479 MiB, 15360 MiB, 100 %
2026/09/30 02:45:04.746, 10479 MiB, 15360 MiB, 100 %
2026/09/30 02:45:05.748, 10479 MiB, 15360 MiB, 100 %
2026/09/30 02:45:06.750, 10479 MiB, 15360 MiB, 100 %
2026/09/30 02:45:07.752, 10479 MiB, 15360 MiB, 100 %
2026/09/30 02:45:08.756, 10479 MiB, 15360 MiB, 100 %
2026/09/30 02:45:09.758, 10479 MiB, 15360 MiB, 100 %
2026/09/30 02:45:10.762, 10479 MiB, 15360 MiB, 100 %
2026/09/30 02:45:11.765, 10479 MiB, 15360 MiB, 100 %
2026/09/30 02:45:12.776, 10479 MiB, 15360 MiB, 100 %
2026/09/30 02:45:13.783, 10479 MiB, 15360 MiB, 100 %
2026/09/30 02:45:14.789, 10479 MiB, 15360 MiB, 100 %
2026/09/30 02:45:15.791, 10479 MiB, 15360 MiB, 100 %
2026/09/30 02:45:16.794, 10479 MiB, 15360 MiB, 100 %
2026/09/30 02:45:17.801, 10479 MiB, 15360 MiB, 100 %
2026/09/30 02:45:18.808, 10479 MiB, 15360 MiB, 100 %
2026/09/30 02:45:19.812, 10479 MiB, 15360 MiB, 100 %
2026/09/30 02:45:20.815, 10479 MiB, 15360 MiB, 100 %
2026/09/30 02:45:21.819, 10479 MiB, 15360 MiB, 100 %
2026/09/30 02:45:22.822, 10479 MiB, 15360 MiB, 100 %
2026/09/30 02:45:23.825, 10479 MiB, 15360 MiB, 100 %
2026/09/30 02:45:24.828, 10479 MiB, 15360 MiB, 100 %
2026/09/30 02:45:25.833, 10479 MiB, 15360 MiB, 100 %
2026/09/30 02:45:26.843, 10479 MiB, 15360 MiB, 100 %
2026/09/30 02:45:27.850, 10479 MiB, 15360 MiB, 100 %
2026/09/30 02:45:28.854, 10479 MiB, 15360 MiB, 100 %
2026/09/30 02:45:29.857, 10479 MiB, 15360 MiB, 100 %
2026/09/30 02:45:30.859, 10479 MiB, 15360 MiB, 100 %
2026/09/30 02:45:31.861, 10479 MiB, 15360 MiB, 100 %
2026/09/30 02:45:32.863, 10479 MiB, 15360 MiB, 100 %
2026/09/30 02:45:33.865, 10479 MiB, 15360 MiB, 100 %
2026/09/30 02:45:34.869, 10479 MiB, 15360 MiB, 100 %
2026/09/30 02:45:35.871, 10479 MiB, 15360 MiB, 100 %
2026/09/30 02:45:36.873, 10479 MiB, 15360 MiB, 100 %
2026/09/30 02:45:37.875, 10479 MiB, 15360 MiB, 100 %
2026/09/30 02:45:38.878, 10479 MiB, 15360 MiB, 100 %
2026/09/30 02:45:39.884, 10479 MiB, 15360 MiB, 100 %
2026/09/30 02:45:40.892, 10479 MiB, 15360 MiB, 100 %
2026/09/30 02:45:41.899, 10479 MiB, 15360 MiB, 100 %
2026/09/30 02:45:42.904, 10479 MiB, 15360 MiB, 100 %
2026/09/30 02:45:43.907, 10479 MiB, 15360 MiB, 100 %
2026/09/30 02:45:44.911, 10479 MiB, 15360 MiB, 100 %
2026/09/30 02:45:45.913, 10479 MiB, 15360 MiB, 100 %
2026/09/30 02:45:46.916, 10479 MiB, 15360 MiB, 100 %
2026/09/30 02:45:47.919, 10479 MiB, 15360 MiB, 100 %
2026/09/30 02:45:48.922, 10479 MiB, 15360 MiB, 95 %
2026/09/30 02:45:49.924, 10479 MiB, 15360 MiB, 100 %
2026/09/30 02:45:50.927, 10479 MiB, 15360 MiB, 100 %
2026/09/30 02:45:51.929, 10479 MiB, 15360 MiB, 100 %
2026/09/30 02:45:52.933, 10479 MiB, 15360 MiB, 100 %
2026/09/30 02:45:53.937, 10479 MiB, 15360 MiB, 100 %
2026/09/30 02:45:54.943, 10479 MiB, 15360 MiB, 100 %
2026/09/30 02:45:55.948, 10479 MiB, 15360 MiB, 100 %
2026/09/30 02:45:56.951, 10479 MiB, 15360 MiB, 100 %
2026/09/30 02:45:57.953, 10479 MiB, 15360 MiB, 100 %
2026/09/30 02:45:58.955, 10479 MiB, 15360 MiB, 100 %
2026/09/30 02:45:59.957, 10479 MiB, 15360 MiB, 100 %
2026/09/30 02:46:00.961, 10479 MiB, 15360 MiB, 100 %
2026/09/30 02:46:01.963, 10479 MiB, 15360 MiB, 100 %
2026/09/30 02:46:02.966, 10479 MiB, 15360 MiB, 100 %
2026/09/30 02:46:03.969, 10479 MiB, 15360 MiB, 100 %
2026/09/30 02:46:04.971, 10479 MiB, 15360 MiB, 100 %
2026/09/30 02:46:05.973, 10479 MiB, 15360 MiB, 100 %
2026/09/30 02:46:06.976, 10479 MiB, 15360 MiB, 100 %
2026/09/30 02:46:07.984, 10479 MiB, 15360 MiB, 100 %
2026/09/30 02:46:08.989, 10479 MiB, 15360 MiB, 100 %
2026/09/30 02:46:09.997, 10479 MiB, 15360 MiB, 100 %
2026/09/30 02:46:10.999, 10479 MiB, 15360 MiB, 100 %
2026/09/30 02:46:12.002, 10479 MiB, 15360 MiB, 100 %
2026/09/30 02:46:13.004, 10479 MiB, 15360 MiB, 100 %
2026/09/30 02:46:14.006, 10479 MiB, 15360 MiB, 100 %
2026/09/30 02:46:15.008, 10479 MiB, 15360 MiB, 100 %
2026/09/30 02:46:16.010, 10479 MiB, 15360 MiB, 100 %
2026/09/30 02:46:17.015, 10479 MiB, 15360 MiB, 100 %
2026/09/30 02:46:18.017, 10479 MiB, 15360 MiB, 100 %
2026/09/30 02:46:19.019, 10479 MiB, 15360 MiB, 100 %
2026/09/30 02:46:20.021, 10479 MiB, 15360 MiB, 99 %
2026/09/30 02:46:21.026, 10479 MiB, 15360 MiB, 100 %
2026/09/30 02:46:22.029, 10479 MiB, 15360 MiB, 100 %
2026/09/30 02:46:23.033, 10479 MiB, 15360 MiB, 100 %
2026/09/30 02:46:24.036, 10479 MiB, 15360 MiB, 100 %
2026/09/30 02:46:25.043, 10479 MiB, 15360 MiB, 100 %
2026/09/30 02:46:26.045, 10479 MiB, 15360 MiB, 100 %
2026/09/30 02:46:27.047, 10479 MiB, 15360 MiB, 100 %
2026/09/30 02:46:28.050, 10479 MiB, 15360 MiB, 100 %
2026/09/30 02:46:29.053, 10479 MiB, 15360 MiB, 100 %
2026/09/30 02:46:30.055, 10479 MiB, 15360 MiB, 100 %
2026/09/30 02:46:31.058, 10479 MiB, 15360 MiB, 100 %
2026/09/30 02:46:32.060, 10479 MiB, 15360 MiB, 100 %
2026/09/30 02:46:33.063, 10479 MiB, 15360 MiB, 100 %
2026/09/30 02:46:34.065, 10479 MiB, 15360 MiB, 100 %
2026/09/30 02:46:35.068, 10479 MiB, 15360 MiB, 100 %
2026/09/30 02:46:36.075, 10479 MiB, 15360 MiB, 100 %
2026/09/30 02:46:37.080, 10479 MiB, 15360 MiB, 100 %
2026/09/30 02:46:38.085, 10479 MiB, 15360 MiB, 100 %
2026/09/30 02:46:39.092, 10479 MiB, 15360 MiB, 100 %
2026/09/30 02:46:40.095, 10479 MiB, 15360 MiB, 100 %
2026/09/30 02:46:41.098, 10479 MiB, 15360 MiB, 100 %
2026/09/30 02:46:42.101, 10479 MiB, 15360 MiB, 100 %
2026/09/30 02:46:43.105, 10479 MiB, 15360 MiB, 100 %
2026/09/30 02:46:44.108, 10479 MiB, 15360 MiB, 100 %
2026/09/30 02:46:45.110, 10479 MiB, 15360 MiB, 100 %
2026/09/30 02:46:46.112, 10479 MiB, 15360 MiB, 100 %
2026/09/30 02:46:47.115, 10479 MiB, 15360 MiB, 100 %
2026/09/30 02:46:48.117, 10479 MiB, 15360 MiB, 100 %
2026/09/30 02:46:49.121, 10479 MiB, 15360 MiB, 100 %
2026/09/30 02:46:50.124, 10479 MiB, 15360 MiB, 100 %
2026/09/30 02:46:51.128, 10479 MiB, 15360 MiB, 100 %
2026/09/30 02:46:52.132, 10479 MiB, 15360 MiB, 100 %
2026/09/30 02:46:53.134, 10479 MiB, 15360 MiB, 100 %
2026/09/30 02:46:54.138, 10479 MiB, 15360 MiB, 100 %
2026/09/30 02:46:55.141, 10479 MiB, 15360 MiB, 100 %
2026/09/30 02:46:56.144, 10479 MiB, 15360 MiB, 100 %
2026/09/30 02:46:57.148, 10479 MiB, 15360 MiB, 100 %
2026/09/30 02:46:58.150, 10479 MiB, 15360 MiB, 100 %
2026/09/30 02:46:59.152, 10479 MiB, 15360 MiB, 100 %
2026/09/30 02:47:00.154, 10479 MiB, 15360 MiB, 100 %
2026/09/30 02:47:01.158, 10479 MiB, 15360 MiB, 100 %
2026/09/30 02:47:02.160, 10479 MiB, 15360 MiB, 100 %
2026/09/30 02:47:03.164, 10479 MiB, 15360 MiB, 100 %
2026/09/30 02:47:04.170, 10479 MiB, 15360 MiB, 100 %
2026/09/30 02:47:05.176, 10479 MiB, 15360 MiB, 100 %
2026/09/30 02:47:06.179, 10479 MiB, 15360 MiB, 100 %
2026/09/30 02:47:07.183, 10479 MiB, 15360 MiB, 100 %
2026/09/30 02:47:08.187, 10479 MiB, 15360 MiB, 100 %
2026/09/30 02:47:09.193, 10479 MiB, 15360 MiB, 100 %
2026/09/30 02:47:10.196, 10479 MiB, 15360 MiB, 100 %
2026/09/30 02:47:11.200, 10479 MiB, 15360 MiB, 100 %
2026/09/30 02:47:12.202, 10479 MiB, 15360 MiB, 100 %
2026/09/30 02:47:13.205, 10479 MiB, 15360 MiB, 100 %
2026/09/30 02:47:14.207, 10479 MiB, 15360 MiB, 100 %
2026/09/30 02:47:15.210, 10479 MiB, 15360 MiB, 100 %
2026/09/30 02:47:16.212, 10479 MiB, 15360 MiB, 100 %
2026/09/30 02:47:17.216, 10479 MiB, 15360 MiB, 100 %
2026/09/30 02:47:18.222, 10479 MiB, 15360 MiB, 93 %
2026/09/30 02:47:19.225, 10479 MiB, 15360 MiB, 100 %
2026/09/30 02:47:20.228, 10479 MiB, 15360 MiB, 100 %
2026/09/30 02:47:21.233, 10479 MiB, 15360 MiB, 100 %
2026/09/30 02:47:22.235, 10479 MiB, 15360 MiB, 100 %
2026/09/30 02:47:23.238, 10479 MiB, 15360 MiB, 100 %
2026/09/30 02:47:24.240, 10479 MiB, 15360 MiB, 100 %
2026/09/30 02:47:25.243, 10479 MiB, 15360 MiB, 100 %
2026/09/30 02:47:26.246, 10479 MiB, 15360 MiB, 100 %
2026/09/30 02:47:27.254, 10479 MiB, 15360 MiB, 100 %
2026/09/30 02:47:28.258, 10479 MiB, 15360 MiB, 100 %
2026/09/30 02:47:29.260, 10479 MiB, 15360 MiB, 100 %
2026/09/30 02:47:30.262, 10479 MiB, 15360 MiB, 100 %
2026/09/30 02:47:31.265, 10479 MiB, 15360 MiB, 100 %
2026/09/30 02:47:32.274, 10479 MiB, 15360 MiB, 100 %
2026/09/30 02:47:33.282, 10479 MiB, 15360 MiB, 100 %
2026/09/30 02:47:34.286, 10479 MiB, 15360 MiB, 100 %
2026/09/30 02:47:35.292, 10479 MiB, 15360 MiB, 100 %
2026/09/30 02:47:36.294, 10479 MiB, 15360 MiB, 100 %
2026/09/30 02:47:37.297, 10479 MiB, 15360 MiB, 100 %
2026/09/30 02:47:38.299, 10479 MiB, 15360 MiB, 100 %
2026/09/30 02:47:39.302, 10479 MiB, 15360 MiB, 100 %
2026/09/30 02:47:40.305, 10479 MiB, 15360 MiB, 100 %
2026/09/30 02:47:41.307, 10479 MiB, 15360 MiB, 100 %
2026/09/30 02:47:42.310, 10479 MiB, 15360 MiB, 100 %
2026/09/30 02:47:43.312, 10479 MiB, 15360 MiB, 100 %
2026/09/30 02:47:44.315, 10479 MiB, 15360 MiB, 100 %
2026/09/30 02:47:45.318, 10479 MiB, 15360 MiB, 100 %
2026/09/30 02:47:46.326, 10479 MiB, 15360 MiB, 100 %
2026/09/30 02:47:47.334, 10479 MiB, 15360 MiB, 100 %
2026/09/30 02:47:48.338, 10479 MiB, 15360 MiB, 100 %
2026/09/30 02:47:49.342, 10479 MiB, 15360 MiB, 99 %
2026/09/30 02:47:50.346, 10479 MiB, 15360 MiB, 100 %
2026/09/30 02:47:51.353, 10479 MiB, 15360 MiB, 100 %
2026/09/30 02:47:52.355, 10479 MiB, 15360 MiB, 100 %
2026/09/30 02:47:53.357, 10479 MiB, 15360 MiB, 100 %
2026/09/30 02:47:54.361, 10479 MiB, 15360 MiB, 100 %
2026/09/30 02:47:55.363, 10479 MiB, 15360 MiB, 100 %
2026/09/30 02:47:56.366, 10479 MiB, 15360 MiB, 100 %
2026/09/30 02:47:57.368, 10479 MiB, 15360 MiB, 100 %
2026/09/30 02:47:58.370, 10479 MiB, 15360 MiB, 100 %
2026/09/30 02:47:59.374, 10479 MiB, 15360 MiB, 100 %
2026/09/30 02:48:00.378, 10479 MiB, 15360 MiB, 100 %
2026/09/30 02:48:01.387, 10479 MiB, 15360 MiB, 100 %
2026/09/30 02:48:02.391, 10479 MiB, 15360 MiB, 100 %
2026/09/30 02:48:03.398, 10479 MiB, 15360 MiB, 100 %
2026/09/30 02:48:04.400, 10479 MiB, 15360 MiB, 100 %
2026/09/30 02:48:05.402, 10479 MiB, 15360 MiB, 100 %
2026/09/30 02:48:06.406, 10479 MiB, 15360 MiB, 100 %
2026/09/30 02:48:07.408, 10479 MiB, 15360 MiB, 100 %
2026/09/30 02:48:08.410, 10479 MiB, 15360 MiB, 100 %
2026/09/30 02:48:09.412, 10479 MiB, 15360 MiB, 100 %
2026/09/30 02:48:10.415, 10479 MiB, 15360 MiB, 100 %
2026/09/30 02:48:11.417, 10479 MiB, 15360 MiB, 100 %
2026/09/30 02:48:12.419, 10479 MiB, 15360 MiB, 100 %
2026/09/30 02:48:13.424, 10479 MiB, 15360 MiB, 100 %
2026/09/30 02:48:14.427, 10479 MiB, 15360 MiB, 100 %
2026/09/30 02:48:15.432, 10479 MiB, 15360 MiB, 100 %
2026/09/30 02:48:16.441, 10479 MiB, 15360 MiB, 100 %
2026/09/30 02:48:17.444, 10479 MiB, 15360 MiB, 100 %
2026/09/30 02:48:18.446, 10479 MiB, 15360 MiB, 100 %
2026/09/30 02:48:19.449, 10479 MiB, 15360 MiB, 100 %
2026/09/30 02:48:20.451, 10479 MiB, 15360 MiB, 100 %
2026/09/30 02:48:21.453, 10479 MiB, 15360 MiB, 100 %
2026/09/30 02:48:22.456, 10479 MiB, 15360 MiB, 100 %
2026/09/30 02:48:23.459, 10479 MiB, 15360 MiB, 100 %
2026/09/30 02:48:24.461, 10479 MiB, 15360 MiB, 100 %
2026/09/30 02:48:25.465, 10479 MiB, 15360 MiB, 100 %
2026/09/30 02:48:26.468, 10479 MiB, 15360 MiB, 100 %
2026/09/30 02:48:27.471, 10479 MiB, 15360 MiB, 100 %
2026/09/30 02:48:28.475, 10479 MiB, 15360 MiB, 100 %
2026/09/30 02:48:29.482, 10479 MiB, 15360 MiB, 100 %
2026/09/30 02:48:30.486, 10479 MiB, 15360 MiB, 100 %
2026/09/30 02:48:31.488, 10479 MiB, 15360 MiB, 100 %
2026/09/30 02:48:32.490, 10479 MiB, 15360 MiB, 100 %
2026/09/30 02:48:33.493, 10479 MiB, 15360 MiB, 100 %
2026/09/30 02:48:34.496, 10479 MiB, 15360 MiB, 100 %
2026/09/30 02:48:35.498, 10479 MiB, 15360 MiB, 100 %
2026/09/30 02:48:36.501, 10479 MiB, 15360 MiB, 100 %
2026/09/30 02:48:37.503, 10479 MiB, 15360 MiB, 100 %
2026/09/30 02:48:38.505, 10479 MiB, 15360 MiB, 100 %
2026/09/30 02:48:39.508, 10479 MiB, 15360 MiB, 100 %
2026/09/30 02:48:40.511, 10479 MiB, 15360 MiB, 100 %
2026/09/30 02:48:41.518, 10479 MiB, 15360 MiB, 100 %
2026/09/30 02:48:42.522, 10479 MiB, 15360 MiB, 100 %
2026/09/30 02:48:43.525, 10479 MiB, 15360 MiB, 100 %
2026/09/30 02:48:44.533, 10479 MiB, 15360 MiB, 100 %
2026/09/30 02:48:45.537, 10479 MiB, 15360 MiB, 100 %
2026/09/30 02:48:46.539, 10479 MiB, 15360 MiB, 100 %
2026/09/30 02:48:47.541, 10479 MiB, 15360 MiB, 100 %
2026/09/30 02:48:48.543, 10479 MiB, 15360 MiB, 100 %
2026/09/30 02:48:49.545, 10479 MiB, 15360 MiB, 100 %
2026/09/30 02:48:50.547, 10479 MiB, 15360 MiB, 100 %
2026/09/30 02:48:51.550, 10479 MiB, 15360 MiB, 100 %
2026/09/30 02:48:52.552, 10479 MiB, 15360 MiB, 100 %
2026/09/30 02:48:53.554, 10479 MiB, 15360 MiB, 100 %
2026/09/30 02:48:54.558, 10479 MiB, 15360 MiB, 100 %
2026/09/30 02:48:55.564, 10479 MiB, 15360 MiB, 100 %
2026/09/30 02:48:56.573, 10479 MiB, 15360 MiB, 100 %
2026/09/30 02:48:57.580, 10479 MiB, 15360 MiB, 100 %
2026/09/30 02:48:58.584, 10479 MiB, 15360 MiB, 100 %
2026/09/30 02:48:59.587, 10479 MiB, 15360 MiB, 100 %
2026/09/30 02:49:00.590, 10479 MiB, 15360 MiB, 100 %
2026/09/30 02:49:01.592, 10479 MiB, 15360 MiB, 100 %
2026/09/30 02:49:02.594, 10479 MiB, 15360 MiB, 100 %
2026/09/30 02:49:03.597, 10479 MiB, 15360 MiB, 100 %
2026/09/30 02:49:04.599, 10479 MiB, 15360 MiB, 100 %
2026/09/30 02:49:05.601, 10479 MiB, 15360 MiB, 98 %
2026/09/30 02:49:06.603, 10479 MiB, 15360 MiB, 100 %
2026/09/30 02:49:07.607, 10479 MiB, 15360 MiB, 100 %
2026/09/30 02:49:08.614, 10479 MiB, 15360 MiB, 100 %
2026/09/30 02:49:09.618, 10479 MiB, 15360 MiB, 100 %
2026/09/30 02:49:10.622, 10479 MiB, 15360 MiB, 100 %
2026/09/30 02:49:11.629, 10479 MiB, 15360 MiB, 100 %
2026/09/30 02:49:12.632, 10479 MiB, 15360 MiB, 100 %
2026/09/30 02:49:13.634, 10479 MiB, 15360 MiB, 100 %
2026/09/30 02:49:14.636, 10479 MiB, 15360 MiB, 100 %
2026/09/30 02:49:15.638, 10479 MiB, 15360 MiB, 100 %
2026/09/30 02:49:16.641, 10479 MiB, 15360 MiB, 100 %
2026/09/30 02:49:17.643, 10479 MiB, 15360 MiB, 100 %
2026/09/30 02:49:18.647, 10479 MiB, 15360 MiB, 100 %
2026/09/30 02:49:19.652, 10479 MiB, 15360 MiB, 100 %
2026/09/30 02:49:20.654, 10479 MiB, 15360 MiB, 100 %
2026/09/30 02:49:21.656, 10479 MiB, 15360 MiB, 96 %
2026/09/30 02:49:22.660, 10479 MiB, 15360 MiB, 100 %
2026/09/30 02:49:23.667, 10479 MiB, 15360 MiB, 100 %
2026/09/30 02:49:24.671, 12813 MiB, 15360 MiB, 100 %
2026/09/30 02:49:25.674, 12813 MiB, 15360 MiB, 100 %
2026/09/30 02:49:26.679, 12813 MiB, 15360 MiB, 100 %
2026/09/30 02:49:27.681, 12813 MiB, 15360 MiB, 100 %
2026/09/30 02:49:28.684, 12813 MiB, 15360 MiB, 100 %
2026/09/30 02:49:29.688, 12813 MiB, 15360 MiB, 100 %
2026/09/30 02:49:30.691, 12813 MiB, 15360 MiB, 100 %
2026/09/30 02:49:31.696, 12813 MiB, 15360 MiB, 100 %
2026/09/30 02:49:32.700, 12813 MiB, 15360 MiB, 100 %
2026/09/30 02:49:33.707, 12813 MiB, 15360 MiB, 100 %
2026/09/30 02:49:34.712, 12813 MiB, 15360 MiB, 100 %
2026/09/30 02:49:35.714, 12813 MiB, 15360 MiB, 100 %
2026/09/30 02:49:36.717, 10475 MiB, 15360 MiB, 100 %
2026/09/30 02:49:37.721, 10475 MiB, 15360 MiB, 100 %
2026/09/30 02:49:38.724, 10475 MiB, 15360 MiB, 100 %
2026/09/30 02:49:39.727, 10475 MiB, 15360 MiB, 100 %
2026/09/30 02:49:40.733, 10475 MiB, 15360 MiB, 100 %
2026/09/30 02:49:41.735, 10475 MiB, 15360 MiB, 100 %
2026/09/30 02:49:42.738, 10475 MiB, 15360 MiB, 100 %
2026/09/30 02:49:43.741, 10475 MiB, 15360 MiB, 100 %
2026/09/30 02:49:44.744, 10475 MiB, 15360 MiB, 100 %
2026/09/30 02:49:45.747, 10475 MiB, 15360 MiB, 100 %
2026/09/30 02:49:46.749, 10475 MiB, 15360 MiB, 100 %
2026/09/30 02:49:47.751, 10475 MiB, 15360 MiB, 100 %
2026/09/30 02:49:48.754, 10475 MiB, 15360 MiB, 100 %
2026/09/30 02:49:49.756, 10477 MiB, 15360 MiB, 100 %
2026/09/30 02:49:50.760, 10477 MiB, 15360 MiB, 100 %
2026/09/30 02:49:51.763, 10479 MiB, 15360 MiB, 100 %
2026/09/30 02:49:52.766, 10479 MiB, 15360 MiB, 100 %
2026/09/30 02:49:53.772, 10479 MiB, 15360 MiB, 100 %
2026/09/30 02:49:54.778, 10479 MiB, 15360 MiB, 100 %
2026/09/30 02:49:55.781, 10479 MiB, 15360 MiB, 100 %
2026/09/30 02:49:56.783, 10479 MiB, 15360 MiB, 100 %
2026/09/30 02:49:57.785, 10479 MiB, 15360 MiB, 100 %
2026/09/30 02:49:58.788, 10479 MiB, 15360 MiB, 100 %
2026/09/30 02:49:59.793, 10479 MiB, 15360 MiB, 100 %
2026/09/30 02:50:00.796, 10479 MiB, 15360 MiB, 100 %
2026/09/30 02:50:01.800, 10479 MiB, 15360 MiB, 100 %
2026/09/30 02:50:02.802, 10479 MiB, 15360 MiB, 100 %
2026/09/30 02:50:03.804, 10479 MiB, 15360 MiB, 100 %
2026/09/30 02:50:04.807, 10479 MiB, 15360 MiB, 100 %
2026/09/30 02:50:05.810, 10479 MiB, 15360 MiB, 100 %
2026/09/30 02:50:06.813, 10479 MiB, 15360 MiB, 100 %
2026/09/30 02:50:07.816, 10479 MiB, 15360 MiB, 100 %
2026/09/30 02:50:08.819, 10479 MiB, 15360 MiB, 100 %
2026/09/30 02:50:09.822, 10479 MiB, 15360 MiB, 100 %
2026/09/30 02:50:10.824, 10479 MiB, 15360 MiB, 100 %
2026/09/30 02:50:11.826, 10479 MiB, 15360 MiB, 100 %
2026/09/30 02:50:12.828, 10479 MiB, 15360 MiB, 100 %
2026/09/30 02:50:13.830, 10479 MiB, 15360 MiB, 100 %
2026/09/30 02:50:14.834, 10479 MiB, 15360 MiB, 100 %
2026/09/30 02:50:15.836, 10481 MiB, 15360 MiB, 83 %
2026/09/30 02:50:16.841, 10481 MiB, 15360 MiB, 100 %
2026/09/30 02:50:17.845, 10481 MiB, 15360 MiB, 100 %
2026/09/30 02:50:18.850, 10481 MiB, 15360 MiB, 100 %
2026/09/30 02:50:19.855, 10481 MiB, 15360 MiB, 100 %
2026/09/30 02:50:20.862, 10481 MiB, 15360 MiB, 100 %
2026/09/30 02:50:21.864, 10481 MiB, 15360 MiB, 100 %
2026/09/30 02:50:22.867, 10481 MiB, 15360 MiB, 100 %
2026/09/30 02:50:23.871, 10481 MiB, 15360 MiB, 100 %
2026/09/30 02:50:24.876, 10481 MiB, 15360 MiB, 100 %
2026/09/30 02:50:25.883, 10481 MiB, 15360 MiB, 100 %
2026/09/30 02:50:26.885, 10481 MiB, 15360 MiB, 100 %
2026/09/30 02:50:27.892, 10481 MiB, 15360 MiB, 100 %
2026/09/30 02:50:28.897, 10481 MiB, 15360 MiB, 100 %
2026/09/30 02:50:29.899, 10481 MiB, 15360 MiB, 100 %
2026/09/30 02:50:30.902, 10481 MiB, 15360 MiB, 100 %
2026/09/30 02:50:31.905, 10481 MiB, 15360 MiB, 100 %
2026/09/30 02:50:32.913, 10481 MiB, 15360 MiB, 100 %
2026/09/30 02:50:33.922, 10481 MiB, 15360 MiB, 100 %
2026/09/30 02:50:34.929, 10481 MiB, 15360 MiB, 100 %
2026/09/30 02:50:35.934, 10481 MiB, 15360 MiB, 100 %
2026/09/30 02:50:36.938, 10481 MiB, 15360 MiB, 100 %
2026/09/30 02:50:37.940, 10481 MiB, 15360 MiB, 100 %
2026/09/30 02:50:38.942, 10481 MiB, 15360 MiB, 100 %
2026/09/30 02:50:39.944, 10481 MiB, 15360 MiB, 100 %
2026/09/30 02:50:40.946, 10481 MiB, 15360 MiB, 100 %
2026/09/30 02:50:41.949, 10481 MiB, 15360 MiB, 100 %
2026/09/30 02:50:42.951, 10481 MiB, 15360 MiB, 100 %
2026/09/30 02:50:43.953, 10481 MiB, 15360 MiB, 100 %
2026/09/30 02:50:44.955, 10481 MiB, 15360 MiB, 100 %
2026/09/30 02:50:45.959, 10481 MiB, 15360 MiB, 100 %
2026/09/30 02:50:46.967, 10481 MiB, 15360 MiB, 100 %
2026/09/30 02:50:47.974, 10481 MiB, 15360 MiB, 100 %
2026/09/30 02:50:48.979, 10481 MiB, 15360 MiB, 98 %
2026/09/30 02:50:49.983, 10481 MiB, 15360 MiB, 100 %
2026/09/30 02:50:50.991, 10481 MiB, 15360 MiB, 100 %
2026/09/30 02:50:51.995, 10481 MiB, 15360 MiB, 100 %
2026/09/30 02:50:52.999, 10481 MiB, 15360 MiB, 100 %
2026/09/30 02:50:54.002, 10481 MiB, 15360 MiB, 100 %
2026/09/30 02:50:55.004, 10481 MiB, 15360 MiB, 100 %
2026/09/30 02:50:56.007, 10481 MiB, 15360 MiB, 100 %
2026/09/30 02:50:57.009, 10481 MiB, 15360 MiB, 100 %
2026/09/30 02:50:58.011, 10481 MiB, 15360 MiB, 100 %
2026/09/30 02:50:59.015, 10481 MiB, 15360 MiB, 100 %
2026/09/30 02:51:00.018, 10481 MiB, 15360 MiB, 100 %
2026/09/30 02:51:01.021, 10481 MiB, 15360 MiB, 100 %
2026/09/30 02:51:02.025, 10481 MiB, 15360 MiB, 100 %
2026/09/30 02:51:03.032, 10481 MiB, 15360 MiB, 100 %
2026/09/30 02:51:04.037, 10481 MiB, 15360 MiB, 100 %
2026/09/30 02:51:05.039, 10481 MiB, 15360 MiB, 100 %
2026/09/30 02:51:06.041, 10481 MiB, 15360 MiB, 100 %
2026/09/30 02:51:07.043, 10481 MiB, 15360 MiB, 100 %
2026/09/30 02:51:08.045, 10481 MiB, 15360 MiB, 100 %
2026/09/30 02:51:09.049, 10481 MiB, 15360 MiB, 100 %
2026/09/30 02:51:10.052, 10481 MiB, 15360 MiB, 100 %
2026/09/30 02:51:11.054, 10481 MiB, 15360 MiB, 100 %
2026/09/30 02:51:12.056, 10481 MiB, 15360 MiB, 100 %
2026/09/30 02:51:13.059, 10481 MiB, 15360 MiB, 100 %
2026/09/30 02:51:14.062, 10481 MiB, 15360 MiB, 100 %
2026/09/30 02:51:15.070, 10481 MiB, 15360 MiB, 100 %
2026/09/30 02:51:16.078, 10481 MiB, 15360 MiB, 100 %
2026/09/30 02:51:17.085, 10481 MiB, 15360 MiB, 100 %
2026/09/30 02:51:18.088, 10481 MiB, 15360 MiB, 100 %
2026/09/30 02:51:19.090, 10481 MiB, 15360 MiB, 100 %
2026/09/30 02:51:20.092, 10481 MiB, 15360 MiB, 100 %
2026/09/30 02:51:21.095, 10481 MiB, 15360 MiB, 100 %
2026/09/30 02:51:22.099, 10481 MiB, 15360 MiB, 100 %
2026/09/30 02:51:23.102, 10481 MiB, 15360 MiB, 100 %
2026/09/30 02:51:24.104, 10481 MiB, 15360 MiB, 100 %
2026/09/30 02:51:25.107, 10481 MiB, 15360 MiB, 100 %
2026/09/30 02:51:26.109, 10481 MiB, 15360 MiB, 100 %
2026/09/30 02:51:27.112, 10481 MiB, 15360 MiB, 100 %
2026/09/30 02:51:28.115, 10481 MiB, 15360 MiB, 100 %
2026/09/30 02:51:29.122, 10481 MiB, 15360 MiB, 100 %
2026/09/30 02:51:30.126, 10481 MiB, 15360 MiB, 100 %
2026/09/30 02:51:31.130, 10481 MiB, 15360 MiB, 100 %
2026/09/30 02:51:32.138, 10481 MiB, 15360 MiB, 100 %
2026/09/30 02:51:33.140, 10481 MiB, 15360 MiB, 100 %
2026/09/30 02:51:34.143, 10481 MiB, 15360 MiB, 100 %
2026/09/30 02:51:35.146, 10481 MiB, 15360 MiB, 100 %
2026/09/30 02:51:36.148, 10481 MiB, 15360 MiB, 100 %
2026/09/30 02:51:37.150, 10481 MiB, 15360 MiB, 100 %
2026/09/30 02:51:38.153, 10481 MiB, 15360 MiB, 100 %
2026/09/30 02:51:39.155, 10481 MiB, 15360 MiB, 100 %
2026/09/30 02:51:40.158, 10481 MiB, 15360 MiB, 100 %
2026/09/30 02:51:41.162, 10481 MiB, 15360 MiB, 100 %
2026/09/30 02:51:42.169, 10481 MiB, 15360 MiB, 100 %
2026/09/30 02:51:43.177, 10481 MiB, 15360 MiB, 100 %
2026/09/30 02:51:44.185, 10481 MiB, 15360 MiB, 100 %
2026/09/30 02:51:45.191, 10481 MiB, 15360 MiB, 100 %
2026/09/30 02:51:46.195, 10481 MiB, 15360 MiB, 100 %
2026/09/30 02:51:47.198, 10481 MiB, 15360 MiB, 100 %
2026/09/30 02:51:48.201, 10481 MiB, 15360 MiB, 100 %
2026/09/30 02:51:49.204, 10481 MiB, 15360 MiB, 100 %
2026/09/30 02:51:50.207, 10481 MiB, 15360 MiB, 100 %
2026/09/30 02:51:51.209, 10481 MiB, 15360 MiB, 100 %
2026/09/30 02:51:52.212, 10481 MiB, 15360 MiB, 100 %
2026/09/30 02:51:53.214, 10481 MiB, 15360 MiB, 100 %
2026/09/30 02:51:54.216, 10481 MiB, 15360 MiB, 100 %
2026/09/30 02:51:55.219, 10481 MiB, 15360 MiB, 100 %
2026/09/30 02:51:56.229, 10481 MiB, 15360 MiB, 100 %
2026/09/30 02:51:57.236, 10481 MiB, 15360 MiB, 100 %
2026/09/30 02:51:58.242, 10481 MiB, 15360 MiB, 100 %
2026/09/30 02:51:59.253, 10481 MiB, 15360 MiB, 100 %
2026/09/30 02:52:00.257, 10481 MiB, 15360 MiB, 100 %
2026/09/30 02:52:01.259, 10481 MiB, 15360 MiB, 100 %
2026/09/30 02:52:02.261, 10481 MiB, 15360 MiB, 100 %
2026/09/30 02:52:03.263, 10481 MiB, 15360 MiB, 100 %
2026/09/30 02:52:04.265, 10481 MiB, 15360 MiB, 100 %
2026/09/30 02:52:05.269, 10481 MiB, 15360 MiB, 100 %
2026/09/30 02:52:06.271, 10481 MiB, 15360 MiB, 100 %
2026/09/30 02:52:07.273, 10481 MiB, 15360 MiB, 100 %
2026/09/30 02:52:08.276, 10481 MiB, 15360 MiB, 100 %
2026/09/30 02:52:09.279, 10481 MiB, 15360 MiB, 100 %
2026/09/30 02:52:10.284, 10481 MiB, 15360 MiB, 94 %
2026/09/30 02:52:11.288, 10481 MiB, 15360 MiB, 100 %
2026/09/30 02:52:12.296, 10481 MiB, 15360 MiB, 100 %
2026/09/30 02:52:13.301, 10481 MiB, 15360 MiB, 100 %
2026/09/30 02:52:14.304, 10481 MiB, 15360 MiB, 100 %
2026/09/30 02:52:15.307, 10481 MiB, 15360 MiB, 100 %
2026/09/30 02:52:16.310, 10481 MiB, 15360 MiB, 100 %
2026/09/30 02:52:17.313, 10481 MiB, 15360 MiB, 100 %
2026/09/30 02:52:18.315, 10481 MiB, 15360 MiB, 100 %
2026/09/30 02:52:19.318, 10481 MiB, 15360 MiB, 100 %
2026/09/30 02:52:20.320, 10481 MiB, 15360 MiB, 100 %
2026/09/30 02:52:21.323, 10481 MiB, 15360 MiB, 100 %
2026/09/30 02:52:22.326, 10481 MiB, 15360 MiB, 100 %
2026/09/30 02:52:23.328, 10481 MiB, 15360 MiB, 100 %
2026/09/30 02:52:24.332, 10481 MiB, 15360 MiB, 100 %
2026/09/30 02:52:25.341, 10481 MiB, 15360 MiB, 100 %
2026/09/30 02:52:26.350, 10481 MiB, 15360 MiB, 100 %
2026/09/30 02:52:27.353, 10481 MiB, 15360 MiB, 100 %
2026/09/30 02:52:28.356, 10481 MiB, 15360 MiB, 100 %
2026/09/30 02:52:29.358, 10481 MiB, 15360 MiB, 100 %
2026/09/30 02:52:30.360, 10481 MiB, 15360 MiB, 100 %
2026/09/30 02:52:31.363, 10481 MiB, 15360 MiB, 100 %
2026/09/30 02:52:32.365, 10481 MiB, 15360 MiB, 100 %
2026/09/30 02:52:33.368, 10481 MiB, 15360 MiB, 100 %
2026/09/30 02:52:34.370, 10481 MiB, 15360 MiB, 100 %
2026/09/30 02:52:35.372, 10481 MiB, 15360 MiB, 100 %
2026/09/30 02:52:36.374, 10481 MiB, 15360 MiB, 100 %
2026/09/30 02:52:37.378, 10481 MiB, 15360 MiB, 100 %
2026/09/30 02:52:38.381, 10481 MiB, 15360 MiB, 100 %
2026/09/30 02:52:39.385, 10481 MiB, 15360 MiB, 100 %
2026/09/30 02:52:40.391, 10481 MiB, 15360 MiB, 100 %
2026/09/30 02:52:41.398, 10481 MiB, 15360 MiB, 100 %
2026/09/30 02:52:42.400, 10481 MiB, 15360 MiB, 98 %
2026/09/30 02:52:43.403, 10481 MiB, 15360 MiB, 100 %
2026/09/30 02:52:44.405, 10481 MiB, 15360 MiB, 100 %
2026/09/30 02:52:45.408, 10481 MiB, 15360 MiB, 100 %
2026/09/30 02:52:46.410, 10481 MiB, 15360 MiB, 100 %
2026/09/30 02:52:47.412, 10481 MiB, 15360 MiB, 100 %
2026/09/30 02:52:48.414, 10481 MiB, 15360 MiB, 100 %
2026/09/30 02:52:49.416, 10481 MiB, 15360 MiB, 100 %
2026/09/30 02:52:50.420, 10481 MiB, 15360 MiB, 100 %
2026/09/30 02:52:51.423, 10481 MiB, 15360 MiB, 100 %
2026/09/30 02:52:52.426, 10481 MiB, 15360 MiB, 100 %
2026/09/30 02:52:53.429, 10481 MiB, 15360 MiB, 100 %
2026/09/30 02:52:54.433, 10481 MiB, 15360 MiB, 100 %
2026/09/30 02:52:55.440, 10481 MiB, 15360 MiB, 100 %
2026/09/30 02:52:56.442, 10481 MiB, 15360 MiB, 100 %
2026/09/30 02:52:57.444, 10481 MiB, 15360 MiB, 100 %
2026/09/30 02:52:58.447, 10481 MiB, 15360 MiB, 100 %
2026/09/30 02:52:59.449, 10481 MiB, 15360 MiB, 100 %
2026/09/30 02:53:00.452, 10481 MiB, 15360 MiB, 100 %
2026/09/30 02:53:01.455, 10481 MiB, 15360 MiB, 100 %
2026/09/30 02:53:02.457, 10481 MiB, 15360 MiB, 100 %
2026/09/30 02:53:03.459, 10481 MiB, 15360 MiB, 100 %
2026/09/30 02:53:04.462, 10481 MiB, 15360 MiB, 100 %
2026/09/30 02:53:05.466, 10481 MiB, 15360 MiB, 100 %
2026/09/30 02:53:06.470, 10481 MiB, 15360 MiB, 100 %
2026/09/30 02:53:07.477, 10481 MiB, 15360 MiB, 100 %
2026/09/30 02:53:08.481, 10481 MiB, 15360 MiB, 100 %
2026/09/30 02:53:09.484, 10481 MiB, 15360 MiB, 100 %
2026/09/30 02:53:10.486, 10481 MiB, 15360 MiB, 100 %
2026/09/30 02:53:11.488, 10481 MiB, 15360 MiB, 100 %
2026/09/30 02:53:12.491, 10481 MiB, 15360 MiB, 100 %
2026/09/30 02:53:13.493, 10481 MiB, 15360 MiB, 100 %
2026/09/30 02:53:14.496, 10481 MiB, 15360 MiB, 98 %
2026/09/30 02:53:15.498, 10481 MiB, 15360 MiB, 100 %
2026/09/30 02:53:16.501, 10481 MiB, 15360 MiB, 100 %
2026/09/30 02:53:17.503, 10481 MiB, 15360 MiB, 100 %
2026/09/30 02:53:18.506, 10481 MiB, 15360 MiB, 100 %
2026/09/30 02:53:19.513, 10481 MiB, 15360 MiB, 100 %
2026/09/30 02:53:20.524, 10481 MiB, 15360 MiB, 100 %
2026/09/30 02:53:21.530, 10481 MiB, 15360 MiB, 100 %
2026/09/30 02:53:22.534, 10481 MiB, 15360 MiB, 100 %
2026/09/30 02:53:23.536, 10481 MiB, 15360 MiB, 100 %
2026/09/30 02:53:24.540, 10481 MiB, 15360 MiB, 100 %
2026/09/30 02:53:25.542, 10481 MiB, 15360 MiB, 100 %
2026/09/30 02:53:26.544, 10481 MiB, 15360 MiB, 100 %
2026/09/30 02:53:27.547, 10481 MiB, 15360 MiB, 0 %
2026/09/30 02:53:28.550, 10481 MiB, 15360 MiB, 100 %
2026/09/30 02:53:29.553, 10481 MiB, 15360 MiB, 100 %
2026/09/30 02:53:30.556, 10481 MiB, 15360 MiB, 100 %
2026/09/30 02:53:31.562, 10481 MiB, 15360 MiB, 100 %
2026/09/30 02:53:32.566, 10481 MiB, 15360 MiB, 100 %
2026/09/30 02:53:33.571, 10481 MiB, 15360 MiB, 100 %
2026/09/30 02:53:34.574, 10481 MiB, 15360 MiB, 100 %
2026/09/30 02:53:35.578, 10481 MiB, 15360 MiB, 100 %
2026/09/30 02:53:36.583, 10481 MiB, 15360 MiB, 100 %
2026/09/30 02:53:37.585, 10481 MiB, 15360 MiB, 100 %
2026/09/30 02:53:38.588, 10481 MiB, 15360 MiB, 98 %
2026/09/30 02:53:39.590, 10481 MiB, 15360 MiB, 100 %
2026/09/30 02:53:40.592, 10481 MiB, 15360 MiB, 100 %
2026/09/30 02:53:41.594, 10481 MiB, 15360 MiB, 100 %
2026/09/30 02:53:42.598, 10481 MiB, 15360 MiB, 100 %
2026/09/30 02:53:43.600, 10481 MiB, 15360 MiB, 100 %
2026/09/30 02:53:44.602, 10481 MiB, 15360 MiB, 100 %
2026/09/30 02:53:45.606, 10481 MiB, 15360 MiB, 100 %
2026/09/30 02:53:46.609, 10481 MiB, 15360 MiB, 100 %
2026/09/30 02:53:47.617, 10481 MiB, 15360 MiB, 100 %
2026/09/30 02:53:48.622, 10481 MiB, 15360 MiB, 100 %
2026/09/30 02:53:49.625, 10481 MiB, 15360 MiB, 100 %
2026/09/30 02:53:50.629, 10481 MiB, 15360 MiB, 100 %
2026/09/30 02:53:51.631, 10481 MiB, 15360 MiB, 100 %
2026/09/30 02:53:52.633, 10481 MiB, 15360 MiB, 100 %
2026/09/30 02:53:53.635, 10481 MiB, 15360 MiB, 98 %
2026/09/30 02:53:54.638, 10481 MiB, 15360 MiB, 100 %
2026/09/30 02:53:55.641, 10481 MiB, 15360 MiB, 100 %
2026/09/30 02:53:56.648, 10481 MiB, 15360 MiB, 100 %
2026/09/30 02:53:57.652, 10481 MiB, 15360 MiB, 100 %
2026/09/30 02:53:58.654, 10481 MiB, 15360 MiB, 100 %
2026/09/30 02:53:59.658, 10481 MiB, 15360 MiB, 100 %
2026/09/30 02:54:00.661, 10481 MiB, 15360 MiB, 100 %
2026/09/30 02:54:01.664, 10481 MiB, 15360 MiB, 100 %
2026/09/30 02:54:02.670, 10481 MiB, 15360 MiB, 100 %
2026/09/30 02:54:03.675, 10481 MiB, 15360 MiB, 100 %
2026/09/30 02:54:04.677, 10481 MiB, 15360 MiB, 100 %
2026/09/30 02:54:05.680, 10481 MiB, 15360 MiB, 100 %
2026/09/30 02:54:06.683, 10481 MiB, 15360 MiB, 100 %
2026/09/30 02:54:07.685, 10481 MiB, 15360 MiB, 100 %
2026/09/30 02:54:08.688, 10481 MiB, 15360 MiB, 96 %
2026/09/30 02:54:09.691, 10481 MiB, 15360 MiB, 100 %
2026/09/30 02:54:10.693, 10481 MiB, 15360 MiB, 100 %
2026/09/30 02:54:11.695, 10481 MiB, 15360 MiB, 100 %
2026/09/30 02:54:12.697, 10481 MiB, 15360 MiB, 100 %
2026/09/30 02:54:13.700, 10481 MiB, 15360 MiB, 100 %
2026/09/30 02:54:14.704, 10481 MiB, 15360 MiB, 100 %
2026/09/30 02:54:15.709, 10481 MiB, 15360 MiB, 100 %
2026/09/30 02:54:16.715, 10481 MiB, 15360 MiB, 100 %
2026/09/30 02:54:17.719, 10481 MiB, 15360 MiB, 100 %
2026/09/30 02:54:18.727, 10481 MiB, 15360 MiB, 100 %
2026/09/30 02:54:19.731, 10481 MiB, 15360 MiB, 100 %
2026/09/30 02:54:20.740, 10481 MiB, 15360 MiB, 100 %
2026/09/30 02:54:21.743, 10481 MiB, 15360 MiB, 100 %
2026/09/30 02:54:22.746, 10481 MiB, 15360 MiB, 100 %
2026/09/30 02:54:23.749, 10481 MiB, 15360 MiB, 100 %
2026/09/30 02:54:24.751, 10481 MiB, 15360 MiB, 100 %
2026/09/30 02:54:25.754, 10481 MiB, 15360 MiB, 100 %
2026/09/30 02:54:26.756, 10481 MiB, 15360 MiB, 100 %
2026/09/30 02:54:27.758, 10481 MiB, 15360 MiB, 100 %
2026/09/30 02:54:28.762, 10481 MiB, 15360 MiB, 100 %
2026/09/30 02:54:29.766, 10481 MiB, 15360 MiB, 100 %
2026/09/30 02:54:30.769, 10481 MiB, 15360 MiB, 100 %
2026/09/30 02:54:31.772, 10481 MiB, 15360 MiB, 100 %
2026/09/30 02:54:32.780, 10481 MiB, 15360 MiB, 100 %
2026/09/30 02:54:33.782, 10481 MiB, 15360 MiB, 100 %
2026/09/30 02:54:34.784, 10481 MiB, 15360 MiB, 100 %
2026/09/30 02:54:35.787, 10481 MiB, 15360 MiB, 100 %
2026/09/30 02:54:36.791, 10481 MiB, 15360 MiB, 100 %
2026/09/30 02:54:37.794, 10483 MiB, 15360 MiB, 100 %
2026/09/30 02:54:38.797, 10483 MiB, 15360 MiB, 100 %
2026/09/30 02:54:39.800, 10483 MiB, 15360 MiB, 100 %
2026/09/30 02:54:40.802, 10483 MiB, 15360 MiB, 100 %
2026/09/30 02:54:41.805, 10483 MiB, 15360 MiB, 100 %
2026/09/30 02:54:42.808, 10483 MiB, 15360 MiB, 100 %
2026/09/30 02:54:43.813, 10483 MiB, 15360 MiB, 100 %
2026/09/30 02:54:44.822, 10483 MiB, 15360 MiB, 100 %
2026/09/30 02:54:45.826, 10483 MiB, 15360 MiB, 100 %
2026/09/30 02:54:46.834, 10483 MiB, 15360 MiB, 100 %
2026/09/30 02:54:47.836, 10483 MiB, 15360 MiB, 100 %
2026/09/30 02:54:48.838, 10483 MiB, 15360 MiB, 100 %
2026/09/30 02:54:49.841, 10483 MiB, 15360 MiB, 100 %
2026/09/30 02:54:50.844, 10483 MiB, 15360 MiB, 100 %
2026/09/30 02:54:51.848, 10483 MiB, 15360 MiB, 100 %
2026/09/30 02:54:52.850, 10483 MiB, 15360 MiB, 100 %
2026/09/30 02:54:53.852, 10483 MiB, 15360 MiB, 100 %
2026/09/30 02:54:54.854, 10483 MiB, 15360 MiB, 100 %
2026/09/30 02:54:55.857, 10483 MiB, 15360 MiB, 100 %
2026/09/30 02:54:56.860, 10483 MiB, 15360 MiB, 100 %
2026/09/30 02:54:57.863, 10483 MiB, 15360 MiB, 100 %
2026/09/30 02:54:58.867, 10483 MiB, 15360 MiB, 100 %
2026/09/30 02:54:59.875, 10483 MiB, 15360 MiB, 100 %
2026/09/30 02:55:00.883, 10483 MiB, 15360 MiB, 100 %
2026/09/30 02:55:01.885, 10483 MiB, 15360 MiB, 100 %
2026/09/30 02:55:02.887, 10483 MiB, 15360 MiB, 100 %
2026/09/30 02:55:03.889, 10483 MiB, 15360 MiB, 100 %
2026/09/30 02:55:04.891, 10483 MiB, 15360 MiB, 100 %
2026/09/30 02:55:05.894, 10483 MiB, 15360 MiB, 100 %
2026/09/30 02:55:06.896, 10483 MiB, 15360 MiB, 100 %
2026/09/30 02:55:07.899, 10483 MiB, 15360 MiB, 100 %
2026/09/30 02:55:08.902, 10483 MiB, 15360 MiB, 100 %
2026/09/30 02:55:09.904, 10483 MiB, 15360 MiB, 100 %
2026/09/30 02:55:10.907, 10483 MiB, 15360 MiB, 100 %
2026/09/30 02:55:11.913, 10483 MiB, 15360 MiB, 100 %
2026/09/30 02:55:12.916, 10483 MiB, 15360 MiB, 100 %
2026/09/30 02:55:13.924, 10483 MiB, 15360 MiB, 100 %
2026/09/30 02:55:14.931, 10483 MiB, 15360 MiB, 100 %
2026/09/30 02:55:15.934, 10483 MiB, 15360 MiB, 98 %
2026/09/30 02:55:16.936, 10483 MiB, 15360 MiB, 100 %
2026/09/30 02:55:17.939, 10483 MiB, 15360 MiB, 100 %
2026/09/30 02:55:18.941, 10483 MiB, 15360 MiB, 100 %
2026/09/30 02:55:19.944, 10483 MiB, 15360 MiB, 100 %
2026/09/30 02:55:20.946, 10483 MiB, 15360 MiB, 100 %
2026/09/30 02:55:21.949, 10483 MiB, 15360 MiB, 100 %
2026/09/30 02:55:22.951, 10483 MiB, 15360 MiB, 100 %
2026/09/30 02:55:23.954, 10483 MiB, 15360 MiB, 100 %
2026/09/30 02:55:24.958, 10483 MiB, 15360 MiB, 100 %
2026/09/30 02:55:25.966, 10483 MiB, 15360 MiB, 100 %
2026/09/30 02:55:26.974, 10483 MiB, 15360 MiB, 100 %
2026/09/30 02:55:27.978, 10483 MiB, 15360 MiB, 100 %
2026/09/30 02:55:28.983, 10483 MiB, 15360 MiB, 100 %
2026/09/30 02:55:29.985, 10483 MiB, 15360 MiB, 100 %
2026/09/30 02:55:30.989, 10483 MiB, 15360 MiB, 100 %
2026/09/30 02:55:31.992, 10483 MiB, 15360 MiB, 100 %
2026/09/30 02:55:32.995, 10483 MiB, 15360 MiB, 100 %
2026/09/30 02:55:33.998, 10483 MiB, 15360 MiB, 100 %
2026/09/30 02:55:35.001, 10483 MiB, 15360 MiB, 100 %
2026/09/30 02:55:36.003, 10483 MiB, 15360 MiB, 100 %
2026/09/30 02:55:37.006, 10483 MiB, 15360 MiB, 100 %
2026/09/30 02:55:38.009, 10483 MiB, 15360 MiB, 100 %
2026/09/30 02:55:39.012, 10483 MiB, 15360 MiB, 100 %
2026/09/30 02:55:40.016, 10483 MiB, 15360 MiB, 100 %
2026/09/30 02:55:41.026, 10483 MiB, 15360 MiB, 100 %
2026/09/30 02:55:42.036, 10483 MiB, 15360 MiB, 100 %
2026/09/30 02:55:43.042, 10483 MiB, 15360 MiB, 100 %
2026/09/30 02:55:44.044, 10483 MiB, 15360 MiB, 100 %
2026/09/30 02:55:45.046, 10483 MiB, 15360 MiB, 100 %
2026/09/30 02:55:46.048, 10483 MiB, 15360 MiB, 100 %
2026/09/30 02:55:47.051, 10483 MiB, 15360 MiB, 100 %
2026/09/30 02:55:48.053, 10483 MiB, 15360 MiB, 100 %
2026/09/30 02:55:49.056, 10483 MiB, 15360 MiB, 100 %
2026/09/30 02:55:50.059, 10483 MiB, 15360 MiB, 100 %
2026/09/30 02:55:51.061, 10483 MiB, 15360 MiB, 100 %
2026/09/30 02:55:52.063, 10483 MiB, 15360 MiB, 100 %
2026/09/30 02:55:53.067, 10483 MiB, 15360 MiB, 100 %
2026/09/30 02:55:54.072, 10483 MiB, 15360 MiB, 100 %
2026/09/30 02:55:55.079, 10483 MiB, 15360 MiB, 100 %
2026/09/30 02:55:56.082, 10483 MiB, 15360 MiB, 100 %
2026/09/30 02:55:57.090, 10483 MiB, 15360 MiB, 100 %
2026/09/30 02:55:58.093, 10483 MiB, 15360 MiB, 100 %
2026/09/30 02:55:59.095, 10483 MiB, 15360 MiB, 100 %
2026/09/30 02:56:00.097, 10483 MiB, 15360 MiB, 100 %
2026/09/30 02:56:01.100, 12823 MiB, 15360 MiB, 100 %
2026/09/30 02:56:02.102, 12823 MiB, 15360 MiB, 100 %
2026/09/30 02:56:03.104, 12823 MiB, 15360 MiB, 100 %
2026/09/30 02:56:04.108, 12823 MiB, 15360 MiB, 100 %
2026/09/30 02:56:05.113, 12823 MiB, 15360 MiB, 100 %
2026/09/30 02:56:06.116, 12823 MiB, 15360 MiB, 100 %
2026/09/30 02:56:07.119, 12823 MiB, 15360 MiB, 100 %
2026/09/30 02:56:08.126, 12823 MiB, 15360 MiB, 100 %
2026/09/30 02:56:09.131, 12823 MiB, 15360 MiB, 100 %
2026/09/30 02:56:10.138, 12823 MiB, 15360 MiB, 100 %
2026/09/30 02:56:11.142, 12823 MiB, 15360 MiB, 100 %
2026/09/30 02:56:12.144, 10493 MiB, 15360 MiB, 98 %
2026/09/30 02:56:13.147, 10493 MiB, 15360 MiB, 100 %
2026/09/30 02:56:14.150, 10493 MiB, 15360 MiB, 100 %
2026/09/30 02:56:15.153, 10493 MiB, 15360 MiB, 100 %
2026/09/30 02:56:16.157, 10493 MiB, 15360 MiB, 100 %
2026/09/30 02:56:17.162, 10493 MiB, 15360 MiB, 100 %
2026/09/30 02:56:18.165, 10493 MiB, 15360 MiB, 100 %
2026/09/30 02:56:19.169, 10493 MiB, 15360 MiB, 100 %
2026/09/30 02:56:20.173, 10493 MiB, 15360 MiB, 100 %
2026/09/30 02:56:21.177, 10493 MiB, 15360 MiB, 100 %
2026/09/30 02:56:22.185, 10493 MiB, 15360 MiB, 100 %
2026/09/30 02:56:23.192, 10493 MiB, 15360 MiB, 100 %
2026/09/30 02:56:24.194, 10493 MiB, 15360 MiB, 100 %
2026/09/30 02:56:25.197, 10493 MiB, 15360 MiB, 100 %
2026/09/30 02:56:26.199, 10499 MiB, 15360 MiB, 82 %
2026/09/30 02:56:27.201, 10499 MiB, 15360 MiB, 100 %
2026/09/30 02:56:28.203, 10499 MiB, 15360 MiB, 100 %
2026/09/30 02:56:29.206, 10499 MiB, 15360 MiB, 100 %
2026/09/30 02:56:30.209, 10499 MiB, 15360 MiB, 100 %
2026/09/30 02:56:31.212, 10499 MiB, 15360 MiB, 100 %
2026/09/30 02:56:32.215, 10499 MiB, 15360 MiB, 100 %
2026/09/30 02:56:33.222, 10499 MiB, 15360 MiB, 100 %
2026/09/30 02:56:34.225, 10499 MiB, 15360 MiB, 100 %
2026/09/30 02:56:35.233, 10499 MiB, 15360 MiB, 100 %
2026/09/30 02:56:36.241, 10499 MiB, 15360 MiB, 100 %
2026/09/30 02:56:37.250, 10499 MiB, 15360 MiB, 100 %
2026/09/30 02:56:38.256, 10499 MiB, 15360 MiB, 100 %
2026/09/30 02:56:39.259, 10499 MiB, 15360 MiB, 100 %
2026/09/30 02:56:40.261, 10499 MiB, 15360 MiB, 100 %
2026/09/30 02:56:41.263, 10499 MiB, 15360 MiB, 100 %
2026/09/30 02:56:42.265, 10499 MiB, 15360 MiB, 100 %
2026/09/30 02:56:43.268, 10499 MiB, 15360 MiB, 100 %
2026/09/30 02:56:44.270, 10499 MiB, 15360 MiB, 100 %
2026/09/30 02:56:45.272, 10499 MiB, 15360 MiB, 100 %
2026/09/30 02:56:46.277, 10499 MiB, 15360 MiB, 100 %
2026/09/30 02:56:47.279, 10499 MiB, 15360 MiB, 100 %
2026/09/30 02:56:48.282, 10499 MiB, 15360 MiB, 100 %
2026/09/30 02:56:49.289, 10499 MiB, 15360 MiB, 100 %
2026/09/30 02:56:50.297, 10499 MiB, 15360 MiB, 100 %
2026/09/30 02:56:51.301, 10499 MiB, 15360 MiB, 100 %
2026/09/30 02:56:52.308, 10499 MiB, 15360 MiB, 100 %
2026/09/30 02:56:53.312, 10499 MiB, 15360 MiB, 100 %
2026/09/30 02:56:54.318, 10499 MiB, 15360 MiB, 100 %
2026/09/30 02:56:55.321, 10499 MiB, 15360 MiB, 100 %
2026/09/30 02:56:56.325, 10499 MiB, 15360 MiB, 100 %
2026/09/30 02:56:57.330, 10499 MiB, 15360 MiB, 100 %
2026/09/30 02:56:58.333, 10499 MiB, 15360 MiB, 100 %
2026/09/30 02:56:59.335, 10499 MiB, 15360 MiB, 100 %
2026/09/30 02:57:00.337, 10499 MiB, 15360 MiB, 100 %
2026/09/30 02:57:01.339, 10499 MiB, 15360 MiB, 100 %
2026/09/30 02:57:02.343, 10499 MiB, 15360 MiB, 100 %
2026/09/30 02:57:03.352, 10499 MiB, 15360 MiB, 100 %
2026/09/30 02:57:04.359, 10499 MiB, 15360 MiB, 98 %
2026/09/30 02:57:05.371, 10499 MiB, 15360 MiB, 100 %
2026/09/30 02:57:06.373, 10499 MiB, 15360 MiB, 100 %
2026/09/30 02:57:07.375, 10499 MiB, 15360 MiB, 100 %
2026/09/30 02:57:08.379, 10499 MiB, 15360 MiB, 100 %
2026/09/30 02:57:09.382, 10499 MiB, 15360 MiB, 100 %
2026/09/30 02:57:10.384, 10499 MiB, 15360 MiB, 100 %
2026/09/30 02:57:11.386, 10499 MiB, 15360 MiB, 100 %
2026/09/30 02:57:12.389, 10499 MiB, 15360 MiB, 100 %
2026/09/30 02:57:13.392, 10499 MiB, 15360 MiB, 100 %
2026/09/30 02:57:14.394, 10499 MiB, 15360 MiB, 100 %
2026/09/30 02:57:15.396, 10499 MiB, 15360 MiB, 100 %
2026/09/30 02:57:16.400, 10499 MiB, 15360 MiB, 100 %
2026/09/30 02:57:17.407, 10499 MiB, 15360 MiB, 100 %
2026/09/30 02:57:18.415, 10499 MiB, 15360 MiB, 100 %
2026/09/30 02:57:19.418, 10499 MiB, 15360 MiB, 100 %
2026/09/30 02:57:20.422, 10499 MiB, 15360 MiB, 100 %
2026/09/30 02:57:21.425, 10499 MiB, 15360 MiB, 100 %
2026/09/30 02:57:22.428, 10499 MiB, 15360 MiB, 100 %
2026/09/30 02:57:23.431, 10499 MiB, 15360 MiB, 100 %
2026/09/30 02:57:24.436, 10499 MiB, 15360 MiB, 100 %
2026/09/30 02:57:25.440, 10499 MiB, 15360 MiB, 100 %
2026/09/30 02:57:26.443, 10499 MiB, 15360 MiB, 100 %
2026/09/30 02:57:27.446, 10499 MiB, 15360 MiB, 100 %
2026/09/30 02:57:28.448, 10499 MiB, 15360 MiB, 99 %
2026/09/30 02:57:29.452, 10499 MiB, 15360 MiB, 100 %
2026/09/30 02:57:30.455, 10499 MiB, 15360 MiB, 100 %
2026/09/30 02:57:31.459, 10499 MiB, 15360 MiB, 100 %
2026/09/30 02:57:32.462, 10499 MiB, 15360 MiB, 100 %
2026/09/30 02:57:33.466, 10499 MiB, 15360 MiB, 100 %
2026/09/30 02:57:34.472, 10499 MiB, 15360 MiB, 100 %
2026/09/30 02:57:35.476, 10499 MiB, 15360 MiB, 100 %
2026/09/30 02:57:36.478, 10499 MiB, 15360 MiB, 100 %
2026/09/30 02:57:37.481, 10499 MiB, 15360 MiB, 100 %
2026/09/30 02:57:38.483, 10499 MiB, 15360 MiB, 100 %
2026/09/30 02:57:39.485, 10499 MiB, 15360 MiB, 100 %
2026/09/30 02:57:40.487, 10499 MiB, 15360 MiB, 100 %
2026/09/30 02:57:41.491, 10499 MiB, 15360 MiB, 100 %
2026/09/30 02:57:42.493, 10499 MiB, 15360 MiB, 100 %
2026/09/30 02:57:43.495, 10499 MiB, 15360 MiB, 100 %
2026/09/30 02:57:44.499, 10499 MiB, 15360 MiB, 100 %
2026/09/30 02:57:45.503, 10499 MiB, 15360 MiB, 100 %
2026/09/30 02:57:46.511, 10499 MiB, 15360 MiB, 100 %
2026/09/30 02:57:47.514, 10499 MiB, 15360 MiB, 100 %
2026/09/30 02:57:48.518, 10499 MiB, 15360 MiB, 100 %
2026/09/30 02:57:49.520, 10499 MiB, 15360 MiB, 100 %
2026/09/30 02:57:50.523, 10499 MiB, 15360 MiB, 100 %
2026/09/30 02:57:51.525, 10499 MiB, 15360 MiB, 100 %
2026/09/30 02:57:52.528, 10499 MiB, 15360 MiB, 100 %
2026/09/30 02:57:53.531, 10499 MiB, 15360 MiB, 100 %
2026/09/30 02:57:54.533, 10499 MiB, 15360 MiB, 100 %
2026/09/30 02:57:55.537, 10499 MiB, 15360 MiB, 100 %
2026/09/30 02:57:56.540, 10499 MiB, 15360 MiB, 100 %
2026/09/30 02:57:57.544, 10499 MiB, 15360 MiB, 100 %
2026/09/30 02:57:58.547, 10499 MiB, 15360 MiB, 100 %
2026/09/30 02:57:59.549, 10499 MiB, 15360 MiB, 100 %
2026/09/30 02:58:00.553, 10499 MiB, 15360 MiB, 100 %
2026/09/30 02:58:01.559, 10499 MiB, 15360 MiB, 100 %
2026/09/30 02:58:02.562, 10499 MiB, 15360 MiB, 100 %
2026/09/30 02:58:03.564, 10499 MiB, 15360 MiB, 100 %
2026/09/30 02:58:04.566, 10499 MiB, 15360 MiB, 100 %
2026/09/30 02:58:05.569, 10499 MiB, 15360 MiB, 100 %
2026/09/30 02:58:06.571, 10499 MiB, 15360 MiB, 81 %
2026/09/30 02:58:07.573, 10499 MiB, 15360 MiB, 100 %
2026/09/30 02:58:08.577, 10499 MiB, 15360 MiB, 100 %
2026/09/30 02:58:09.580, 10499 MiB, 15360 MiB, 100 %
2026/09/30 02:58:10.582, 10499 MiB, 15360 MiB, 100 %
2026/09/30 02:58:11.585, 10499 MiB, 15360 MiB, 100 %
2026/09/30 02:58:12.588, 10499 MiB, 15360 MiB, 100 %
2026/09/30 02:58:13.593, 10499 MiB, 15360 MiB, 100 %
2026/09/30 02:58:14.598, 10499 MiB, 15360 MiB, 100 %
2026/09/30 02:58:15.607, 10499 MiB, 15360 MiB, 100 %
2026/09/30 02:58:16.611, 10499 MiB, 15360 MiB, 100 %
2026/09/30 02:58:17.614, 10499 MiB, 15360 MiB, 100 %
2026/09/30 02:58:18.616, 10499 MiB, 15360 MiB, 100 %
2026/09/30 02:58:19.619, 10499 MiB, 15360 MiB, 99 %
2026/09/30 02:58:20.622, 10499 MiB, 15360 MiB, 100 %
2026/09/30 02:58:21.625, 10499 MiB, 15360 MiB, 100 %
2026/09/30 02:58:22.628, 10499 MiB, 15360 MiB, 100 %
2026/09/30 02:58:23.630, 10499 MiB, 15360 MiB, 100 %
2026/09/30 02:58:24.632, 10499 MiB, 15360 MiB, 100 %
2026/09/30 02:58:25.634, 10499 MiB, 15360 MiB, 100 %
2026/09/30 02:58:26.638, 10499 MiB, 15360 MiB, 100 %
2026/09/30 02:58:27.646, 10499 MiB, 15360 MiB, 100 %
2026/09/30 02:58:28.652, 10499 MiB, 15360 MiB, 100 %
2026/09/30 02:58:29.659, 10499 MiB, 15360 MiB, 100 %
2026/09/30 02:58:30.663, 10499 MiB, 15360 MiB, 100 %
2026/09/30 02:58:31.665, 10499 MiB, 15360 MiB, 100 %
2026/09/30 02:58:32.669, 10499 MiB, 15360 MiB, 100 %
2026/09/30 02:58:33.672, 10499 MiB, 15360 MiB, 100 %
2026/09/30 02:58:34.675, 10499 MiB, 15360 MiB, 100 %
2026/09/30 02:58:35.677, 10499 MiB, 15360 MiB, 100 %
2026/09/30 02:58:36.679, 10499 MiB, 15360 MiB, 100 %
2026/09/30 02:58:37.681, 10499 MiB, 15360 MiB, 100 %
2026/09/30 02:58:38.684, 10499 MiB, 15360 MiB, 100 %
2026/09/30 02:58:39.686, 10499 MiB, 15360 MiB, 100 %
2026/09/30 02:58:40.689, 10499 MiB, 15360 MiB, 100 %
2026/09/30 02:58:41.695, 10499 MiB, 15360 MiB, 100 %
2026/09/30 02:58:42.701, 10499 MiB, 15360 MiB, 100 %
2026/09/30 02:58:43.706, 10499 MiB, 15360 MiB, 100 %
2026/09/30 02:58:44.709, 10499 MiB, 15360 MiB, 100 %
2026/09/30 02:58:45.711, 10499 MiB, 15360 MiB, 100 %
2026/09/30 02:58:46.714, 10499 MiB, 15360 MiB, 100 %
2026/09/30 02:58:47.716, 10499 MiB, 15360 MiB, 100 %
2026/09/30 02:58:48.718, 10499 MiB, 15360 MiB, 100 %
2026/09/30 02:58:49.722, 10499 MiB, 15360 MiB, 100 %
2026/09/30 02:58:50.726, 10499 MiB, 15360 MiB, 96 %
2026/09/30 02:58:51.729, 10499 MiB, 15360 MiB, 100 %
2026/09/30 02:58:52.731, 10499 MiB, 15360 MiB, 100 %
2026/09/30 02:58:53.734, 10499 MiB, 15360 MiB, 100 %
2026/09/30 02:58:54.742, 10499 MiB, 15360 MiB, 100 %
2026/09/30 02:58:55.749, 10499 MiB, 15360 MiB, 100 %
2026/09/30 02:58:56.753, 10499 MiB, 15360 MiB, 100 %
2026/09/30 02:58:57.756, 10499 MiB, 15360 MiB, 100 %
2026/09/30 02:58:58.760, 10499 MiB, 15360 MiB, 100 %
2026/09/30 02:58:59.762, 10499 MiB, 15360 MiB, 100 %
2026/09/30 02:59:00.764, 10499 MiB, 15360 MiB, 100 %
2026/09/30 02:59:01.766, 10499 MiB, 15360 MiB, 100 %
2026/09/30 02:59:02.769, 10499 MiB, 15360 MiB, 100 %
2026/09/30 02:59:03.771, 10499 MiB, 15360 MiB, 100 %
2026/09/30 02:59:04.773, 10499 MiB, 15360 MiB, 100 %
2026/09/30 02:59:05.776, 10499 MiB, 15360 MiB, 100 %
2026/09/30 02:59:06.779, 10499 MiB, 15360 MiB, 100 %
2026/09/30 02:59:07.784, 10499 MiB, 15360 MiB, 100 %
2026/09/30 02:59:08.788, 10499 MiB, 15360 MiB, 100 %
2026/09/30 02:59:09.793, 10499 MiB, 15360 MiB, 93 %
2026/09/30 02:59:10.797, 10499 MiB, 15360 MiB, 100 %
2026/09/30 02:59:11.800, 10499 MiB, 15360 MiB, 100 %
2026/09/30 02:59:12.804, 10499 MiB, 15360 MiB, 100 %
2026/09/30 02:59:13.807, 10499 MiB, 15360 MiB, 100 %
2026/09/30 02:59:14.810, 10499 MiB, 15360 MiB, 96 %
2026/09/30 02:59:15.814, 10499 MiB, 15360 MiB, 100 %
2026/09/30 02:59:16.816, 10499 MiB, 15360 MiB, 100 %
2026/09/30 02:59:17.819, 10499 MiB, 15360 MiB, 100 %
2026/09/30 02:59:18.822, 10499 MiB, 15360 MiB, 100 %
2026/09/30 02:59:19.825, 10499 MiB, 15360 MiB, 100 %
2026/09/30 02:59:20.827, 10499 MiB, 15360 MiB, 100 %
2026/09/30 02:59:21.830, 10499 MiB, 15360 MiB, 100 %
2026/09/30 02:59:22.835, 10499 MiB, 15360 MiB, 100 %
2026/09/30 02:59:23.843, 10499 MiB, 15360 MiB, 100 %
2026/09/30 02:59:24.847, 10499 MiB, 15360 MiB, 100 %
2026/09/30 02:59:25.851, 10499 MiB, 15360 MiB, 100 %
2026/09/30 02:59:26.854, 10499 MiB, 15360 MiB, 100 %
2026/09/30 02:59:27.856, 10499 MiB, 15360 MiB, 100 %
2026/09/30 02:59:28.859, 10499 MiB, 15360 MiB, 100 %
2026/09/30 02:59:29.861, 10499 MiB, 15360 MiB, 100 %
2026/09/30 02:59:30.863, 10499 MiB, 15360 MiB, 100 %
2026/09/30 02:59:31.866, 10499 MiB, 15360 MiB, 100 %
2026/09/30 02:59:32.870, 10499 MiB, 15360 MiB, 100 %
2026/09/30 02:59:33.876, 10499 MiB, 15360 MiB, 100 %
2026/09/30 02:59:34.882, 10499 MiB, 15360 MiB, 100 %
2026/09/30 02:59:35.886, 10499 MiB, 15360 MiB, 100 %
2026/09/30 02:59:36.892, 10499 MiB, 15360 MiB, 97 %
2026/09/30 02:59:37.896, 10499 MiB, 15360 MiB, 100 %
2026/09/30 02:59:38.907, 10499 MiB, 15360 MiB, 100 %
2026/09/30 02:59:39.909, 10499 MiB, 15360 MiB, 100 %
2026/09/30 02:59:40.911, 10499 MiB, 15360 MiB, 100 %
2026/09/30 02:59:41.914, 10499 MiB, 15360 MiB, 100 %
2026/09/30 02:59:42.917, 10499 MiB, 15360 MiB, 100 %
2026/09/30 02:59:43.919, 10499 MiB, 15360 MiB, 100 %
2026/09/30 02:59:44.921, 10499 MiB, 15360 MiB, 100 %
2026/09/30 02:59:45.924, 10499 MiB, 15360 MiB, 100 %
2026/09/30 02:59:46.926, 10499 MiB, 15360 MiB, 100 %
2026/09/30 02:59:47.928, 10499 MiB, 15360 MiB, 100 %
2026/09/30 02:59:48.930, 10499 MiB, 15360 MiB, 100 %
2026/09/30 02:59:49.934, 10499 MiB, 15360 MiB, 100 %
2026/09/30 02:59:50.941, 10499 MiB, 15360 MiB, 100 %
2026/09/30 02:59:51.949, 10499 MiB, 15360 MiB, 100 %
2026/09/30 02:59:52.956, 10499 MiB, 15360 MiB, 100 %
2026/09/30 02:59:53.963, 10499 MiB, 15360 MiB, 100 %
2026/09/30 02:59:54.965, 10499 MiB, 15360 MiB, 98 %
2026/09/30 02:59:55.968, 10499 MiB, 15360 MiB, 100 %
2026/09/30 02:59:56.971, 10499 MiB, 15360 MiB, 100 %
2026/09/30 02:59:57.973, 10499 MiB, 15360 MiB, 100 %
2026/09/30 02:59:58.976, 10499 MiB, 15360 MiB, 100 %
2026/09/30 02:59:59.980, 10499 MiB, 15360 MiB, 100 %
2026/09/30 03:00:00.988, 10499 MiB, 15360 MiB, 100 %
2026/09/30 03:00:01.991, 10499 MiB, 15360 MiB, 100 %
2026/09/30 03:00:02.993, 10499 MiB, 15360 MiB, 100 %
2026/09/30 03:00:03.999, 10499 MiB, 15360 MiB, 100 %
2026/09/30 03:00:05.006, 10499 MiB, 15360 MiB, 100 %
2026/09/30 03:00:06.014, 10499 MiB, 15360 MiB, 100 %
2026/09/30 03:00:07.017, 10499 MiB, 15360 MiB, 100 %
2026/09/30 03:00:08.020, 10499 MiB, 15360 MiB, 100 %
2026/09/30 03:00:09.023, 10499 MiB, 15360 MiB, 100 %
2026/09/30 03:00:10.025, 10499 MiB, 15360 MiB, 100 %
2026/09/30 03:00:11.028, 10499 MiB, 15360 MiB, 100 %
2026/09/30 03:00:12.030, 10499 MiB, 15360 MiB, 100 %
2026/09/30 03:00:13.034, 10499 MiB, 15360 MiB, 100 %
2026/09/30 03:00:14.037, 10499 MiB, 15360 MiB, 100 %
2026/09/30 03:00:15.040, 10499 MiB, 15360 MiB, 100 %
2026/09/30 03:00:16.043, 10499 MiB, 15360 MiB, 100 %
2026/09/30 03:00:17.046, 10499 MiB, 15360 MiB, 100 %
2026/09/30 03:00:18.049, 10499 MiB, 15360 MiB, 100 %
2026/09/30 03:00:19.056, 10499 MiB, 15360 MiB, 100 %
2026/09/30 03:00:20.060, 10499 MiB, 15360 MiB, 100 %
2026/09/30 03:00:21.068, 10499 MiB, 15360 MiB, 100 %
2026/09/30 03:00:22.072, 10499 MiB, 15360 MiB, 100 %
2026/09/30 03:00:23.075, 10499 MiB, 15360 MiB, 100 %
2026/09/30 03:00:24.077, 10499 MiB, 15360 MiB, 100 %
2026/09/30 03:00:25.081, 10499 MiB, 15360 MiB, 100 %
2026/09/30 03:00:26.084, 10499 MiB, 15360 MiB, 100 %
2026/09/30 03:00:27.091, 10499 MiB, 15360 MiB, 100 %
2026/09/30 03:00:28.094, 10499 MiB, 15360 MiB, 100 %
2026/09/30 03:00:29.096, 10499 MiB, 15360 MiB, 100 %
2026/09/30 03:00:30.098, 10499 MiB, 15360 MiB, 100 %
2026/09/30 03:00:31.101, 10499 MiB, 15360 MiB, 100 %
2026/09/30 03:00:32.104, 10499 MiB, 15360 MiB, 100 %
2026/09/30 03:00:33.112, 10499 MiB, 15360 MiB, 100 %
2026/09/30 03:00:34.119, 10499 MiB, 15360 MiB, 100 %
2026/09/30 03:00:35.126, 10499 MiB, 15360 MiB, 100 %
2026/09/30 03:00:36.128, 10499 MiB, 15360 MiB, 100 %
2026/09/30 03:00:37.132, 10499 MiB, 15360 MiB, 100 %
2026/09/30 03:00:38.134, 10499 MiB, 15360 MiB, 100 %
2026/09/30 03:00:39.136, 10499 MiB, 15360 MiB, 100 %
2026/09/30 03:00:40.139, 10499 MiB, 15360 MiB, 100 %
2026/09/30 03:00:41.141, 10499 MiB, 15360 MiB, 100 %
2026/09/30 03:00:42.143, 10499 MiB, 15360 MiB, 100 %
2026/09/30 03:00:43.146, 10499 MiB, 15360 MiB, 100 %
2026/09/30 03:00:44.149, 10499 MiB, 15360 MiB, 100 %
2026/09/30 03:00:45.151, 10499 MiB, 15360 MiB, 100 %
2026/09/30 03:00:46.154, 10499 MiB, 15360 MiB, 100 %
2026/09/30 03:00:47.158, 10499 MiB, 15360 MiB, 100 %
2026/09/30 03:00:48.161, 10499 MiB, 15360 MiB, 100 %
2026/09/30 03:00:49.169, 10499 MiB, 15360 MiB, 100 %
2026/09/30 03:00:50.176, 10499 MiB, 15360 MiB, 100 %
2026/09/30 03:00:51.179, 10499 MiB, 15360 MiB, 100 %
2026/09/30 03:00:52.181, 10499 MiB, 15360 MiB, 100 %
2026/09/30 03:00:53.184, 10499 MiB, 15360 MiB, 100 %
2026/09/30 03:00:54.188, 10499 MiB, 15360 MiB, 100 %
2026/09/30 03:00:55.192, 10499 MiB, 15360 MiB, 82 %
2026/09/30 03:00:56.195, 10499 MiB, 15360 MiB, 100 %
2026/09/30 03:00:57.198, 10499 MiB, 15360 MiB, 100 %
2026/09/30 03:00:58.200, 12865 MiB, 15360 MiB, 100 %
2026/09/30 03:00:59.202, 12865 MiB, 15360 MiB, 100 %
2026/09/30 03:01:00.205, 12865 MiB, 15360 MiB, 100 %
2026/09/30 03:01:01.213, 12865 MiB, 15360 MiB, 100 %
2026/09/30 03:01:02.225, 12865 MiB, 15360 MiB, 100 %
2026/09/30 03:01:03.229, 12865 MiB, 15360 MiB, 100 %
2026/09/30 03:01:04.232, 12865 MiB, 15360 MiB, 100 %
2026/09/30 03:01:05.235, 12865 MiB, 15360 MiB, 100 %
2026/09/30 03:01:06.238, 12865 MiB, 15360 MiB, 100 %
2026/09/30 03:01:07.242, 12865 MiB, 15360 MiB, 100 %
2026/09/30 03:01:08.245, 12865 MiB, 15360 MiB, 100 %
2026/09/30 03:01:09.248, 12865 MiB, 15360 MiB, 100 %
2026/09/30 03:01:10.250, 10569 MiB, 15360 MiB, 99 %
2026/09/30 03:01:11.252, 10569 MiB, 15360 MiB, 100 %
2026/09/30 03:01:12.255, 10569 MiB, 15360 MiB, 100 %
2026/09/30 03:01:13.258, 10569 MiB, 15360 MiB, 100 %
2026/09/30 03:01:14.271, 10569 MiB, 15360 MiB, 100 %
2026/09/30 03:01:15.275, 10569 MiB, 15360 MiB, 100 %
2026/09/30 03:01:16.278, 10569 MiB, 15360 MiB, 100 %
2026/09/30 03:01:17.282, 10569 MiB, 15360 MiB, 100 %
2026/09/30 03:01:18.285, 10569 MiB, 15360 MiB, 100 %
2026/09/30 03:01:19.287, 10569 MiB, 15360 MiB, 100 %
2026/09/30 03:01:20.291, 10571 MiB, 15360 MiB, 100 %
2026/09/30 03:01:21.294, 10571 MiB, 15360 MiB, 100 %
2026/09/30 03:01:22.297, 10571 MiB, 15360 MiB, 100 %
2026/09/30 03:01:23.300, 10571 MiB, 15360 MiB, 100 %
2026/09/30 03:01:24.303, 10573 MiB, 15360 MiB, 96 %
2026/09/30 03:01:25.305, 10573 MiB, 15360 MiB, 100 %
2026/09/30 03:01:26.309, 10575 MiB, 15360 MiB, 100 %
2026/09/30 03:01:27.311, 10575 MiB, 15360 MiB, 100 %
2026/09/30 03:01:28.317, 10575 MiB, 15360 MiB, 100 %
2026/09/30 03:01:29.323, 10575 MiB, 15360 MiB, 100 %
2026/09/30 03:01:30.333, 10575 MiB, 15360 MiB, 100 %
2026/09/30 03:01:31.337, 10575 MiB, 15360 MiB, 100 %
2026/09/30 03:01:32.340, 10575 MiB, 15360 MiB, 100 %
2026/09/30 03:01:33.342, 10575 MiB, 15360 MiB, 100 %
2026/09/30 03:01:34.344, 10575 MiB, 15360 MiB, 100 %
2026/09/30 03:01:35.348, 10575 MiB, 15360 MiB, 100 %
2026/09/30 03:01:36.351, 10575 MiB, 15360 MiB, 100 %
2026/09/30 03:01:37.353, 10575 MiB, 15360 MiB, 100 %
2026/09/30 03:01:38.356, 10575 MiB, 15360 MiB, 100 %
2026/09/30 03:01:39.359, 10575 MiB, 15360 MiB, 100 %
2026/09/30 03:01:40.361, 10575 MiB, 15360 MiB, 100 %
2026/09/30 03:01:41.365, 10575 MiB, 15360 MiB, 100 %
2026/09/30 03:01:42.373, 10575 MiB, 15360 MiB, 100 %
2026/09/30 03:01:43.380, 10575 MiB, 15360 MiB, 100 %
2026/09/30 03:01:44.386, 10575 MiB, 15360 MiB, 100 %
2026/09/30 03:01:45.388, 10575 MiB, 15360 MiB, 100 %
2026/09/30 03:01:46.390, 10575 MiB, 15360 MiB, 100 %
2026/09/30 03:01:47.392, 10575 MiB, 15360 MiB, 100 %
2026/09/30 03:01:48.395, 10575 MiB, 15360 MiB, 100 %
2026/09/30 03:01:49.397, 10575 MiB, 15360 MiB, 100 %
2026/09/30 03:01:50.399, 10575 MiB, 15360 MiB, 100 %
2026/09/30 03:01:51.402, 10575 MiB, 15360 MiB, 100 %
2026/09/30 03:01:52.405, 10575 MiB, 15360 MiB, 100 %
2026/09/30 03:01:53.409, 10575 MiB, 15360 MiB, 100 %
2026/09/30 03:01:54.412, 10575 MiB, 15360 MiB, 100 %
2026/09/30 03:01:55.415, 10575 MiB, 15360 MiB, 100 %
2026/09/30 03:01:56.422, 10575 MiB, 15360 MiB, 100 %
2026/09/30 03:01:57.430, 10575 MiB, 15360 MiB, 100 %
2026/09/30 03:01:58.438, 10575 MiB, 15360 MiB, 100 %
2026/09/30 03:01:59.444, 10575 MiB, 15360 MiB, 100 %
2026/09/30 03:02:00.446, 10575 MiB, 15360 MiB, 100 %
2026/09/30 03:02:01.448, 10575 MiB, 15360 MiB, 100 %
2026/09/30 03:02:02.450, 10575 MiB, 15360 MiB, 100 %
2026/09/30 03:02:03.452, 10575 MiB, 15360 MiB, 100 %
2026/09/30 03:02:04.455, 10575 MiB, 15360 MiB, 100 %
2026/09/30 03:02:05.460, 10575 MiB, 15360 MiB, 100 %
2026/09/30 03:02:06.462, 10575 MiB, 15360 MiB, 100 %
2026/09/30 03:02:07.465, 10575 MiB, 15360 MiB, 100 %
2026/09/30 03:02:08.468, 10575 MiB, 15360 MiB, 100 %
2026/09/30 03:02:09.471, 10575 MiB, 15360 MiB, 100 %
2026/09/30 03:02:10.480, 10575 MiB, 15360 MiB, 100 %
2026/09/30 03:02:11.489, 10575 MiB, 15360 MiB, 100 %
2026/09/30 03:02:12.493, 10575 MiB, 15360 MiB, 100 %
2026/09/30 03:02:13.498, 10575 MiB, 15360 MiB, 100 %
2026/09/30 03:02:14.501, 10575 MiB, 15360 MiB, 100 %
2026/09/30 03:02:15.506, 10575 MiB, 15360 MiB, 100 %
2026/09/30 03:02:16.509, 10575 MiB, 15360 MiB, 96 %
2026/09/30 03:02:17.511, 10575 MiB, 15360 MiB, 100 %
2026/09/30 03:02:18.516, 10575 MiB, 15360 MiB, 100 %
2026/09/30 03:02:19.518, 10575 MiB, 15360 MiB, 100 %
2026/09/30 03:02:20.522, 10575 MiB, 15360 MiB, 100 %
2026/09/30 03:02:21.525, 10575 MiB, 15360 MiB, 100 %
2026/09/30 03:02:22.530, 10575 MiB, 15360 MiB, 100 %
2026/09/30 03:02:23.533, 10575 MiB, 15360 MiB, 95 %
2026/09/30 03:02:24.536, 10575 MiB, 15360 MiB, 100 %
2026/09/30 03:02:25.545, 10575 MiB, 15360 MiB, 100 %
2026/09/30 03:02:26.550, 10575 MiB, 15360 MiB, 100 %
2026/09/30 03:02:27.562, 10575 MiB, 15360 MiB, 100 %
2026/09/30 03:02:28.564, 10575 MiB, 15360 MiB, 100 %
2026/09/30 03:02:29.567, 10575 MiB, 15360 MiB, 100 %
2026/09/30 03:02:30.569, 10575 MiB, 15360 MiB, 98 %
2026/09/30 03:02:31.573, 10575 MiB, 15360 MiB, 100 %
2026/09/30 03:02:32.576, 10575 MiB, 15360 MiB, 100 %
2026/09/30 03:02:33.578, 10575 MiB, 15360 MiB, 100 %
2026/09/30 03:02:34.581, 10575 MiB, 15360 MiB, 100 %
2026/09/30 03:02:35.583, 10575 MiB, 15360 MiB, 100 %
2026/09/30 03:02:36.586, 10575 MiB, 15360 MiB, 100 %
2026/09/30 03:02:37.590, 10575 MiB, 15360 MiB, 100 %
2026/09/30 03:02:38.594, 10575 MiB, 15360 MiB, 100 %
2026/09/30 03:02:39.598, 10575 MiB, 15360 MiB, 100 %
2026/09/30 03:02:40.601, 10575 MiB, 15360 MiB, 100 %
2026/09/30 03:02:41.609, 10575 MiB, 15360 MiB, 100 %
2026/09/30 03:02:42.611, 10575 MiB, 15360 MiB, 100 %
2026/09/30 03:02:43.614, 10575 MiB, 15360 MiB, 100 %
2026/09/30 03:02:44.617, 10577 MiB, 15360 MiB, 100 %
2026/09/30 03:02:45.619, 10577 MiB, 15360 MiB, 100 %
2026/09/30 03:02:46.623, 10577 MiB, 15360 MiB, 100 %
2026/09/30 03:02:47.625, 10577 MiB, 15360 MiB, 100 %
2026/09/30 03:02:48.628, 10577 MiB, 15360 MiB, 100 %
2026/09/30 03:02:49.630, 10577 MiB, 15360 MiB, 100 %
2026/09/30 03:02:50.632, 10577 MiB, 15360 MiB, 100 %
2026/09/30 03:02:51.636, 10577 MiB, 15360 MiB, 100 %
2026/09/30 03:02:52.642, 10577 MiB, 15360 MiB, 100 %
2026/09/30 03:02:53.651, 10577 MiB, 15360 MiB, 100 %
2026/09/30 03:02:54.656, 10577 MiB, 15360 MiB, 100 %
2026/09/30 03:02:55.660, 10577 MiB, 15360 MiB, 100 %
2026/09/30 03:02:56.663, 10577 MiB, 15360 MiB, 100 %
2026/09/30 03:02:57.665, 10577 MiB, 15360 MiB, 100 %
2026/09/30 03:02:58.667, 10577 MiB, 15360 MiB, 100 %
2026/09/30 03:02:59.670, 10577 MiB, 15360 MiB, 100 %
2026/09/30 03:03:00.673, 10577 MiB, 15360 MiB, 100 %
2026/09/30 03:03:01.675, 10577 MiB, 15360 MiB, 100 %
2026/09/30 03:03:02.678, 10577 MiB, 15360 MiB, 100 %
2026/09/30 03:03:03.680, 10577 MiB, 15360 MiB, 96 %
2026/09/30 03:03:04.682, 10577 MiB, 15360 MiB, 100 %
2026/09/30 03:03:05.686, 10577 MiB, 15360 MiB, 100 %
2026/09/30 03:03:06.692, 10577 MiB, 15360 MiB, 100 %
2026/09/30 03:03:07.696, 10577 MiB, 15360 MiB, 100 %
2026/09/30 03:03:08.702, 10577 MiB, 15360 MiB, 100 %
2026/09/30 03:03:09.707, 10577 MiB, 15360 MiB, 100 %
2026/09/30 03:03:10.709, 10577 MiB, 15360 MiB, 100 %
2026/09/30 03:03:11.712, 10577 MiB, 15360 MiB, 100 %
2026/09/30 03:03:12.714, 10577 MiB, 15360 MiB, 100 %
2026/09/30 03:03:13.717, 10577 MiB, 15360 MiB, 100 %
2026/09/30 03:03:14.719, 10577 MiB, 15360 MiB, 100 %
2026/09/30 03:03:15.721, 10577 MiB, 15360 MiB, 100 %
2026/09/30 03:03:16.724, 10577 MiB, 15360 MiB, 99 %
2026/09/30 03:03:17.726, 10577 MiB, 15360 MiB, 100 %
2026/09/30 03:03:18.728, 10577 MiB, 15360 MiB, 100 %
2026/09/30 03:03:19.731, 10577 MiB, 15360 MiB, 100 %
2026/09/30 03:03:20.739, 10577 MiB, 15360 MiB, 100 %
2026/09/30 03:03:21.747, 10577 MiB, 15360 MiB, 100 %
2026/09/30 03:03:22.753, 10577 MiB, 15360 MiB, 100 %
2026/09/30 03:03:23.757, 10577 MiB, 15360 MiB, 100 %
2026/09/30 03:03:24.761, 10577 MiB, 15360 MiB, 100 %
2026/09/30 03:03:25.763, 10577 MiB, 15360 MiB, 100 %
2026/09/30 03:03:26.767, 10577 MiB, 15360 MiB, 100 %
2026/09/30 03:03:27.770, 10577 MiB, 15360 MiB, 100 %
2026/09/30 03:03:28.772, 10577 MiB, 15360 MiB, 100 %
2026/09/30 03:03:29.776, 10577 MiB, 15360 MiB, 100 %
2026/09/30 03:03:30.783, 10577 MiB, 15360 MiB, 100 %
2026/09/30 03:03:31.790, 10577 MiB, 15360 MiB, 100 %
2026/09/30 03:03:32.792, 10577 MiB, 15360 MiB, 100 %
2026/09/30 03:03:33.796, 10577 MiB, 15360 MiB, 100 %
2026/09/30 03:03:34.803, 10577 MiB, 15360 MiB, 100 %
2026/09/30 03:03:35.812, 10577 MiB, 15360 MiB, 100 %
2026/09/30 03:03:36.824, 10577 MiB, 15360 MiB, 100 %
2026/09/30 03:03:37.830, 10577 MiB, 15360 MiB, 100 %
2026/09/30 03:03:38.833, 10577 MiB, 15360 MiB, 100 %
2026/09/30 03:03:39.837, 10577 MiB, 15360 MiB, 100 %
2026/09/30 03:03:40.839, 10577 MiB, 15360 MiB, 100 %
2026/09/30 03:03:41.842, 10577 MiB, 15360 MiB, 100 %
2026/09/30 03:03:42.845, 10577 MiB, 15360 MiB, 100 %
2026/09/30 03:03:43.847, 10577 MiB, 15360 MiB, 99 %
2026/09/30 03:03:44.850, 10577 MiB, 15360 MiB, 100 %
2026/09/30 03:03:45.853, 10577 MiB, 15360 MiB, 100 %
2026/09/30 03:03:46.855, 10577 MiB, 15360 MiB, 100 %
2026/09/30 03:03:47.859, 10577 MiB, 15360 MiB, 100 %
2026/09/30 03:03:48.865, 10577 MiB, 15360 MiB, 100 %
2026/09/30 03:03:49.868, 10577 MiB, 15360 MiB, 100 %
2026/09/30 03:03:50.877, 10577 MiB, 15360 MiB, 100 %
2026/09/30 03:03:51.880, 10577 MiB, 15360 MiB, 100 %
2026/09/30 03:03:52.883, 10577 MiB, 15360 MiB, 100 %
2026/09/30 03:03:53.886, 10577 MiB, 15360 MiB, 100 %
2026/09/30 03:03:54.888, 10577 MiB, 15360 MiB, 100 %
2026/09/30 03:03:55.893, 10577 MiB, 15360 MiB, 100 %
2026/09/30 03:03:56.898, 10577 MiB, 15360 MiB, 100 %
2026/09/30 03:03:57.902, 10577 MiB, 15360 MiB, 96 %
2026/09/30 03:03:58.904, 10577 MiB, 15360 MiB, 100 %
2026/09/30 03:03:59.907, 10577 MiB, 15360 MiB, 100 %
2026/09/30 03:04:00.909, 10577 MiB, 15360 MiB, 100 %
2026/09/30 03:04:01.912, 10577 MiB, 15360 MiB, 100 %
2026/09/30 03:04:02.922, 10577 MiB, 15360 MiB, 100 %
2026/09/30 03:04:03.928, 10577 MiB, 15360 MiB, 100 %
2026/09/30 03:04:04.932, 10577 MiB, 15360 MiB, 100 %
2026/09/30 03:04:05.940, 10577 MiB, 15360 MiB, 100 %
2026/09/30 03:04:06.943, 10577 MiB, 15360 MiB, 100 %
2026/09/30 03:04:07.945, 10577 MiB, 15360 MiB, 100 %
2026/09/30 03:04:08.948, 10577 MiB, 15360 MiB, 100 %
2026/09/30 03:04:09.951, 10577 MiB, 15360 MiB, 100 %
2026/09/30 03:04:10.954, 10577 MiB, 15360 MiB, 100 %
2026/09/30 03:04:11.956, 10577 MiB, 15360 MiB, 100 %
2026/09/30 03:04:12.959, 10577 MiB, 15360 MiB, 100 %
2026/09/30 03:04:13.961, 10577 MiB, 15360 MiB, 100 %
2026/09/30 03:04:14.964, 10577 MiB, 15360 MiB, 100 %
2026/09/30 03:04:15.968, 10577 MiB, 15360 MiB, 100 %
2026/09/30 03:04:16.971, 10577 MiB, 15360 MiB, 100 %
2026/09/30 03:04:17.975, 10577 MiB, 15360 MiB, 100 %
2026/09/30 03:04:18.979, 10577 MiB, 15360 MiB, 100 %
2026/09/30 03:04:19.988, 10577 MiB, 15360 MiB, 100 %
2026/09/30 03:04:20.992, 10577 MiB, 15360 MiB, 100 %
2026/09/30 03:04:21.998, 10577 MiB, 15360 MiB, 100 %
2026/09/30 03:04:23.001, 10577 MiB, 15360 MiB, 100 %
2026/09/30 03:04:24.004, 10577 MiB, 15360 MiB, 100 %
2026/09/30 03:04:25.006, 10577 MiB, 15360 MiB, 100 %
2026/09/30 03:04:26.009, 10577 MiB, 15360 MiB, 100 %
2026/09/30 03:04:27.011, 10577 MiB, 15360 MiB, 100 %
2026/09/30 03:04:28.014, 10577 MiB, 15360 MiB, 100 %
2026/09/30 03:04:29.016, 10577 MiB, 15360 MiB, 100 %
2026/09/30 03:04:30.019, 10577 MiB, 15360 MiB, 100 %
2026/09/30 03:04:31.028, 10577 MiB, 15360 MiB, 100 %
2026/09/30 03:04:32.035, 10577 MiB, 15360 MiB, 100 %
2026/09/30 03:04:33.039, 10577 MiB, 15360 MiB, 100 %
2026/09/30 03:04:34.046, 10577 MiB, 15360 MiB, 100 %
2026/09/30 03:04:35.048, 10577 MiB, 15360 MiB, 100 %
2026/09/30 03:04:36.050, 10577 MiB, 15360 MiB, 100 %
2026/09/30 03:04:37.054, 10577 MiB, 15360 MiB, 100 %
2026/09/30 03:04:38.057, 10577 MiB, 15360 MiB, 100 %
2026/09/30 03:04:39.059, 10577 MiB, 15360 MiB, 100 %
2026/09/30 03:04:40.063, 10577 MiB, 15360 MiB, 100 %
2026/09/30 03:04:41.065, 10577 MiB, 15360 MiB, 100 %
2026/09/30 03:04:42.068, 10577 MiB, 15360 MiB, 100 %
2026/09/30 03:04:43.071, 10577 MiB, 15360 MiB, 100 %
2026/09/30 03:04:44.074, 10577 MiB, 15360 MiB, 100 %
2026/09/30 03:04:45.081, 10577 MiB, 15360 MiB, 100 %
2026/09/30 03:04:46.088, 10577 MiB, 15360 MiB, 100 %
2026/09/30 03:04:47.095, 10577 MiB, 15360 MiB, 100 %
2026/09/30 03:04:48.101, 10577 MiB, 15360 MiB, 100 %
2026/09/30 03:04:49.108, 10577 MiB, 15360 MiB, 100 %
2026/09/30 03:04:50.111, 10577 MiB, 15360 MiB, 100 %
2026/09/30 03:04:51.113, 10577 MiB, 15360 MiB, 100 %
2026/09/30 03:04:52.115, 10577 MiB, 15360 MiB, 100 %
2026/09/30 03:04:53.118, 10577 MiB, 15360 MiB, 100 %
2026/09/30 03:04:54.120, 10577 MiB, 15360 MiB, 100 %
2026/09/30 03:04:55.123, 10577 MiB, 15360 MiB, 100 %
2026/09/30 03:04:56.126, 10577 MiB, 15360 MiB, 100 %
2026/09/30 03:04:57.129, 10577 MiB, 15360 MiB, 100 %
2026/09/30 03:04:58.133, 10577 MiB, 15360 MiB, 100 %
2026/09/30 03:04:59.141, 10577 MiB, 15360 MiB, 100 %
2026/09/30 03:05:00.149, 10577 MiB, 15360 MiB, 100 %
2026/09/30 03:05:01.152, 10577 MiB, 15360 MiB, 100 %
2026/09/30 03:05:02.157, 10577 MiB, 15360 MiB, 100 %
2026/09/30 03:05:03.161, 10577 MiB, 15360 MiB, 100 %
2026/09/30 03:05:04.163, 10577 MiB, 15360 MiB, 100 %
2026/09/30 03:05:05.166, 10577 MiB, 15360 MiB, 100 %
2026/09/30 03:05:06.169, 10577 MiB, 15360 MiB, 100 %
2026/09/30 03:05:07.172, 10577 MiB, 15360 MiB, 100 %
2026/09/30 03:05:08.174, 10577 MiB, 15360 MiB, 100 %
2026/09/30 03:05:09.177, 10577 MiB, 15360 MiB, 100 %
2026/09/30 03:05:10.181, 10577 MiB, 15360 MiB, 100 %
2026/09/30 03:05:11.183, 10577 MiB, 15360 MiB, 100 %
2026/09/30 03:05:12.187, 10577 MiB, 15360 MiB, 100 %
2026/09/30 03:05:13.191, 10577 MiB, 15360 MiB, 100 %
2026/09/30 03:05:14.200, 10577 MiB, 15360 MiB, 100 %
2026/09/30 03:05:15.203, 10577 MiB, 15360 MiB, 100 %
2026/09/30 03:05:16.211, 10577 MiB, 15360 MiB, 100 %
2026/09/30 03:05:17.213, 10577 MiB, 15360 MiB, 100 %
2026/09/30 03:05:18.218, 10577 MiB, 15360 MiB, 100 %
2026/09/30 03:05:19.220, 10577 MiB, 15360 MiB, 100 %
2026/09/30 03:05:20.223, 10577 MiB, 15360 MiB, 100 %
2026/09/30 03:05:21.227, 10577 MiB, 15360 MiB, 100 %
2026/09/30 03:05:22.230, 10577 MiB, 15360 MiB, 100 %
2026/09/30 03:05:23.233, 10577 MiB, 15360 MiB, 100 %
2026/09/30 03:05:24.235, 10577 MiB, 15360 MiB, 100 %
2026/09/30 03:05:25.238, 10577 MiB, 15360 MiB, 100 %
2026/09/30 03:05:26.242, 10577 MiB, 15360 MiB, 100 %
2026/09/30 03:05:27.246, 10577 MiB, 15360 MiB, 100 %
2026/09/30 03:05:28.253, 10577 MiB, 15360 MiB, 100 %
2026/09/30 03:05:29.258, 10577 MiB, 15360 MiB, 100 %
2026/09/30 03:05:30.263, 10577 MiB, 15360 MiB, 100 %
2026/09/30 03:05:31.266, 10577 MiB, 15360 MiB, 100 %
2026/09/30 03:05:32.268, 10577 MiB, 15360 MiB, 100 %
2026/09/30 03:05:33.270, 10577 MiB, 15360 MiB, 100 %
2026/09/30 03:05:34.273, 10577 MiB, 15360 MiB, 100 %
2026/09/30 03:05:35.276, 10577 MiB, 15360 MiB, 100 %
2026/09/30 03:05:36.278, 10577 MiB, 15360 MiB, 100 %
2026/09/30 03:05:37.281, 10577 MiB, 15360 MiB, 100 %
2026/09/30 03:05:38.283, 10577 MiB, 15360 MiB, 100 %
2026/09/30 03:05:39.287, 10577 MiB, 15360 MiB, 100 %
2026/09/30 03:05:40.292, 10577 MiB, 15360 MiB, 100 %
2026/09/30 03:05:41.295, 10577 MiB, 15360 MiB, 100 %
2026/09/30 03:05:42.300, 10577 MiB, 15360 MiB, 100 %
2026/09/30 03:05:43.302, 10577 MiB, 15360 MiB, 100 %
2026/09/30 03:05:44.305, 10577 MiB, 15360 MiB, 100 %
2026/09/30 03:05:45.307, 10577 MiB, 15360 MiB, 100 %
2026/09/30 03:05:46.309, 10577 MiB, 15360 MiB, 100 %
2026/09/30 03:05:47.312, 10577 MiB, 15360 MiB, 100 %
2026/09/30 03:05:48.314, 10577 MiB, 15360 MiB, 100 %
2026/09/30 03:05:49.317, 10577 MiB, 15360 MiB, 100 %
2026/09/30 03:05:50.319, 10577 MiB, 15360 MiB, 100 %
2026/09/30 03:05:51.321, 10577 MiB, 15360 MiB, 100 %
2026/09/30 03:05:52.324, 10577 MiB, 15360 MiB, 100 %
2026/09/30 03:05:53.327, 10577 MiB, 15360 MiB, 100 %
2026/09/30 03:05:54.333, 10577 MiB, 15360 MiB, 100 %
2026/09/30 03:05:55.340, 10577 MiB, 15360 MiB, 100 %
2026/09/30 03:05:56.344, 10577 MiB, 15360 MiB, 100 %
2026/09/30 03:05:57.351, 10577 MiB, 15360 MiB, 100 %
2026/09/30 03:05:58.354, 10577 MiB, 15360 MiB, 100 %
2026/09/30 03:05:59.356, 10577 MiB, 15360 MiB, 100 %
2026/09/30 03:06:00.358, 10577 MiB, 15360 MiB, 100 %
2026/09/30 03:06:01.361, 10577 MiB, 15360 MiB, 100 %
2026/09/30 03:06:02.364, 10577 MiB, 15360 MiB, 100 %
2026/09/30 03:06:03.366, 10577 MiB, 15360 MiB, 100 %
2026/09/30 03:06:04.369, 10577 MiB, 15360 MiB, 100 %
2026/09/30 03:06:05.371, 10577 MiB, 15360 MiB, 100 %
2026/09/30 03:06:06.374, 10577 MiB, 15360 MiB, 100 %
2026/09/30 03:06:07.377, 10577 MiB, 15360 MiB, 100 %
2026/09/30 03:06:08.383, 10577 MiB, 15360 MiB, 100 %
2026/09/30 03:06:09.388, 10577 MiB, 15360 MiB, 100 %
2026/09/30 03:06:10.396, 10577 MiB, 15360 MiB, 100 %
2026/09/30 03:06:11.400, 10577 MiB, 15360 MiB, 100 %
2026/09/30 03:06:12.402, 10577 MiB, 15360 MiB, 100 %
2026/09/30 03:06:13.405, 10577 MiB, 15360 MiB, 100 %
2026/09/30 03:06:14.408, 10577 MiB, 15360 MiB, 100 %
2026/09/30 03:06:15.410, 10577 MiB, 15360 MiB, 100 %
2026/09/30 03:06:16.413, 10577 MiB, 15360 MiB, 100 %
2026/09/30 03:06:17.415, 10577 MiB, 15360 MiB, 100 %
2026/09/30 03:06:18.419, 10577 MiB, 15360 MiB, 100 %
2026/09/30 03:06:19.421, 10577 MiB, 15360 MiB, 100 %
2026/09/30 03:06:20.424, 10577 MiB, 15360 MiB, 100 %
2026/09/30 03:06:21.427, 10577 MiB, 15360 MiB, 100 %
2026/09/30 03:06:22.432, 10577 MiB, 15360 MiB, 100 %
2026/09/30 03:06:23.440, 10577 MiB, 15360 MiB, 100 %
2026/09/30 03:06:24.448, 10577 MiB, 15360 MiB, 100 %
2026/09/30 03:06:25.453, 10577 MiB, 15360 MiB, 100 %
2026/09/30 03:06:26.455, 10577 MiB, 15360 MiB, 100 %
2026/09/30 03:06:27.458, 10577 MiB, 15360 MiB, 100 %
2026/09/30 03:06:28.461, 10577 MiB, 15360 MiB, 100 %
2026/09/30 03:06:29.464, 10577 MiB, 15360 MiB, 100 %
2026/09/30 03:06:30.467, 10577 MiB, 15360 MiB, 100 %
2026/09/30 03:06:31.470, 10577 MiB, 15360 MiB, 100 %
2026/09/30 03:06:32.473, 10577 MiB, 15360 MiB, 100 %
2026/09/30 03:06:33.476, 10577 MiB, 15360 MiB, 100 %
2026/09/30 03:06:34.481, 10577 MiB, 15360 MiB, 100 %
2026/09/30 03:06:35.488, 10577 MiB, 15360 MiB, 100 %
2026/09/30 03:06:36.493, 10577 MiB, 15360 MiB, 100 %
2026/09/30 03:06:37.500, 10577 MiB, 15360 MiB, 100 %
2026/09/30 03:06:38.504, 10577 MiB, 15360 MiB, 100 %
2026/09/30 03:06:39.507, 10577 MiB, 15360 MiB, 100 %
2026/09/30 03:06:40.510, 10577 MiB, 15360 MiB, 100 %
2026/09/30 03:06:41.514, 10577 MiB, 15360 MiB, 100 %
2026/09/30 03:06:42.517, 10577 MiB, 15360 MiB, 100 %
2026/09/30 03:06:43.520, 10577 MiB, 15360 MiB, 100 %
2026/09/30 03:06:44.523, 10577 MiB, 15360 MiB, 100 %
2026/09/30 03:06:45.526, 10577 MiB, 15360 MiB, 100 %
2026/09/30 03:06:46.529, 10577 MiB, 15360 MiB, 100 %
2026/09/30 03:06:47.532, 10577 MiB, 15360 MiB, 100 %
2026/09/30 03:06:48.535, 10577 MiB, 15360 MiB, 100 %
2026/09/30 03:06:49.540, 10577 MiB, 15360 MiB, 100 %
2026/09/30 03:06:50.543, 10577 MiB, 15360 MiB, 100 %
2026/09/30 03:06:51.548, 10577 MiB, 15360 MiB, 100 %
2026/09/30 03:06:52.551, 10577 MiB, 15360 MiB, 100 %
2026/09/30 03:06:53.556, 10577 MiB, 15360 MiB, 100 %
2026/09/30 03:06:54.560, 10577 MiB, 15360 MiB, 100 %
2026/09/30 03:06:55.564, 10577 MiB, 15360 MiB, 100 %
2026/09/30 03:06:56.566, 10577 MiB, 15360 MiB, 100 %
2026/09/30 03:06:57.569, 10577 MiB, 15360 MiB, 100 %
2026/09/30 03:06:58.575, 10577 MiB, 15360 MiB, 100 %
2026/09/30 03:06:59.578, 10577 MiB, 15360 MiB, 100 %
2026/09/30 03:07:00.580, 10577 MiB, 15360 MiB, 100 %
2026/09/30 03:07:01.583, 10577 MiB, 15360 MiB, 100 %
2026/09/30 03:07:02.585, 10577 MiB, 15360 MiB, 100 %
2026/09/30 03:07:03.588, 10577 MiB, 15360 MiB, 100 %
2026/09/30 03:07:04.592, 10577 MiB, 15360 MiB, 100 %
2026/09/30 03:07:05.595, 10577 MiB, 15360 MiB, 100 %
2026/09/30 03:07:06.602, 10577 MiB, 15360 MiB, 100 %
2026/09/30 03:07:07.607, 10577 MiB, 15360 MiB, 100 %
2026/09/30 03:07:08.609, 10577 MiB, 15360 MiB, 100 %
2026/09/30 03:07:09.612, 10577 MiB, 15360 MiB, 100 %
2026/09/30 03:07:10.616, 10577 MiB, 15360 MiB, 100 %
2026/09/30 03:07:11.618, 10577 MiB, 15360 MiB, 100 %
2026/09/30 03:07:12.621, 10577 MiB, 15360 MiB, 100 %
2026/09/30 03:07:13.625, 10577 MiB, 15360 MiB, 100 %
2026/09/30 03:07:14.627, 10577 MiB, 15360 MiB, 100 %
2026/09/30 03:07:15.630, 10577 MiB, 15360 MiB, 100 %
2026/09/30 03:07:16.632, 10577 MiB, 15360 MiB, 100 %
2026/09/30 03:07:17.636, 10577 MiB, 15360 MiB, 100 %
2026/09/30 03:07:18.641, 10577 MiB, 15360 MiB, 100 %
2026/09/30 03:07:19.646, 10577 MiB, 15360 MiB, 100 %
2026/09/30 03:07:20.651, 10577 MiB, 15360 MiB, 100 %
2026/09/30 03:07:21.656, 10577 MiB, 15360 MiB, 100 %
2026/09/30 03:07:22.659, 10577 MiB, 15360 MiB, 100 %
2026/09/30 03:07:23.662, 10577 MiB, 15360 MiB, 100 %
2026/09/30 03:07:24.665, 10577 MiB, 15360 MiB, 100 %
2026/09/30 03:07:25.669, 10577 MiB, 15360 MiB, 100 %
2026/09/30 03:07:26.671, 10577 MiB, 15360 MiB, 100 %
2026/09/30 03:07:27.674, 10577 MiB, 15360 MiB, 100 %
2026/09/30 03:07:28.676, 10577 MiB, 15360 MiB, 100 %
2026/09/30 03:07:29.679, 10577 MiB, 15360 MiB, 100 %
2026/09/30 03:07:30.681, 10577 MiB, 15360 MiB, 100 %
2026/09/30 03:07:31.684, 10577 MiB, 15360 MiB, 100 %
2026/09/30 03:07:32.688, 10577 MiB, 15360 MiB, 100 %
2026/09/30 03:07:33.691, 10577 MiB, 15360 MiB, 100 %
2026/09/30 03:07:34.696, 10577 MiB, 15360 MiB, 100 %
2026/09/30 03:07:35.699, 10577 MiB, 15360 MiB, 100 %
2026/09/30 03:07:36.701, 10577 MiB, 15360 MiB, 100 %
2026/09/30 03:07:37.704, 10577 MiB, 15360 MiB, 100 %
2026/09/30 03:07:38.707, 10577 MiB, 15360 MiB, 100 %
2026/09/30 03:07:39.710, 10577 MiB, 15360 MiB, 100 %
2026/09/30 03:07:40.712, 10577 MiB, 15360 MiB, 100 %
2026/09/30 03:07:41.715, 10577 MiB, 15360 MiB, 96 %
2026/09/30 03:07:42.717, 10577 MiB, 15360 MiB, 100 %
2026/09/30 03:07:43.719, 10577 MiB, 15360 MiB, 100 %
2026/09/30 03:07:44.721, 10577 MiB, 15360 MiB, 100 %
2026/09/30 03:07:45.725, 10577 MiB, 15360 MiB, 100 %
2026/09/30 03:07:46.728, 10577 MiB, 15360 MiB, 100 %
2026/09/30 03:07:47.735, 10577 MiB, 15360 MiB, 100 %
2026/09/30 03:07:48.741, 10577 MiB, 15360 MiB, 100 %
2026/09/30 03:07:49.744, 10577 MiB, 15360 MiB, 100 %
2026/09/30 03:07:50.747, 10577 MiB, 15360 MiB, 100 %
2026/09/30 03:07:51.754, 10577 MiB, 15360 MiB, 100 %
2026/09/30 03:07:52.756, 10577 MiB, 15360 MiB, 100 %
2026/09/30 03:07:53.759, 10577 MiB, 15360 MiB, 100 %
2026/09/30 03:07:54.761, 10577 MiB, 15360 MiB, 100 %
2026/09/30 03:07:55.763, 10577 MiB, 15360 MiB, 100 %
2026/09/30 03:07:56.767, 10577 MiB, 15360 MiB, 100 %
2026/09/30 03:07:57.770, 10577 MiB, 15360 MiB, 100 %
2026/09/30 03:07:58.774, 10577 MiB, 15360 MiB, 100 %
2026/09/30 03:07:59.779, 10577 MiB, 15360 MiB, 100 %
2026/09/30 03:08:00.782, 10577 MiB, 15360 MiB, 100 %
2026/09/30 03:08:01.786, 10577 MiB, 15360 MiB, 100 %
2026/09/30 03:08:02.789, 10577 MiB, 15360 MiB, 100 %
2026/09/30 03:08:03.791, 10577 MiB, 15360 MiB, 100 %
2026/09/30 03:08:04.795, 10577 MiB, 15360 MiB, 100 %
2026/09/30 03:08:05.797, 10577 MiB, 15360 MiB, 100 %
2026/09/30 03:08:06.800, 10577 MiB, 15360 MiB, 100 %
2026/09/30 03:08:07.802, 10577 MiB, 15360 MiB, 100 %
2026/09/30 03:08:08.806, 10577 MiB, 15360 MiB, 100 %
2026/09/30 03:08:09.808, 10577 MiB, 15360 MiB, 100 %
2026/09/30 03:08:10.811, 10577 MiB, 15360 MiB, 100 %
2026/09/30 03:08:11.815, 10577 MiB, 15360 MiB, 100 %
2026/09/30 03:08:12.819, 10577 MiB, 15360 MiB, 100 %
2026/09/30 03:08:13.824, 10577 MiB, 15360 MiB, 100 %
2026/09/30 03:08:14.830, 10577 MiB, 15360 MiB, 100 %
2026/09/30 03:08:15.839, 10577 MiB, 15360 MiB, 100 %
2026/09/30 03:08:16.843, 10577 MiB, 15360 MiB, 100 %
2026/09/30 03:08:17.846, 10577 MiB, 15360 MiB, 100 %
2026/09/30 03:08:18.852, 10577 MiB, 15360 MiB, 100 %
2026/09/30 03:08:19.855, 10577 MiB, 15360 MiB, 100 %
2026/09/30 03:08:20.857, 10577 MiB, 15360 MiB, 100 %
2026/09/30 03:08:21.861, 10577 MiB, 15360 MiB, 100 %
2026/09/30 03:08:22.864, 10577 MiB, 15360 MiB, 100 %
2026/09/30 03:08:23.866, 10577 MiB, 15360 MiB, 100 %
2026/09/30 03:08:24.869, 10577 MiB, 15360 MiB, 100 %
2026/09/30 03:08:25.871, 10577 MiB, 15360 MiB, 100 %
2026/09/30 03:08:26.875, 10577 MiB, 15360 MiB, 100 %
2026/09/30 03:08:27.883, 10577 MiB, 15360 MiB, 100 %
2026/09/30 03:08:28.888, 10577 MiB, 15360 MiB, 100 %
2026/09/30 03:08:29.894, 10577 MiB, 15360 MiB, 100 %
2026/09/30 03:08:30.900, 10577 MiB, 15360 MiB, 100 %
2026/09/30 03:08:31.904, 10577 MiB, 15360 MiB, 100 %
2026/09/30 03:08:32.906, 10577 MiB, 15360 MiB, 100 %
2026/09/30 03:08:33.908, 10577 MiB, 15360 MiB, 100 %
2026/09/30 03:08:34.911, 10577 MiB, 15360 MiB, 100 %
2026/09/30 03:08:35.914, 10577 MiB, 15360 MiB, 100 %
2026/09/30 03:08:36.916, 10577 MiB, 15360 MiB, 100 %
2026/09/30 03:08:37.919, 10577 MiB, 15360 MiB, 100 %
2026/09/30 03:08:38.921, 10577 MiB, 15360 MiB, 100 %
2026/09/30 03:08:39.924, 10577 MiB, 15360 MiB, 100 %
2026/09/30 03:08:40.927, 10577 MiB, 15360 MiB, 100 %
2026/09/30 03:08:41.934, 10577 MiB, 15360 MiB, 100 %
2026/09/30 03:08:42.941, 10577 MiB, 15360 MiB, 100 %
2026/09/30 03:08:43.948, 10577 MiB, 15360 MiB, 100 %
2026/09/30 03:08:44.954, 10577 MiB, 15360 MiB, 100 %
2026/09/30 03:08:45.957, 10577 MiB, 15360 MiB, 100 %
2026/09/30 03:08:46.959, 10577 MiB, 15360 MiB, 100 %
2026/09/30 03:08:47.961, 10577 MiB, 15360 MiB, 100 %
2026/09/30 03:08:48.964, 10577 MiB, 15360 MiB, 100 %
2026/09/30 03:08:49.967, 10577 MiB, 15360 MiB, 100 %
2026/09/30 03:08:50.970, 10577 MiB, 15360 MiB, 100 %
2026/09/30 03:08:51.973, 10577 MiB, 15360 MiB, 100 %
2026/09/30 03:08:52.975, 10577 MiB, 15360 MiB, 100 %
2026/09/30 03:08:53.979, 10577 MiB, 15360 MiB, 100 %
2026/09/30 03:08:54.981, 10577 MiB, 15360 MiB, 100 %
2026/09/30 03:08:55.989, 10577 MiB, 15360 MiB, 100 %
2026/09/30 03:08:56.995, 10577 MiB, 15360 MiB, 100 %
2026/09/30 03:08:57.999, 10577 MiB, 15360 MiB, 100 %
2026/09/30 03:08:59.004, 10577 MiB, 15360 MiB, 100 %
2026/09/30 03:09:00.007, 10577 MiB, 15360 MiB, 100 %
2026/09/30 03:09:01.010, 10577 MiB, 15360 MiB, 100 %
2026/09/30 03:09:02.012, 10577 MiB, 15360 MiB, 100 %
2026/09/30 03:09:03.015, 10577 MiB, 15360 MiB, 100 %
2026/09/30 03:09:04.017, 10577 MiB, 15360 MiB, 100 %
2026/09/30 03:09:05.020, 10577 MiB, 15360 MiB, 100 %
2026/09/30 03:09:06.022, 10577 MiB, 15360 MiB, 100 %
2026/09/30 03:09:07.024, 10577 MiB, 15360 MiB, 100 %
2026/09/30 03:09:08.026, 10577 MiB, 15360 MiB, 100 %
2026/09/30 03:09:09.030, 10577 MiB, 15360 MiB, 100 %
2026/09/30 03:09:10.036, 10577 MiB, 15360 MiB, 100 %
2026/09/30 03:09:11.043, 10577 MiB, 15360 MiB, 100 %
2026/09/30 03:09:12.047, 10577 MiB, 15360 MiB, 100 %
2026/09/30 03:09:13.050, 10577 MiB, 15360 MiB, 100 %
2026/09/30 03:09:14.052, 10577 MiB, 15360 MiB, 100 %
2026/09/30 03:09:15.055, 10577 MiB, 15360 MiB, 100 %
2026/09/30 03:09:16.057, 10577 MiB, 15360 MiB, 100 %
2026/09/30 03:09:17.059, 10577 MiB, 15360 MiB, 100 %
2026/09/30 03:09:18.062, 10577 MiB, 15360 MiB, 100 %
2026/09/30 03:09:19.064, 10577 MiB, 15360 MiB, 100 %
2026/09/30 03:09:20.066, 10577 MiB, 15360 MiB, 100 %
2026/09/30 03:09:21.070, 10577 MiB, 15360 MiB, 100 %
2026/09/30 03:09:22.074, 10577 MiB, 15360 MiB, 100 %
2026/09/30 03:09:23.078, 10577 MiB, 15360 MiB, 100 %
2026/09/30 03:09:24.081, 10577 MiB, 15360 MiB, 100 %
2026/09/30 03:09:25.088, 10577 MiB, 15360 MiB, 100 %
2026/09/30 03:09:26.095, 10577 MiB, 15360 MiB, 100 %
2026/09/30 03:09:27.102, 10577 MiB, 15360 MiB, 100 %
2026/09/30 03:09:28.105, 10577 MiB, 15360 MiB, 100 %
2026/09/30 03:09:29.108, 10577 MiB, 15360 MiB, 99 %
2026/09/30 03:09:30.111, 10577 MiB, 15360 MiB, 100 %
2026/09/30 03:09:31.113, 10577 MiB, 15360 MiB, 100 %
2026/09/30 03:09:32.117, 10577 MiB, 15360 MiB, 100 %
2026/09/30 03:09:33.119, 10577 MiB, 15360 MiB, 100 %
2026/09/30 03:09:34.122, 10577 MiB, 15360 MiB, 100 %
2026/09/30 03:09:35.126, 10577 MiB, 15360 MiB, 100 %
2026/09/30 03:09:36.135, 10577 MiB, 15360 MiB, 100 %
2026/09/30 03:09:37.140, 10577 MiB, 15360 MiB, 100 %
2026/09/30 03:09:38.143, 10577 MiB, 15360 MiB, 100 %
2026/09/30 03:09:39.147, 10577 MiB, 15360 MiB, 100 %
2026/09/30 03:09:40.153, 10577 MiB, 15360 MiB, 100 %
2026/09/30 03:09:41.155, 10577 MiB, 15360 MiB, 100 %
2026/09/30 03:09:42.158, 10577 MiB, 15360 MiB, 100 %
2026/09/30 03:09:43.160, 10577 MiB, 15360 MiB, 100 %
2026/09/30 03:09:44.163, 10577 MiB, 15360 MiB, 100 %
2026/09/30 03:09:45.165, 10577 MiB, 15360 MiB, 100 %
2026/09/30 03:09:46.167, 10577 MiB, 15360 MiB, 96 %
2026/09/30 03:09:47.170, 10577 MiB, 15360 MiB, 100 %
2026/09/30 03:09:48.172, 10577 MiB, 15360 MiB, 100 %
2026/09/30 03:09:49.175, 10577 MiB, 15360 MiB, 100 %
2026/09/30 03:09:50.179, 10577 MiB, 15360 MiB, 100 %
2026/09/30 03:09:51.187, 10577 MiB, 15360 MiB, 100 %
2026/09/30 03:09:52.191, 10577 MiB, 15360 MiB, 100 %
2026/09/30 03:09:53.198, 10577 MiB, 15360 MiB, 100 %
2026/09/30 03:09:54.207, 10577 MiB, 15360 MiB, 100 %
2026/09/30 03:09:55.209, 10577 MiB, 15360 MiB, 100 %
2026/09/30 03:09:56.212, 10577 MiB, 15360 MiB, 100 %
2026/09/30 03:09:57.215, 10577 MiB, 15360 MiB, 100 %
2026/09/30 03:09:58.217, 10577 MiB, 15360 MiB, 100 %
2026/09/30 03:09:59.220, 10577 MiB, 15360 MiB, 100 %
2026/09/30 03:10:00.223, 10577 MiB, 15360 MiB, 100 %
2026/09/30 03:10:01.230, 10577 MiB, 15360 MiB, 100 %
2026/09/30 03:10:02.233, 10579 MiB, 15360 MiB, 100 %
2026/09/30 03:10:03.236, 10579 MiB, 15360 MiB, 100 %
2026/09/30 03:10:04.241, 10579 MiB, 15360 MiB, 100 %
2026/09/30 03:10:05.246, 10579 MiB, 15360 MiB, 100 %
2026/09/30 03:10:06.249, 10579 MiB, 15360 MiB, 100 %
2026/09/30 03:10:07.256, 10579 MiB, 15360 MiB, 100 %
2026/09/30 03:10:08.264, 10579 MiB, 15360 MiB, 100 %
2026/09/30 03:10:09.266, 10579 MiB, 15360 MiB, 100 %
2026/09/30 03:10:10.268, 10579 MiB, 15360 MiB, 100 %
2026/09/30 03:10:11.271, 10579 MiB, 15360 MiB, 100 %
2026/09/30 03:10:12.274, 10579 MiB, 15360 MiB, 100 %
2026/09/30 03:10:13.277, 10579 MiB, 15360 MiB, 100 %
2026/09/30 03:10:14.280, 10579 MiB, 15360 MiB, 100 %
2026/09/30 03:10:15.284, 10579 MiB, 15360 MiB, 100 %
2026/09/30 03:10:16.287, 10579 MiB, 15360 MiB, 100 %
2026/09/30 03:10:17.290, 10579 MiB, 15360 MiB, 100 %
2026/09/30 03:10:18.294, 10579 MiB, 15360 MiB, 100 %
2026/09/30 03:10:19.300, 10579 MiB, 15360 MiB, 100 %
2026/09/30 03:10:20.306, 10579 MiB, 15360 MiB, 100 %
2026/09/30 03:10:21.316, 10579 MiB, 15360 MiB, 100 %
2026/09/30 03:10:22.324, 10579 MiB, 15360 MiB, 100 %
2026/09/30 03:10:23.333, 10579 MiB, 15360 MiB, 100 %
2026/09/30 03:10:24.335, 10579 MiB, 15360 MiB, 100 %
2026/09/30 03:10:25.337, 10579 MiB, 15360 MiB, 100 %
2026/09/30 03:10:26.341, 10579 MiB, 15360 MiB, 100 %
2026/09/30 03:10:27.343, 10579 MiB, 15360 MiB, 100 %
2026/09/30 03:10:28.346, 10579 MiB, 15360 MiB, 100 %
2026/09/30 03:10:29.348, 10579 MiB, 15360 MiB, 100 %
2026/09/30 03:10:30.351, 10579 MiB, 15360 MiB, 100 %
2026/09/30 03:10:31.353, 10579 MiB, 15360 MiB, 100 %
2026/09/30 03:10:32.356, 10579 MiB, 15360 MiB, 100 %
2026/09/30 03:10:33.371, 10579 MiB, 15360 MiB, 100 %
2026/09/30 03:10:34.381, 10579 MiB, 15360 MiB, 100 %
2026/09/30 03:10:35.391, 10579 MiB, 15360 MiB, 100 %
2026/09/30 03:10:36.394, 10579 MiB, 15360 MiB, 100 %
2026/09/30 03:10:37.396, 10579 MiB, 15360 MiB, 100 %
2026/09/30 03:10:38.399, 10579 MiB, 15360 MiB, 100 %
2026/09/30 03:10:39.401, 10579 MiB, 15360 MiB, 100 %
2026/09/30 03:10:40.404, 10579 MiB, 15360 MiB, 100 %
2026/09/30 03:10:41.406, 10579 MiB, 15360 MiB, 100 %
2026/09/30 03:10:42.410, 10579 MiB, 15360 MiB, 100 %
2026/09/30 03:10:43.412, 10579 MiB, 15360 MiB, 100 %
2026/09/30 03:10:44.415, 10579 MiB, 15360 MiB, 100 %
2026/09/30 03:10:45.417, 10579 MiB, 15360 MiB, 100 %
2026/09/30 03:10:46.423, 10579 MiB, 15360 MiB, 100 %
2026/09/30 03:10:47.428, 10579 MiB, 15360 MiB, 100 %
2026/09/30 03:10:48.432, 10579 MiB, 15360 MiB, 100 %
2026/09/30 03:10:49.436, 10579 MiB, 15360 MiB, 100 %
2026/09/30 03:10:50.439, 10579 MiB, 15360 MiB, 100 %
2026/09/30 03:10:51.441, 10579 MiB, 15360 MiB, 100 %
2026/09/30 03:10:52.443, 10579 MiB, 15360 MiB, 100 %
2026/09/30 03:10:53.447, 10579 MiB, 15360 MiB, 100 %
2026/09/30 03:10:54.450, 10579 MiB, 15360 MiB, 100 %
2026/09/30 03:10:55.453, 10579 MiB, 15360 MiB, 100 %
2026/09/30 03:10:56.455, 10579 MiB, 15360 MiB, 100 %
2026/09/30 03:10:57.458, 10579 MiB, 15360 MiB, 100 %
2026/09/30 03:10:58.461, 10579 MiB, 15360 MiB, 100 %
2026/09/30 03:10:59.464, 10579 MiB, 15360 MiB, 100 %
2026/09/30 03:11:00.468, 10579 MiB, 15360 MiB, 100 %
2026/09/30 03:11:01.474, 10579 MiB, 15360 MiB, 100 %
2026/09/30 03:11:02.478, 10579 MiB, 15360 MiB, 100 %
2026/09/30 03:11:03.488, 10579 MiB, 15360 MiB, 100 %
2026/09/30 03:11:04.494, 10579 MiB, 15360 MiB, 100 %
2026/09/30 03:11:05.497, 10579 MiB, 15360 MiB, 100 %
2026/09/30 03:11:06.499, 10579 MiB, 15360 MiB, 100 %
2026/09/30 03:11:07.503, 10579 MiB, 15360 MiB, 100 %
2026/09/30 03:11:08.506, 10579 MiB, 15360 MiB, 100 %
2026/09/30 03:11:09.508, 10579 MiB, 15360 MiB, 100 %
2026/09/30 03:11:10.510, 10579 MiB, 15360 MiB, 99 %
2026/09/30 03:11:11.513, 10579 MiB, 15360 MiB, 100 %
2026/09/30 03:11:12.515, 10579 MiB, 15360 MiB, 100 %
2026/09/30 03:11:13.520, 10579 MiB, 15360 MiB, 100 %
2026/09/30 03:11:14.524, 10579 MiB, 15360 MiB, 100 %
2026/09/30 03:11:15.532, 10579 MiB, 15360 MiB, 100 %
2026/09/30 03:11:16.539, 10579 MiB, 15360 MiB, 100 %
2026/09/30 03:11:17.542, 10579 MiB, 15360 MiB, 100 %
2026/09/30 03:11:18.545, 10579 MiB, 15360 MiB, 100 %
2026/09/30 03:11:19.547, 10579 MiB, 15360 MiB, 100 %
2026/09/30 03:11:20.550, 10579 MiB, 15360 MiB, 100 %
2026/09/30 03:11:21.552, 10579 MiB, 15360 MiB, 100 %
2026/09/30 03:11:22.555, 10579 MiB, 15360 MiB, 100 %
2026/09/30 03:11:23.557, 10579 MiB, 15360 MiB, 100 %
2026/09/30 03:11:24.560, 10579 MiB, 15360 MiB, 100 %
2026/09/30 03:11:25.563, 10579 MiB, 15360 MiB, 100 %
2026/09/30 03:11:26.565, 10579 MiB, 15360 MiB, 96 %
2026/09/30 03:11:27.569, 10579 MiB, 15360 MiB, 100 %
2026/09/30 03:11:28.573, 10579 MiB, 15360 MiB, 100 %
2026/09/30 03:11:29.579, 10579 MiB, 15360 MiB, 100 %
2026/09/30 03:11:30.586, 10579 MiB, 15360 MiB, 100 %
2026/09/30 03:11:31.592, 10579 MiB, 15360 MiB, 100 %
2026/09/30 03:11:32.599, 10579 MiB, 15360 MiB, 100 %
2026/09/30 03:11:33.601, 10579 MiB, 15360 MiB, 100 %
2026/09/30 03:11:34.604, 10579 MiB, 15360 MiB, 100 %
2026/09/30 03:11:35.606, 10579 MiB, 15360 MiB, 100 %
2026/09/30 03:11:36.608, 10579 MiB, 15360 MiB, 100 %
2026/09/30 03:11:37.611, 10579 MiB, 15360 MiB, 100 %
2026/09/30 03:11:38.613, 10579 MiB, 15360 MiB, 100 %
2026/09/30 03:11:39.617, 10579 MiB, 15360 MiB, 100 %
2026/09/30 03:11:40.621, 10579 MiB, 15360 MiB, 100 %
2026/09/30 03:11:41.627, 10579 MiB, 15360 MiB, 100 %
2026/09/30 03:11:42.631, 10579 MiB, 15360 MiB, 100 %
2026/09/30 03:11:43.634, 10579 MiB, 15360 MiB, 100 %
2026/09/30 03:11:44.639, 10579 MiB, 15360 MiB, 100 %
2026/09/30 03:11:45.647, 10579 MiB, 15360 MiB, 100 %
2026/09/30 03:11:46.650, 10579 MiB, 15360 MiB, 100 %
2026/09/30 03:11:47.652, 10579 MiB, 15360 MiB, 100 %
2026/09/30 03:11:48.654, 10579 MiB, 15360 MiB, 100 %
2026/09/30 03:11:49.657, 10579 MiB, 15360 MiB, 100 %
2026/09/30 03:11:50.659, 10579 MiB, 15360 MiB, 100 %
2026/09/30 03:11:51.662, 10579 MiB, 15360 MiB, 100 %
2026/09/30 03:11:52.665, 10579 MiB, 15360 MiB, 100 %
2026/09/30 03:11:53.667, 10579 MiB, 15360 MiB, 100 %
2026/09/30 03:11:54.670, 10579 MiB, 15360 MiB, 100 %
2026/09/30 03:11:55.673, 10579 MiB, 15360 MiB, 100 %
2026/09/30 03:11:56.680, 10579 MiB, 15360 MiB, 100 %
2026/09/30 03:11:57.685, 10579 MiB, 15360 MiB, 100 %
2026/09/30 03:11:58.688, 10579 MiB, 15360 MiB, 100 %
2026/09/30 03:11:59.692, 10579 MiB, 15360 MiB, 100 %
2026/09/30 03:12:00.700, 10579 MiB, 15360 MiB, 100 %
2026/09/30 03:12:01.702, 10579 MiB, 15360 MiB, 100 %
2026/09/30 03:12:02.705, 10579 MiB, 15360 MiB, 100 %
2026/09/30 03:12:03.707, 10579 MiB, 15360 MiB, 100 %
2026/09/30 03:12:04.710, 10579 MiB, 15360 MiB, 100 %
2026/09/30 03:12:05.713, 10579 MiB, 15360 MiB, 100 %
2026/09/30 03:12:06.716, 10579 MiB, 15360 MiB, 100 %
2026/09/30 03:12:07.720, 10579 MiB, 15360 MiB, 100 %
2026/09/30 03:12:08.727, 10579 MiB, 15360 MiB, 96 %
2026/09/30 03:12:09.731, 10579 MiB, 15360 MiB, 100 %
2026/09/30 03:12:10.740, 10579 MiB, 15360 MiB, 100 %
2026/09/30 03:12:11.749, 10579 MiB, 15360 MiB, 100 %
2026/09/30 03:12:12.754, 10579 MiB, 15360 MiB, 100 %
2026/09/30 03:12:13.757, 10579 MiB, 15360 MiB, 100 %
2026/09/30 03:12:14.764, 10579 MiB, 15360 MiB, 100 %
2026/09/30 03:12:15.767, 10579 MiB, 15360 MiB, 100 %
2026/09/30 03:12:16.769, 10579 MiB, 15360 MiB, 100 %
2026/09/30 03:12:17.773, 10579 MiB, 15360 MiB, 100 %
2026/09/30 03:12:18.776, 10579 MiB, 15360 MiB, 100 %
2026/09/30 03:12:19.778, 10579 MiB, 15360 MiB, 100 %
2026/09/30 03:12:20.781, 10579 MiB, 15360 MiB, 100 %
2026/09/30 03:12:21.783, 10579 MiB, 15360 MiB, 100 %
2026/09/30 03:12:22.786, 10579 MiB, 15360 MiB, 100 %
2026/09/30 03:12:23.790, 10579 MiB, 15360 MiB, 100 %
2026/09/30 03:12:24.797, 10579 MiB, 15360 MiB, 100 %
2026/09/30 03:12:25.805, 10579 MiB, 15360 MiB, 100 %
2026/09/30 03:12:26.814, 10579 MiB, 15360 MiB, 100 %
2026/09/30 03:12:27.823, 10579 MiB, 15360 MiB, 100 %
2026/09/30 03:12:28.825, 10579 MiB, 15360 MiB, 100 %
2026/09/30 03:12:29.828, 10579 MiB, 15360 MiB, 100 %
2026/09/30 03:12:30.832, 10579 MiB, 15360 MiB, 100 %
2026/09/30 03:12:31.836, 10579 MiB, 15360 MiB, 100 %
2026/09/30 03:12:32.842, 10579 MiB, 15360 MiB, 100 %
2026/09/30 03:12:33.846, 10579 MiB, 15360 MiB, 100 %
2026/09/30 03:12:34.850, 10579 MiB, 15360 MiB, 100 %
2026/09/30 03:12:35.853, 10579 MiB, 15360 MiB, 100 %
2026/09/30 03:12:36.855, 10579 MiB, 15360 MiB, 100 %
2026/09/30 03:12:37.859, 10579 MiB, 15360 MiB, 100 %
2026/09/30 03:12:38.864, 10579 MiB, 15360 MiB, 100 %
2026/09/30 03:12:39.867, 10579 MiB, 15360 MiB, 100 %
2026/09/30 03:12:40.870, 10579 MiB, 15360 MiB, 100 %
2026/09/30 03:12:41.877, 10579 MiB, 15360 MiB, 100 %
2026/09/30 03:12:42.879, 10579 MiB, 15360 MiB, 100 %
2026/09/30 03:12:43.882, 10579 MiB, 15360 MiB, 100 %
2026/09/30 03:12:44.885, 10579 MiB, 15360 MiB, 100 %
2026/09/30 03:12:45.887, 10579 MiB, 15360 MiB, 100 %
2026/09/30 03:12:46.890, 10579 MiB, 15360 MiB, 100 %
2026/09/30 03:12:47.892, 10579 MiB, 15360 MiB, 100 %
2026/09/30 03:12:48.895, 10579 MiB, 15360 MiB, 100 %
2026/09/30 03:12:49.897, 10579 MiB, 15360 MiB, 100 %
2026/09/30 03:12:50.900, 10579 MiB, 15360 MiB, 100 %
2026/09/30 03:12:51.905, 10579 MiB, 15360 MiB, 100 %
2026/09/30 03:12:52.911, 10579 MiB, 15360 MiB, 100 %
2026/09/30 03:12:53.919, 10579 MiB, 15360 MiB, 97 %
2026/09/30 03:12:54.922, 10579 MiB, 15360 MiB, 100 %
2026/09/30 03:12:55.929, 10579 MiB, 15360 MiB, 100 %
2026/09/30 03:12:56.932, 10579 MiB, 15360 MiB, 100 %
2026/09/30 03:12:57.935, 10579 MiB, 15360 MiB, 100 %
2026/09/30 03:12:58.941, 10579 MiB, 15360 MiB, 100 %
2026/09/30 03:12:59.944, 10579 MiB, 15360 MiB, 100 %
2026/09/30 03:13:00.947, 10579 MiB, 15360 MiB, 100 %
2026/09/30 03:13:01.949, 10579 MiB, 15360 MiB, 100 %
2026/09/30 03:13:02.951, 10579 MiB, 15360 MiB, 100 %
2026/09/30 03:13:03.954, 10579 MiB, 15360 MiB, 100 %
2026/09/30 03:13:04.957, 10579 MiB, 15360 MiB, 100 %
2026/09/30 03:13:05.960, 10579 MiB, 15360 MiB, 100 %
2026/09/30 03:13:06.964, 10579 MiB, 15360 MiB, 100 %
2026/09/30 03:13:07.971, 10579 MiB, 15360 MiB, 100 %
2026/09/30 03:13:08.978, 10579 MiB, 15360 MiB, 100 %
2026/09/30 03:13:09.985, 10579 MiB, 15360 MiB, 100 %
2026/09/30 03:13:10.989, 10579 MiB, 15360 MiB, 100 %
2026/09/30 03:13:11.992, 10579 MiB, 15360 MiB, 100 %
2026/09/30 03:13:12.996, 10579 MiB, 15360 MiB, 98 %
2026/09/30 03:13:13.998, 10579 MiB, 15360 MiB, 100 %
2026/09/30 03:13:15.001, 10579 MiB, 15360 MiB, 100 %
2026/09/30 03:13:16.003, 10579 MiB, 15360 MiB, 100 %
2026/09/30 03:13:17.005, 10579 MiB, 15360 MiB, 100 %
2026/09/30 03:13:18.008, 10579 MiB, 15360 MiB, 100 %
2026/09/30 03:13:19.011, 10579 MiB, 15360 MiB, 100 %
2026/09/30 03:13:20.015, 10579 MiB, 15360 MiB, 100 %
2026/09/30 03:13:21.024, 10579 MiB, 15360 MiB, 100 %
2026/09/30 03:13:22.034, 10579 MiB, 15360 MiB, 100 %
2026/09/30 03:13:23.040, 10579 MiB, 15360 MiB, 100 %
2026/09/30 03:13:24.046, 10579 MiB, 15360 MiB, 100 %
2026/09/30 03:13:25.048, 10579 MiB, 15360 MiB, 100 %
2026/09/30 03:13:26.051, 10579 MiB, 15360 MiB, 100 %
2026/09/30 03:13:27.053, 10579 MiB, 15360 MiB, 100 %
2026/09/30 03:13:28.056, 10579 MiB, 15360 MiB, 100 %
2026/09/30 03:13:29.058, 10579 MiB, 15360 MiB, 100 %
2026/09/30 03:13:30.061, 10579 MiB, 15360 MiB, 100 %
2026/09/30 03:13:31.063, 10579 MiB, 15360 MiB, 100 %
2026/09/30 03:13:32.065, 10579 MiB, 15360 MiB, 100 %
2026/09/30 03:13:33.067, 10579 MiB, 15360 MiB, 100 %
2026/09/30 03:13:34.070, 10579 MiB, 15360 MiB, 100 %
2026/09/30 03:13:35.072, 10579 MiB, 15360 MiB, 100 %
2026/09/30 03:13:36.076, 10579 MiB, 15360 MiB, 100 %
2026/09/30 03:13:37.096, 10579 MiB, 15360 MiB, 100 %
2026/09/30 03:13:38.103, 10579 MiB, 15360 MiB, 100 %
2026/09/30 03:13:39.105, 10579 MiB, 15360 MiB, 100 %
2026/09/30 03:13:40.108, 10579 MiB, 15360 MiB, 100 %
2026/09/30 03:13:41.110, 10579 MiB, 15360 MiB, 100 %
2026/09/30 03:13:42.113, 10579 MiB, 15360 MiB, 100 %
2026/09/30 03:13:43.116, 10579 MiB, 15360 MiB, 100 %
2026/09/30 03:13:44.118, 10579 MiB, 15360 MiB, 100 %
2026/09/30 03:13:45.121, 10579 MiB, 15360 MiB, 96 %
2026/09/30 03:13:46.124, 10579 MiB, 15360 MiB, 100 %
2026/09/30 03:13:47.127, 10579 MiB, 15360 MiB, 100 %
2026/09/30 03:13:48.130, 10579 MiB, 15360 MiB, 100 %
2026/09/30 03:13:49.137, 10579 MiB, 15360 MiB, 100 %
2026/09/30 03:13:50.145, 10579 MiB, 15360 MiB, 100 %
2026/09/30 03:13:51.150, 10579 MiB, 15360 MiB, 100 %
2026/09/30 03:13:52.158, 10579 MiB, 15360 MiB, 100 %
2026/09/30 03:13:53.161, 10579 MiB, 15360 MiB, 100 %
2026/09/30 03:13:54.164, 10579 MiB, 15360 MiB, 100 %
2026/09/30 03:13:55.167, 10579 MiB, 15360 MiB, 100 %
2026/09/30 03:13:56.169, 10579 MiB, 15360 MiB, 100 %
2026/09/30 03:13:57.173, 10579 MiB, 15360 MiB, 100 %
2026/09/30 03:13:58.177, 10579 MiB, 15360 MiB, 100 %
2026/09/30 03:13:59.181, 10579 MiB, 15360 MiB, 100 %
2026/09/30 03:14:00.184, 10579 MiB, 15360 MiB, 100 %
2026/09/30 03:14:01.187, 10579 MiB, 15360 MiB, 100 %
2026/09/30 03:14:02.191, 10579 MiB, 15360 MiB, 100 %
2026/09/30 03:14:03.193, 10579 MiB, 15360 MiB, 100 %
2026/09/30 03:14:04.197, 10579 MiB, 15360 MiB, 100 %
2026/09/30 03:14:05.201, 10579 MiB, 15360 MiB, 100 %
2026/09/30 03:14:06.208, 10579 MiB, 15360 MiB, 100 %
2026/09/30 03:14:07.210, 10579 MiB, 15360 MiB, 100 %
2026/09/30 03:14:08.213, 10579 MiB, 15360 MiB, 100 %
2026/09/30 03:14:09.216, 10579 MiB, 15360 MiB, 100 %
2026/09/30 03:14:10.218, 10579 MiB, 15360 MiB, 100 %
2026/09/30 03:14:11.222, 10579 MiB, 15360 MiB, 100 %
2026/09/30 03:14:12.224, 10579 MiB, 15360 MiB, 100 %
2026/09/30 03:14:13.227, 10579 MiB, 15360 MiB, 100 %
2026/09/30 03:14:14.231, 10579 MiB, 15360 MiB, 100 %
2026/09/30 03:14:15.234, 10579 MiB, 15360 MiB, 100 %
2026/09/30 03:14:16.237, 10579 MiB, 15360 MiB, 100 %
2026/09/30 03:14:17.244, 10579 MiB, 15360 MiB, 100 %
2026/09/30 03:14:18.252, 10579 MiB, 15360 MiB, 100 %
2026/09/30 03:14:19.259, 10579 MiB, 15360 MiB, 100 %
2026/09/30 03:14:20.268, 10579 MiB, 15360 MiB, 100 %
2026/09/30 03:14:21.272, 10579 MiB, 15360 MiB, 100 %
2026/09/30 03:14:22.275, 10579 MiB, 15360 MiB, 100 %
2026/09/30 03:14:23.279, 10579 MiB, 15360 MiB, 100 %
2026/09/30 03:14:24.281, 10579 MiB, 15360 MiB, 100 %
2026/09/30 03:14:25.285, 10579 MiB, 15360 MiB, 100 %
2026/09/30 03:14:26.288, 10579 MiB, 15360 MiB, 100 %
2026/09/30 03:14:27.290, 10579 MiB, 15360 MiB, 100 %
2026/09/30 03:14:28.293, 10579 MiB, 15360 MiB, 100 %
2026/09/30 03:14:29.297, 10579 MiB, 15360 MiB, 100 %
2026/09/30 03:14:30.304, 10579 MiB, 15360 MiB, 100 %
2026/09/30 03:14:31.312, 10579 MiB, 15360 MiB, 100 %
2026/09/30 03:14:32.320, 10579 MiB, 15360 MiB, 100 %
2026/09/30 03:14:33.324, 10579 MiB, 15360 MiB, 100 %
2026/09/30 03:14:34.326, 10579 MiB, 15360 MiB, 100 %
2026/09/30 03:14:35.328, 10579 MiB, 15360 MiB, 100 %
2026/09/30 03:14:36.331, 10579 MiB, 15360 MiB, 100 %
2026/09/30 03:14:37.334, 10579 MiB, 15360 MiB, 100 %
2026/09/30 03:14:38.337, 10579 MiB, 15360 MiB, 100 %
2026/09/30 03:14:39.340, 10579 MiB, 15360 MiB, 100 %
2026/09/30 03:14:40.343, 10579 MiB, 15360 MiB, 100 %
2026/09/30 03:14:41.345, 10579 MiB, 15360 MiB, 100 %
2026/09/30 03:14:42.348, 10579 MiB, 15360 MiB, 100 %
2026/09/30 03:14:43.356, 10579 MiB, 15360 MiB, 100 %
2026/09/30 03:14:44.360, 10579 MiB, 15360 MiB, 100 %
2026/09/30 03:14:45.368, 10579 MiB, 15360 MiB, 100 %
2026/09/30 03:14:46.376, 10579 MiB, 15360 MiB, 100 %
2026/09/30 03:14:47.383, 10579 MiB, 15360 MiB, 100 %
2026/09/30 03:14:48.385, 10579 MiB, 15360 MiB, 100 %
2026/09/30 03:14:49.388, 10579 MiB, 15360 MiB, 99 %
2026/09/30 03:14:50.391, 10579 MiB, 15360 MiB, 100 %
2026/09/30 03:14:51.394, 10579 MiB, 15360 MiB, 100 %
2026/09/30 03:14:52.397, 10579 MiB, 15360 MiB, 100 %
2026/09/30 03:14:53.399, 10579 MiB, 15360 MiB, 100 %
2026/09/30 03:14:54.402, 10579 MiB, 15360 MiB, 100 %
2026/09/30 03:14:55.405, 10579 MiB, 15360 MiB, 100 %
2026/09/30 03:14:56.407, 10579 MiB, 15360 MiB, 100 %
2026/09/30 03:14:57.411, 10579 MiB, 15360 MiB, 100 %
2026/09/30 03:14:58.418, 10579 MiB, 15360 MiB, 100 %
2026/09/30 03:14:59.427, 10579 MiB, 15360 MiB, 100 %
2026/09/30 03:15:00.430, 10579 MiB, 15360 MiB, 100 %
2026/09/30 03:15:01.433, 10579 MiB, 15360 MiB, 100 %
2026/09/30 03:15:02.435, 10579 MiB, 15360 MiB, 100 %
2026/09/30 03:15:03.438, 10579 MiB, 15360 MiB, 95 %
2026/09/30 03:15:04.441, 10579 MiB, 15360 MiB, 100 %
2026/09/30 03:15:05.443, 10579 MiB, 15360 MiB, 100 %
2026/09/30 03:15:06.450, 10579 MiB, 15360 MiB, 100 %
2026/09/30 03:15:07.452, 10579 MiB, 15360 MiB, 100 %
2026/09/30 03:15:08.456, 10579 MiB, 15360 MiB, 100 %
2026/09/30 03:15:09.463, 10579 MiB, 15360 MiB, 100 %
2026/09/30 03:15:10.466, 10579 MiB, 15360 MiB, 100 %
2026/09/30 03:15:11.470, 10579 MiB, 15360 MiB, 100 %
2026/09/30 03:15:12.479, 10579 MiB, 15360 MiB, 100 %
2026/09/30 03:15:13.488, 10579 MiB, 15360 MiB, 100 %
2026/09/30 03:15:14.494, 10579 MiB, 15360 MiB, 100 %
2026/09/30 03:15:15.497, 10579 MiB, 15360 MiB, 100 %
2026/09/30 03:15:16.501, 10579 MiB, 15360 MiB, 100 %
2026/09/30 03:15:17.503, 10579 MiB, 15360 MiB, 100 %
2026/09/30 03:15:18.506, 10579 MiB, 15360 MiB, 100 %
2026/09/30 03:15:19.508, 10579 MiB, 15360 MiB, 100 %
2026/09/30 03:15:20.511, 10579 MiB, 15360 MiB, 100 %
2026/09/30 03:15:21.513, 10579 MiB, 15360 MiB, 100 %
2026/09/30 03:15:22.516, 10579 MiB, 15360 MiB, 100 %
2026/09/30 03:15:23.519, 10579 MiB, 15360 MiB, 100 %
2026/09/30 03:15:24.522, 10579 MiB, 15360 MiB, 100 %
2026/09/30 03:15:25.525, 10579 MiB, 15360 MiB, 100 %
2026/09/30 03:15:26.532, 10579 MiB, 15360 MiB, 100 %
2026/09/30 03:15:27.536, 10579 MiB, 15360 MiB, 100 %
2026/09/30 03:15:28.539, 10579 MiB, 15360 MiB, 100 %
2026/09/30 03:15:29.545, 10579 MiB, 15360 MiB, 100 %
2026/09/30 03:15:30.548, 10579 MiB, 15360 MiB, 100 %
2026/09/30 03:15:31.550, 10579 MiB, 15360 MiB, 100 %
2026/09/30 03:15:32.554, 10579 MiB, 15360 MiB, 100 %
2026/09/30 03:15:33.557, 10579 MiB, 15360 MiB, 100 %
2026/09/30 03:15:34.561, 10579 MiB, 15360 MiB, 100 %
2026/09/30 03:15:35.566, 10579 MiB, 15360 MiB, 100 %
2026/09/30 03:15:36.568, 10579 MiB, 15360 MiB, 100 %
2026/09/30 03:15:37.571, 10579 MiB, 15360 MiB, 100 %
2026/09/30 03:15:38.573, 10579 MiB, 15360 MiB, 100 %
2026/09/30 03:15:39.577, 10579 MiB, 15360 MiB, 100 %
2026/09/30 03:15:40.580, 10579 MiB, 15360 MiB, 100 %
2026/09/30 03:15:41.584, 10579 MiB, 15360 MiB, 100 %
2026/09/30 03:15:42.588, 10579 MiB, 15360 MiB, 100 %
2026/09/30 03:15:43.590, 10579 MiB, 15360 MiB, 100 %
2026/09/30 03:15:44.593, 10579 MiB, 15360 MiB, 100 %
2026/09/30 03:15:45.595, 10579 MiB, 15360 MiB, 100 %
2026/09/30 03:15:46.598, 10579 MiB, 15360 MiB, 100 %
2026/09/30 03:15:47.600, 10579 MiB, 15360 MiB, 100 %
2026/09/30 03:15:48.603, 10579 MiB, 15360 MiB, 100 %
2026/09/30 03:15:49.605, 10579 MiB, 15360 MiB, 100 %
2026/09/30 03:15:50.608, 10579 MiB, 15360 MiB, 100 %
2026/09/30 03:15:51.610, 10579 MiB, 15360 MiB, 100 %
2026/09/30 03:15:52.613, 10579 MiB, 15360 MiB, 100 %
2026/09/30 03:15:53.616, 10579 MiB, 15360 MiB, 100 %
2026/09/30 03:15:54.620, 10579 MiB, 15360 MiB, 100 %
2026/09/30 03:15:55.623, 10579 MiB, 15360 MiB, 100 %
2026/09/30 03:15:56.631, 10579 MiB, 15360 MiB, 100 %
2026/09/30 03:15:57.633, 10579 MiB, 15360 MiB, 100 %
2026/09/30 03:15:58.636, 10579 MiB, 15360 MiB, 100 %
2026/09/30 03:15:59.638, 10579 MiB, 15360 MiB, 100 %
2026/09/30 03:16:00.641, 10579 MiB, 15360 MiB, 100 %
2026/09/30 03:16:01.644, 10579 MiB, 15360 MiB, 100 %
2026/09/30 03:16:02.652, 10579 MiB, 15360 MiB, 100 %
2026/09/30 03:16:03.655, 10579 MiB, 15360 MiB, 100 %
2026/09/30 03:16:04.658, 10579 MiB, 15360 MiB, 100 %
2026/09/30 03:16:05.661, 10579 MiB, 15360 MiB, 100 %
2026/09/30 03:16:06.663, 10579 MiB, 15360 MiB, 100 %
2026/09/30 03:16:07.668, 10579 MiB, 15360 MiB, 100 %
2026/09/30 03:16:08.678, 10579 MiB, 15360 MiB, 100 %
2026/09/30 03:16:09.687, 10579 MiB, 15360 MiB, 100 %
2026/09/30 03:16:10.693, 10579 MiB, 15360 MiB, 100 %
2026/09/30 03:16:11.695, 10579 MiB, 15360 MiB, 100 %
2026/09/30 03:16:12.698, 10579 MiB, 15360 MiB, 100 %
2026/09/30 03:16:13.702, 10579 MiB, 15360 MiB, 83 %
2026/09/30 03:16:14.704, 10579 MiB, 15360 MiB, 100 %
2026/09/30 03:16:15.707, 10579 MiB, 15360 MiB, 100 %
2026/09/30 03:16:16.709, 10579 MiB, 15360 MiB, 100 %
2026/09/30 03:16:17.712, 10579 MiB, 15360 MiB, 100 %
2026/09/30 03:16:18.714, 10579 MiB, 15360 MiB, 100 %
2026/09/30 03:16:19.717, 10579 MiB, 15360 MiB, 99 %
2026/09/30 03:16:20.720, 10579 MiB, 15360 MiB, 100 %
2026/09/30 03:16:21.729, 10579 MiB, 15360 MiB, 100 %
2026/09/30 03:16:22.735, 10579 MiB, 15360 MiB, 100 %
2026/09/30 03:16:23.741, 10579 MiB, 15360 MiB, 100 %
2026/09/30 03:16:24.746, 10579 MiB, 15360 MiB, 100 %
2026/09/30 03:16:25.752, 10579 MiB, 15360 MiB, 100 %
2026/09/30 03:16:26.756, 10579 MiB, 15360 MiB, 100 %
2026/09/30 03:16:27.759, 10579 MiB, 15360 MiB, 100 %
2026/09/30 03:16:28.762, 10579 MiB, 15360 MiB, 100 %
2026/09/30 03:16:29.770, 10579 MiB, 15360 MiB, 100 %
2026/09/30 03:16:30.773, 10579 MiB, 15360 MiB, 100 %
2026/09/30 03:16:31.775, 10579 MiB, 15360 MiB, 100 %
2026/09/30 03:16:32.778, 10579 MiB, 15360 MiB, 100 %
2026/09/30 03:16:33.780, 10579 MiB, 15360 MiB, 100 %
2026/09/30 03:16:34.785, 10579 MiB, 15360 MiB, 100 %
2026/09/30 03:16:35.790, 10579 MiB, 15360 MiB, 100 %
2026/09/30 03:16:36.795, 10579 MiB, 15360 MiB, 100 %
2026/09/30 03:16:37.799, 10579 MiB, 15360 MiB, 100 %
2026/09/30 03:16:38.802, 10579 MiB, 15360 MiB, 100 %
2026/09/30 03:16:39.804, 10579 MiB, 15360 MiB, 100 %
2026/09/30 03:16:40.808, 10579 MiB, 15360 MiB, 100 %
2026/09/30 03:16:41.810, 10579 MiB, 15360 MiB, 100 %
2026/09/30 03:16:42.812, 10579 MiB, 15360 MiB, 100 %
2026/09/30 03:16:43.815, 10579 MiB, 15360 MiB, 100 %
2026/09/30 03:16:44.820, 10579 MiB, 15360 MiB, 100 %
2026/09/30 03:16:45.824, 10579 MiB, 15360 MiB, 100 %
2026/09/30 03:16:46.826, 10579 MiB, 15360 MiB, 99 %
2026/09/30 03:16:47.829, 10579 MiB, 15360 MiB, 100 %
2026/09/30 03:16:48.833, 10579 MiB, 15360 MiB, 100 %
2026/09/30 03:16:49.843, 10579 MiB, 15360 MiB, 100 %
2026/09/30 03:16:50.846, 10579 MiB, 15360 MiB, 100 %
2026/09/30 03:16:51.850, 10579 MiB, 15360 MiB, 100 %
2026/09/30 03:16:52.857, 10579 MiB, 15360 MiB, 100 %
2026/09/30 03:16:53.860, 10579 MiB, 15360 MiB, 100 %
2026/09/30 03:16:54.862, 10579 MiB, 15360 MiB, 100 %
2026/09/30 03:16:55.866, 10579 MiB, 15360 MiB, 100 %
2026/09/30 03:16:56.870, 10579 MiB, 15360 MiB, 100 %
2026/09/30 03:16:57.873, 10579 MiB, 15360 MiB, 100 %
2026/09/30 03:16:58.878, 10579 MiB, 15360 MiB, 100 %
2026/09/30 03:16:59.880, 10579 MiB, 15360 MiB, 100 %
2026/09/30 03:17:00.883, 10579 MiB, 15360 MiB, 100 %
2026/09/30 03:17:01.887, 10579 MiB, 15360 MiB, 100 %
2026/09/30 03:17:02.890, 10579 MiB, 15360 MiB, 98 %
2026/09/30 03:17:03.904, 10579 MiB, 15360 MiB, 100 %
2026/09/30 03:17:04.912, 10579 MiB, 15360 MiB, 100 %
2026/09/30 03:17:05.919, 10579 MiB, 15360 MiB, 100 %
2026/09/30 03:17:06.926, 10579 MiB, 15360 MiB, 100 %
2026/09/30 03:17:07.929, 10579 MiB, 15360 MiB, 100 %
2026/09/30 03:17:08.932, 10579 MiB, 15360 MiB, 99 %
2026/09/30 03:17:09.935, 10579 MiB, 15360 MiB, 100 %
2026/09/30 03:17:10.937, 10579 MiB, 15360 MiB, 100 %
2026/09/30 03:17:11.940, 10579 MiB, 15360 MiB, 100 %
2026/09/30 03:17:12.943, 10579 MiB, 15360 MiB, 100 %
2026/09/30 03:17:13.946, 10579 MiB, 15360 MiB, 100 %
2026/09/30 03:17:14.950, 10579 MiB, 15360 MiB, 100 %
2026/09/30 03:17:15.952, 10579 MiB, 15360 MiB, 100 %
2026/09/30 03:17:16.955, 10579 MiB, 15360 MiB, 100 %
2026/09/30 03:17:17.961, 10579 MiB, 15360 MiB, 100 %
2026/09/30 03:17:18.968, 10579 MiB, 15360 MiB, 100 %
2026/09/30 03:17:19.971, 10579 MiB, 15360 MiB, 100 %
2026/09/30 03:17:20.977, 10579 MiB, 15360 MiB, 100 %
2026/09/30 03:17:21.982, 10579 MiB, 15360 MiB, 100 %
2026/09/30 03:17:22.984, 10579 MiB, 15360 MiB, 100 %
2026/09/30 03:17:23.987, 10579 MiB, 15360 MiB, 100 %
2026/09/30 03:17:24.990, 10579 MiB, 15360 MiB, 100 %
2026/09/30 03:17:25.993, 10579 MiB, 15360 MiB, 100 %
2026/09/30 03:17:26.995, 10579 MiB, 15360 MiB, 100 %
2026/09/30 03:17:28.000, 10579 MiB, 15360 MiB, 100 %
2026/09/30 03:17:29.003, 10579 MiB, 15360 MiB, 100 %
2026/09/30 03:17:30.005, 10579 MiB, 15360 MiB, 100 %
2026/09/30 03:17:31.009, 10579 MiB, 15360 MiB, 100 %
2026/09/30 03:17:32.014, 10579 MiB, 15360 MiB, 100 %
2026/09/30 03:17:33.020, 10579 MiB, 15360 MiB, 100 %
2026/09/30 03:17:34.026, 10579 MiB, 15360 MiB, 100 %
2026/09/30 03:17:35.037, 10579 MiB, 15360 MiB, 100 %
2026/09/30 03:17:36.039, 10579 MiB, 15360 MiB, 100 %
2026/09/30 03:17:37.043, 10579 MiB, 15360 MiB, 100 %
2026/09/30 03:17:38.045, 10579 MiB, 15360 MiB, 100 %
2026/09/30 03:17:39.048, 10579 MiB, 15360 MiB, 95 %
2026/09/30 03:17:40.051, 10579 MiB, 15360 MiB, 100 %
2026/09/30 03:17:41.053, 10579 MiB, 15360 MiB, 100 %
2026/09/30 03:17:42.056, 10579 MiB, 15360 MiB, 100 %
2026/09/30 03:17:43.058, 10579 MiB, 15360 MiB, 100 %
2026/09/30 03:17:44.061, 10579 MiB, 15360 MiB, 100 %
2026/09/30 03:17:45.064, 10579 MiB, 15360 MiB, 100 %
2026/09/30 03:17:46.068, 10579 MiB, 15360 MiB, 100 %
2026/09/30 03:17:47.073, 10579 MiB, 15360 MiB, 100 %
2026/09/30 03:17:48.077, 10579 MiB, 15360 MiB, 100 %
2026/09/30 03:17:49.084, 10579 MiB, 15360 MiB, 100 %
2026/09/30 03:17:50.086, 10579 MiB, 15360 MiB, 100 %
2026/09/30 03:17:51.089, 10579 MiB, 15360 MiB, 100 %
2026/09/30 03:17:52.092, 10579 MiB, 15360 MiB, 100 %
2026/09/30 03:17:53.094, 10579 MiB, 15360 MiB, 100 %
2026/09/30 03:17:54.098, 10579 MiB, 15360 MiB, 100 %
2026/09/30 03:17:55.101, 10579 MiB, 15360 MiB, 100 %
2026/09/30 03:17:56.104, 10579 MiB, 15360 MiB, 100 %
2026/09/30 03:17:57.107, 10579 MiB, 15360 MiB, 100 %
2026/09/30 03:17:58.109, 10579 MiB, 15360 MiB, 100 %
2026/09/30 03:17:59.113, 10579 MiB, 15360 MiB, 100 %
2026/09/30 03:18:00.124, 10579 MiB, 15360 MiB, 100 %
2026/09/30 03:18:01.131, 10579 MiB, 15360 MiB, 100 %
2026/09/30 03:18:02.139, 10579 MiB, 15360 MiB, 100 %
2026/09/30 03:18:03.142, 10579 MiB, 15360 MiB, 100 %
2026/09/30 03:18:04.144, 10579 MiB, 15360 MiB, 100 %
2026/09/30 03:18:05.148, 10579 MiB, 15360 MiB, 100 %
2026/09/30 03:18:06.153, 10579 MiB, 15360 MiB, 100 %
2026/09/30 03:18:07.155, 10579 MiB, 15360 MiB, 100 %
2026/09/30 03:18:08.157, 10579 MiB, 15360 MiB, 100 %
2026/09/30 03:18:09.161, 10579 MiB, 15360 MiB, 100 %
2026/09/30 03:18:10.163, 10579 MiB, 15360 MiB, 100 %
2026/09/30 03:18:11.166, 10579 MiB, 15360 MiB, 100 %
2026/09/30 03:18:12.170, 10579 MiB, 15360 MiB, 100 %
2026/09/30 03:18:13.173, 10579 MiB, 15360 MiB, 100 %
2026/09/30 03:18:14.179, 10579 MiB, 15360 MiB, 100 %
2026/09/30 03:18:15.182, 10579 MiB, 15360 MiB, 100 %
2026/09/30 03:18:16.190, 10579 MiB, 15360 MiB, 100 %
2026/09/30 03:18:17.193, 10579 MiB, 15360 MiB, 100 %
2026/09/30 03:18:18.203, 10579 MiB, 15360 MiB, 100 %
2026/09/30 03:18:19.206, 10579 MiB, 15360 MiB, 100 %
2026/09/30 03:18:20.208, 10579 MiB, 15360 MiB, 100 %
2026/09/30 03:18:21.211, 10579 MiB, 15360 MiB, 100 %
2026/09/30 03:18:22.213, 10579 MiB, 15360 MiB, 100 %
2026/09/30 03:18:23.215, 10579 MiB, 15360 MiB, 100 %
2026/09/30 03:18:24.218, 10579 MiB, 15360 MiB, 100 %
2026/09/30 03:18:25.221, 10579 MiB, 15360 MiB, 97 %
2026/09/30 03:18:26.224, 10579 MiB, 15360 MiB, 100 %
2026/09/30 03:18:27.231, 10579 MiB, 15360 MiB, 100 %
2026/09/30 03:18:28.234, 10579 MiB, 15360 MiB, 100 %
2026/09/30 03:18:29.239, 10579 MiB, 15360 MiB, 100 %
2026/09/30 03:18:30.241, 10579 MiB, 15360 MiB, 100 %
2026/09/30 03:18:31.243, 10579 MiB, 15360 MiB, 100 %
2026/09/30 03:18:32.246, 10579 MiB, 15360 MiB, 100 %
2026/09/30 03:18:33.248, 10579 MiB, 15360 MiB, 100 %
2026/09/30 03:18:34.250, 10579 MiB, 15360 MiB, 100 %
2026/09/30 03:18:35.253, 10579 MiB, 15360 MiB, 100 %
2026/09/30 03:18:36.256, 10579 MiB, 15360 MiB, 100 %
2026/09/30 03:18:37.259, 10579 MiB, 15360 MiB, 100 %
2026/09/30 03:18:38.261, 10579 MiB, 15360 MiB, 100 %
2026/09/30 03:18:39.264, 10579 MiB, 15360 MiB, 100 %
2026/09/30 03:18:40.269, 10579 MiB, 15360 MiB, 100 %
2026/09/30 03:18:41.277, 10579 MiB, 15360 MiB, 100 %
2026/09/30 03:18:42.281, 10579 MiB, 15360 MiB, 100 %
2026/09/30 03:18:43.284, 10579 MiB, 15360 MiB, 100 %
2026/09/30 03:18:44.286, 10579 MiB, 15360 MiB, 100 %
2026/09/30 03:18:45.289, 10579 MiB, 15360 MiB, 100 %
2026/09/30 03:18:46.291, 10579 MiB, 15360 MiB, 100 %
2026/09/30 03:18:47.294, 10579 MiB, 15360 MiB, 100 %
2026/09/30 03:18:48.296, 10579 MiB, 15360 MiB, 100 %
2026/09/30 03:18:49.299, 10579 MiB, 15360 MiB, 100 %
2026/09/30 03:18:50.301, 10579 MiB, 15360 MiB, 100 %
2026/09/30 03:18:51.305, 10579 MiB, 15360 MiB, 100 %
2026/09/30 03:18:52.309, 10579 MiB, 15360 MiB, 100 %
2026/09/30 03:18:53.312, 10579 MiB, 15360 MiB, 100 %
2026/09/30 03:18:54.316, 10579 MiB, 15360 MiB, 100 %
2026/09/30 03:18:55.321, 10579 MiB, 15360 MiB, 100 %
2026/09/30 03:18:56.326, 10579 MiB, 15360 MiB, 100 %
2026/09/30 03:18:57.330, 10579 MiB, 15360 MiB, 100 %
2026/09/30 03:18:58.334, 10579 MiB, 15360 MiB, 100 %
2026/09/30 03:18:59.336, 10579 MiB, 15360 MiB, 100 %
2026/09/30 03:19:00.338, 10579 MiB, 15360 MiB, 100 %
2026/09/30 03:19:01.341, 10579 MiB, 15360 MiB, 100 %
2026/09/30 03:19:02.343, 10579 MiB, 15360 MiB, 100 %
2026/09/30 03:19:03.346, 10579 MiB, 15360 MiB, 100 %
2026/09/30 03:19:04.349, 10579 MiB, 15360 MiB, 100 %
2026/09/30 03:19:05.353, 10579 MiB, 15360 MiB, 100 %
2026/09/30 03:19:06.360, 10579 MiB, 15360 MiB, 100 %
2026/09/30 03:19:07.363, 10579 MiB, 15360 MiB, 100 %
2026/09/30 03:19:08.371, 10579 MiB, 15360 MiB, 100 %
2026/09/30 03:19:09.376, 10579 MiB, 15360 MiB, 100 %
2026/09/30 03:19:10.379, 10579 MiB, 15360 MiB, 100 %
2026/09/30 03:19:11.387, 10579 MiB, 15360 MiB, 100 %
2026/09/30 03:19:12.390, 10579 MiB, 15360 MiB, 100 %
2026/09/30 03:19:13.393, 10579 MiB, 15360 MiB, 83 %
2026/09/30 03:19:14.395, 10579 MiB, 15360 MiB, 100 %
2026/09/30 03:19:15.398, 10579 MiB, 15360 MiB, 100 %
2026/09/30 03:19:16.400, 10579 MiB, 15360 MiB, 100 %
2026/09/30 03:19:17.403, 10579 MiB, 15360 MiB, 100 %
2026/09/30 03:19:18.406, 10579 MiB, 15360 MiB, 100 %
2026/09/30 03:19:19.409, 10579 MiB, 15360 MiB, 100 %
2026/09/30 03:19:20.411, 10579 MiB, 15360 MiB, 100 %
2026/09/30 03:19:21.415, 10579 MiB, 15360 MiB, 100 %
2026/09/30 03:19:22.423, 10579 MiB, 15360 MiB, 100 %
2026/09/30 03:19:23.431, 10579 MiB, 15360 MiB, 100 %
2026/09/30 03:19:24.433, 10579 MiB, 15360 MiB, 100 %
2026/09/30 03:19:25.435, 10579 MiB, 15360 MiB, 100 %
2026/09/30 03:19:26.438, 10579 MiB, 15360 MiB, 100 %
2026/09/30 03:19:27.441, 10579 MiB, 15360 MiB, 100 %
2026/09/30 03:19:28.444, 10579 MiB, 15360 MiB, 100 %
2026/09/30 03:19:29.447, 10579 MiB, 15360 MiB, 100 %
2026/09/30 03:19:30.450, 10579 MiB, 15360 MiB, 100 %
2026/09/30 03:19:31.457, 10579 MiB, 15360 MiB, 100 %
2026/09/30 03:19:32.460, 10579 MiB, 15360 MiB, 100 %
2026/09/30 03:19:33.462, 10579 MiB, 15360 MiB, 100 %
2026/09/30 03:19:34.466, 10579 MiB, 15360 MiB, 100 %
2026/09/30 03:19:35.474, 10579 MiB, 15360 MiB, 100 %
2026/09/30 03:19:36.479, 10579 MiB, 15360 MiB, 93 %
2026/09/30 03:19:37.483, 10579 MiB, 15360 MiB, 100 %
2026/09/30 03:19:38.493, 10579 MiB, 15360 MiB, 100 %
2026/09/30 03:19:39.496, 10579 MiB, 15360 MiB, 100 %
2026/09/30 03:19:40.499, 10579 MiB, 15360 MiB, 100 %
2026/09/30 03:19:41.501, 10579 MiB, 15360 MiB, 100 %
2026/09/30 03:19:42.504, 10579 MiB, 15360 MiB, 100 %
2026/09/30 03:19:43.506, 10579 MiB, 15360 MiB, 100 %
2026/09/30 03:19:44.509, 10579 MiB, 15360 MiB, 100 %
2026/09/30 03:19:45.511, 10579 MiB, 15360 MiB, 100 %
2026/09/30 03:19:46.514, 10579 MiB, 15360 MiB, 100 %
2026/09/30 03:19:47.517, 10579 MiB, 15360 MiB, 100 %
2026/09/30 03:19:48.521, 10579 MiB, 15360 MiB, 100 %
2026/09/30 03:19:49.530, 10579 MiB, 15360 MiB, 100 %
2026/09/30 03:19:50.538, 10579 MiB, 15360 MiB, 100 %
2026/09/30 03:19:51.544, 10579 MiB, 15360 MiB, 100 %
2026/09/30 03:19:52.547, 10579 MiB, 15360 MiB, 100 %
2026/09/30 03:19:53.549, 10579 MiB, 15360 MiB, 100 %
2026/09/30 03:19:54.552, 10579 MiB, 15360 MiB, 96 %
2026/09/30 03:19:55.554, 10579 MiB, 15360 MiB, 100 %
2026/09/30 03:19:56.557, 10579 MiB, 15360 MiB, 100 %
2026/09/30 03:19:57.559, 10579 MiB, 15360 MiB, 100 %
2026/09/30 03:19:58.566, 10579 MiB, 15360 MiB, 100 %
2026/09/30 03:19:59.568, 10579 MiB, 15360 MiB, 100 %
2026/09/30 03:20:00.570, 10579 MiB, 15360 MiB, 100 %
2026/09/30 03:20:01.574, 10579 MiB, 15360 MiB, 100 %
2026/09/30 03:20:02.581, 10579 MiB, 15360 MiB, 100 %
2026/09/30 03:20:03.589, 10579 MiB, 15360 MiB, 100 %
2026/09/30 03:20:04.598, 10579 MiB, 15360 MiB, 100 %
2026/09/30 03:20:05.606, 10579 MiB, 15360 MiB, 100 %
2026/09/30 03:20:06.609, 10579 MiB, 15360 MiB, 100 %
2026/09/30 03:20:07.613, 10579 MiB, 15360 MiB, 100 %
2026/09/30 03:20:08.616, 10579 MiB, 15360 MiB, 100 %
2026/09/30 03:20:09.618, 10579 MiB, 15360 MiB, 100 %
2026/09/30 03:20:10.621, 10579 MiB, 15360 MiB, 100 %
2026/09/30 03:20:11.624, 10579 MiB, 15360 MiB, 100 %
2026/09/30 03:20:12.626, 10579 MiB, 15360 MiB, 100 %
2026/09/30 03:20:13.628, 10579 MiB, 15360 MiB, 100 %
2026/09/30 03:20:14.632, 10579 MiB, 15360 MiB, 100 %
2026/09/30 03:20:15.636, 10579 MiB, 15360 MiB, 100 %
2026/09/30 03:20:16.644, 10579 MiB, 15360 MiB, 100 %
2026/09/30 03:20:17.647, 10579 MiB, 15360 MiB, 100 %
2026/09/30 03:20:18.651, 10579 MiB, 15360 MiB, 100 %
2026/09/30 03:20:19.654, 10579 MiB, 15360 MiB, 100 %
2026/09/30 03:20:20.657, 10579 MiB, 15360 MiB, 100 %
2026/09/30 03:20:21.659, 10579 MiB, 15360 MiB, 100 %
2026/09/30 03:20:22.663, 10579 MiB, 15360 MiB, 100 %
2026/09/30 03:20:23.670, 10579 MiB, 15360 MiB, 100 %
2026/09/30 03:20:24.677, 10579 MiB, 15360 MiB, 100 %
2026/09/30 03:20:25.680, 10579 MiB, 15360 MiB, 100 %
2026/09/30 03:20:26.682, 10579 MiB, 15360 MiB, 100 %
2026/09/30 03:20:27.686, 10579 MiB, 15360 MiB, 100 %
2026/09/30 03:20:28.688, 10579 MiB, 15360 MiB, 100 %
2026/09/30 03:20:29.692, 10579 MiB, 15360 MiB, 100 %
2026/09/30 03:20:30.704, 10579 MiB, 15360 MiB, 100 %
2026/09/30 03:20:31.710, 10579 MiB, 15360 MiB, 98 %
2026/09/30 03:20:32.718, 10579 MiB, 15360 MiB, 100 %
2026/09/30 03:20:33.722, 10579 MiB, 15360 MiB, 100 %
2026/09/30 03:20:34.724, 10579 MiB, 15360 MiB, 100 %
2026/09/30 03:20:35.728, 10579 MiB, 15360 MiB, 100 %
2026/09/30 03:20:36.730, 10579 MiB, 15360 MiB, 100 %
2026/09/30 03:20:37.734, 10579 MiB, 15360 MiB, 100 %
2026/09/30 03:20:38.737, 10579 MiB, 15360 MiB, 100 %
2026/09/30 03:20:39.740, 10579 MiB, 15360 MiB, 100 %
2026/09/30 03:20:40.742, 10579 MiB, 15360 MiB, 100 %
2026/09/30 03:20:41.745, 10579 MiB, 15360 MiB, 100 %
2026/09/30 03:20:42.748, 10579 MiB, 15360 MiB, 100 %
2026/09/30 03:20:43.754, 10579 MiB, 15360 MiB, 100 %
2026/09/30 03:20:44.760, 10579 MiB, 15360 MiB, 100 %
2026/09/30 03:20:45.767, 10579 MiB, 15360 MiB, 100 %
2026/09/30 03:20:46.771, 10579 MiB, 15360 MiB, 100 %
2026/09/30 03:20:47.773, 10579 MiB, 15360 MiB, 100 %
2026/09/30 03:20:48.776, 10579 MiB, 15360 MiB, 97 %
2026/09/30 03:20:49.780, 10579 MiB, 15360 MiB, 100 %
2026/09/30 03:20:50.784, 10579 MiB, 15360 MiB, 100 %
2026/09/30 03:20:51.791, 10579 MiB, 15360 MiB, 100 %
2026/09/30 03:20:52.794, 10579 MiB, 15360 MiB, 100 %
2026/09/30 03:20:53.796, 10579 MiB, 15360 MiB, 100 %
2026/09/30 03:20:54.799, 10579 MiB, 15360 MiB, 100 %
2026/09/30 03:20:55.801, 10579 MiB, 15360 MiB, 100 %
2026/09/30 03:20:56.805, 10579 MiB, 15360 MiB, 100 %
2026/09/30 03:20:57.813, 10579 MiB, 15360 MiB, 100 %
2026/09/30 03:20:58.821, 10579 MiB, 15360 MiB, 100 %
2026/09/30 03:20:59.827, 10579 MiB, 15360 MiB, 100 %
2026/09/30 03:21:00.830, 10579 MiB, 15360 MiB, 100 %
2026/09/30 03:21:01.832, 10579 MiB, 15360 MiB, 5 %
2026/09/30 03:21:02.834, 10579 MiB, 15360 MiB, 100 %
2026/09/30 03:21:03.837, 10579 MiB, 15360 MiB, 100 %
2026/09/30 03:21:04.839, 10579 MiB, 15360 MiB, 100 %
2026/09/30 03:21:05.843, 10579 MiB, 15360 MiB, 100 %
2026/09/30 03:21:06.846, 10579 MiB, 15360 MiB, 100 %
2026/09/30 03:21:07.848, 10579 MiB, 15360 MiB, 100 %
2026/09/30 03:21:08.851, 10579 MiB, 15360 MiB, 100 %
2026/09/30 03:21:09.855, 10579 MiB, 15360 MiB, 100 %
2026/09/30 03:21:10.864, 10579 MiB, 15360 MiB, 100 %
2026/09/30 03:21:11.873, 10579 MiB, 15360 MiB, 100 %
2026/09/30 03:21:12.878, 10579 MiB, 15360 MiB, 100 %
2026/09/30 03:21:13.885, 10579 MiB, 15360 MiB, 100 %
2026/09/30 03:21:14.887, 10579 MiB, 15360 MiB, 100 %
2026/09/30 03:21:15.890, 10579 MiB, 15360 MiB, 100 %
2026/09/30 03:21:16.893, 10579 MiB, 15360 MiB, 100 %
2026/09/30 03:21:17.896, 10579 MiB, 15360 MiB, 100 %
2026/09/30 03:21:18.904, 10579 MiB, 15360 MiB, 100 %
2026/09/30 03:21:19.906, 10579 MiB, 15360 MiB, 100 %
2026/09/30 03:21:20.909, 10579 MiB, 15360 MiB, 100 %
2026/09/30 03:21:21.911, 10579 MiB, 15360 MiB, 100 %
2026/09/30 03:21:22.914, 10579 MiB, 15360 MiB, 100 %
2026/09/30 03:21:23.917, 10579 MiB, 15360 MiB, 100 %
2026/09/30 03:21:24.927, 10579 MiB, 15360 MiB, 100 %
2026/09/30 03:21:25.937, 10579 MiB, 15360 MiB, 100 %
2026/09/30 03:21:26.940, 10579 MiB, 15360 MiB, 100 %
2026/09/30 03:21:27.945, 10579 MiB, 15360 MiB, 100 %
2026/09/30 03:21:28.948, 10579 MiB, 15360 MiB, 100 %
2026/09/30 03:21:29.951, 10579 MiB, 15360 MiB, 100 %
2026/09/30 03:21:30.954, 10579 MiB, 15360 MiB, 100 %
2026/09/30 03:21:31.956, 10579 MiB, 15360 MiB, 100 %
2026/09/30 03:21:32.960, 10579 MiB, 15360 MiB, 100 %
2026/09/30 03:21:33.964, 10579 MiB, 15360 MiB, 100 %
2026/09/30 03:21:34.966, 10579 MiB, 15360 MiB, 100 %
2026/09/30 03:21:35.968, 10579 MiB, 15360 MiB, 100 %
2026/09/30 03:21:36.973, 10579 MiB, 15360 MiB, 100 %
2026/09/30 03:21:37.976, 10579 MiB, 15360 MiB, 100 %
2026/09/30 03:21:38.983, 10579 MiB, 15360 MiB, 100 %
2026/09/30 03:21:39.990, 10579 MiB, 15360 MiB, 100 %
2026/09/30 03:21:40.999, 10579 MiB, 15360 MiB, 100 %
2026/09/30 03:21:42.003, 10579 MiB, 15360 MiB, 100 %
2026/09/30 03:21:43.006, 10579 MiB, 15360 MiB, 100 %
2026/09/30 03:21:44.009, 10579 MiB, 15360 MiB, 100 %
2026/09/30 03:21:45.017, 10579 MiB, 15360 MiB, 100 %
2026/09/30 03:21:46.019, 10579 MiB, 15360 MiB, 100 %
2026/09/30 03:21:47.025, 10579 MiB, 15360 MiB, 100 %
2026/09/30 03:21:48.028, 10579 MiB, 15360 MiB, 100 %
2026/09/30 03:21:49.031, 10579 MiB, 15360 MiB, 100 %
2026/09/30 03:21:50.034, 10579 MiB, 15360 MiB, 100 %
2026/09/30 03:21:51.037, 10579 MiB, 15360 MiB, 100 %
2026/09/30 03:21:52.045, 10579 MiB, 15360 MiB, 100 %
2026/09/30 03:21:53.049, 10579 MiB, 15360 MiB, 100 %
2026/09/30 03:21:54.052, 10579 MiB, 15360 MiB, 100 %
2026/09/30 03:21:55.055, 10579 MiB, 15360 MiB, 100 %
2026/09/30 03:21:56.058, 10579 MiB, 15360 MiB, 100 %
2026/09/30 03:21:57.061, 10579 MiB, 15360 MiB, 100 %
2026/09/30 03:21:58.063, 10579 MiB, 15360 MiB, 100 %
2026/09/30 03:21:59.066, 10579 MiB, 15360 MiB, 100 %
2026/09/30 03:22:00.068, 10579 MiB, 15360 MiB, 100 %
2026/09/30 03:22:01.072, 10579 MiB, 15360 MiB, 100 %
2026/09/30 03:22:02.074, 10579 MiB, 15360 MiB, 100 %
2026/09/30 03:22:03.077, 10579 MiB, 15360 MiB, 100 %
2026/09/30 03:22:04.080, 10579 MiB, 15360 MiB, 100 %
2026/09/30 03:22:05.083, 10579 MiB, 15360 MiB, 100 %
2026/09/30 03:22:06.092, 10579 MiB, 15360 MiB, 100 %
2026/09/30 03:22:07.099, 10579 MiB, 15360 MiB, 100 %
2026/09/30 03:22:08.107, 10579 MiB, 15360 MiB, 100 %
2026/09/30 03:22:09.112, 10579 MiB, 15360 MiB, 100 %
2026/09/30 03:22:10.118, 10579 MiB, 15360 MiB, 100 %
2026/09/30 03:22:11.121, 10579 MiB, 15360 MiB, 100 %
2026/09/30 03:22:12.124, 10579 MiB, 15360 MiB, 100 %
2026/09/30 03:22:13.126, 10579 MiB, 15360 MiB, 100 %
2026/09/30 03:22:14.129, 10579 MiB, 15360 MiB, 100 %
2026/09/30 03:22:15.132, 10579 MiB, 15360 MiB, 100 %
2026/09/30 03:22:16.135, 10579 MiB, 15360 MiB, 100 %
2026/09/30 03:22:17.138, 10579 MiB, 15360 MiB, 100 %
2026/09/30 03:22:18.143, 10579 MiB, 15360 MiB, 100 %
2026/09/30 03:22:19.147, 10579 MiB, 15360 MiB, 100 %
2026/09/30 03:22:20.154, 10579 MiB, 15360 MiB, 100 %
2026/09/30 03:22:21.161, 10579 MiB, 15360 MiB, 100 %
2026/09/30 03:22:22.168, 10579 MiB, 15360 MiB, 100 %
2026/09/30 03:22:23.170, 10579 MiB, 15360 MiB, 100 %
2026/09/30 03:22:24.173, 10579 MiB, 15360 MiB, 100 %
2026/09/30 03:22:25.175, 10579 MiB, 15360 MiB, 100 %
2026/09/30 03:22:26.177, 10579 MiB, 15360 MiB, 100 %
2026/09/30 03:22:27.180, 10579 MiB, 15360 MiB, 100 %
2026/09/30 03:22:28.182, 10579 MiB, 15360 MiB, 100 %
2026/09/30 03:22:29.185, 10579 MiB, 15360 MiB, 100 %
2026/09/30 03:22:30.187, 10579 MiB, 15360 MiB, 100 %
2026/09/30 03:22:31.190, 10579 MiB, 15360 MiB, 100 %
2026/09/30 03:22:32.193, 10579 MiB, 15360 MiB, 100 %
2026/09/30 03:22:33.205, 10579 MiB, 15360 MiB, 100 %
2026/09/30 03:22:34.215, 10579 MiB, 15360 MiB, 100 %
2026/09/30 03:22:35.221, 10579 MiB, 15360 MiB, 100 %
2026/09/30 03:22:36.229, 10579 MiB, 15360 MiB, 100 %
2026/09/30 03:22:37.232, 10579 MiB, 15360 MiB, 100 %
2026/09/30 03:22:38.235, 10579 MiB, 15360 MiB, 100 %
2026/09/30 03:22:39.238, 10579 MiB, 15360 MiB, 100 %
2026/09/30 03:22:40.240, 10579 MiB, 15360 MiB, 100 %
2026/09/30 03:22:41.243, 10579 MiB, 15360 MiB, 100 %
2026/09/30 03:22:42.246, 10579 MiB, 15360 MiB, 100 %
2026/09/30 03:22:43.248, 10579 MiB, 15360 MiB, 96 %
2026/09/30 03:22:44.251, 10579 MiB, 15360 MiB, 100 %
2026/09/30 03:22:45.254, 10581 MiB, 15360 MiB, 100 %
2026/09/30 03:22:46.257, 10581 MiB, 15360 MiB, 100 %
2026/09/30 03:22:47.263, 10581 MiB, 15360 MiB, 100 %
2026/09/30 03:22:48.269, 10581 MiB, 15360 MiB, 100 %
2026/09/30 03:22:49.276, 10581 MiB, 15360 MiB, 100 %
2026/09/30 03:22:50.280, 10581 MiB, 15360 MiB, 100 %
2026/09/30 03:22:51.284, 10581 MiB, 15360 MiB, 100 %
2026/09/30 03:22:52.286, 10581 MiB, 15360 MiB, 100 %
2026/09/30 03:22:53.291, 10581 MiB, 15360 MiB, 100 %
2026/09/30 03:22:54.293, 10581 MiB, 15360 MiB, 100 %
2026/09/30 03:22:55.296, 10581 MiB, 15360 MiB, 100 %
2026/09/30 03:22:56.299, 10581 MiB, 15360 MiB, 100 %
2026/09/30 03:22:57.302, 10581 MiB, 15360 MiB, 100 %
2026/09/30 03:22:58.305, 10581 MiB, 15360 MiB, 100 %
2026/09/30 03:22:59.307, 10581 MiB, 15360 MiB, 100 %
2026/09/30 03:23:00.311, 10581 MiB, 15360 MiB, 100 %
2026/09/30 03:23:01.318, 10581 MiB, 15360 MiB, 100 %
2026/09/30 03:23:02.324, 10581 MiB, 15360 MiB, 100 %
2026/09/30 03:23:03.329, 10581 MiB, 15360 MiB, 100 %
2026/09/30 03:23:04.333, 10581 MiB, 15360 MiB, 100 %
2026/09/30 03:23:05.336, 10581 MiB, 15360 MiB, 100 %
2026/09/30 03:23:06.338, 10581 MiB, 15360 MiB, 100 %
2026/09/30 03:23:07.341, 10581 MiB, 15360 MiB, 100 %
2026/09/30 03:23:08.343, 10581 MiB, 15360 MiB, 100 %
2026/09/30 03:23:09.346, 10581 MiB, 15360 MiB, 100 %
2026/09/30 03:23:10.349, 10581 MiB, 15360 MiB, 100 %
2026/09/30 03:23:11.353, 10581 MiB, 15360 MiB, 100 %
2026/09/30 03:23:12.357, 10581 MiB, 15360 MiB, 100 %
2026/09/30 03:23:13.360, 10581 MiB, 15360 MiB, 100 %
2026/09/30 03:23:14.374, 10581 MiB, 15360 MiB, 100 %
2026/09/30 03:23:15.380, 10581 MiB, 15360 MiB, 100 %
2026/09/30 03:23:16.387, 10581 MiB, 15360 MiB, 100 %
2026/09/30 03:23:17.395, 10581 MiB, 15360 MiB, 100 %
2026/09/30 03:23:18.398, 10581 MiB, 15360 MiB, 100 %
2026/09/30 03:23:19.401, 10581 MiB, 15360 MiB, 100 %
2026/09/30 03:23:20.405, 10581 MiB, 15360 MiB, 82 %
2026/09/30 03:23:21.412, 10581 MiB, 15360 MiB, 100 %
2026/09/30 03:23:22.414, 10581 MiB, 15360 MiB, 100 %
2026/09/30 03:23:23.418, 10581 MiB, 15360 MiB, 100 %
2026/09/30 03:23:24.422, 10581 MiB, 15360 MiB, 100 %
2026/09/30 03:23:25.426, 10581 MiB, 15360 MiB, 100 %
2026/09/30 03:23:26.429, 10581 MiB, 15360 MiB, 100 %
2026/09/30 03:23:27.433, 10581 MiB, 15360 MiB, 100 %
2026/09/30 03:23:28.437, 10581 MiB, 15360 MiB, 100 %
2026/09/30 03:23:29.441, 10581 MiB, 15360 MiB, 100 %
2026/09/30 03:23:30.446, 10581 MiB, 15360 MiB, 100 %
2026/09/30 03:23:31.450, 10581 MiB, 15360 MiB, 100 %
2026/09/30 03:23:32.452, 10581 MiB, 15360 MiB, 100 %
2026/09/30 03:23:33.455, 10581 MiB, 15360 MiB, 100 %
2026/09/30 03:23:34.457, 10581 MiB, 15360 MiB, 100 %
2026/09/30 03:23:35.460, 10581 MiB, 15360 MiB, 100 %
2026/09/30 03:23:36.464, 10581 MiB, 15360 MiB, 100 %
2026/09/30 03:23:37.467, 10581 MiB, 15360 MiB, 100 %
2026/09/30 03:23:38.470, 10581 MiB, 15360 MiB, 100 %
2026/09/30 03:23:39.472, 10581 MiB, 15360 MiB, 100 %
2026/09/30 03:23:40.476, 10581 MiB, 15360 MiB, 100 %
2026/09/30 03:23:41.483, 10581 MiB, 15360 MiB, 100 %
2026/09/30 03:23:42.489, 10581 MiB, 15360 MiB, 93 %
2026/09/30 03:23:43.494, 10581 MiB, 15360 MiB, 100 %
2026/09/30 03:23:44.500, 10581 MiB, 15360 MiB, 100 %
2026/09/30 03:23:45.503, 10581 MiB, 15360 MiB, 100 %
2026/09/30 03:23:46.505, 10581 MiB, 15360 MiB, 100 %
2026/09/30 03:23:47.507, 10581 MiB, 15360 MiB, 100 %
2026/09/30 03:23:48.510, 10581 MiB, 15360 MiB, 100 %
2026/09/30 03:23:49.512, 10581 MiB, 15360 MiB, 100 %
2026/09/30 03:23:50.515, 10581 MiB, 15360 MiB, 100 %
2026/09/30 03:23:51.518, 10581 MiB, 15360 MiB, 100 %
2026/09/30 03:23:52.520, 10581 MiB, 15360 MiB, 100 %
2026/09/30 03:23:53.523, 10581 MiB, 15360 MiB, 100 %
2026/09/30 03:23:54.527, 10581 MiB, 15360 MiB, 100 %
2026/09/30 03:23:55.537, 10581 MiB, 15360 MiB, 100 %
2026/09/30 03:23:56.539, 10581 MiB, 15360 MiB, 100 %
2026/09/30 03:23:57.543, 10581 MiB, 15360 MiB, 100 %
2026/09/30 03:23:58.550, 10581 MiB, 15360 MiB, 100 %
2026/09/30 03:23:59.552, 10581 MiB, 15360 MiB, 100 %
2026/09/30 03:24:00.554, 10581 MiB, 15360 MiB, 100 %
2026/09/30 03:24:01.557, 10581 MiB, 15360 MiB, 100 %
2026/09/30 03:24:02.559, 10581 MiB, 15360 MiB, 100 %
2026/09/30 03:24:03.562, 10581 MiB, 15360 MiB, 100 %
2026/09/30 03:24:04.564, 10581 MiB, 15360 MiB, 100 %
2026/09/30 03:24:05.568, 10581 MiB, 15360 MiB, 100 %
2026/09/30 03:24:06.571, 10581 MiB, 15360 MiB, 100 %
2026/09/30 03:24:07.573, 10581 MiB, 15360 MiB, 100 %
2026/09/30 03:24:08.577, 10581 MiB, 15360 MiB, 100 %
2026/09/30 03:24:09.588, 10581 MiB, 15360 MiB, 100 %
2026/09/30 03:24:10.598, 10581 MiB, 15360 MiB, 100 %
2026/09/30 03:24:11.605, 10581 MiB, 15360 MiB, 100 %
2026/09/30 03:24:12.608, 10581 MiB, 15360 MiB, 100 %
2026/09/30 03:24:13.610, 10581 MiB, 15360 MiB, 100 %
2026/09/30 03:24:14.613, 10581 MiB, 15360 MiB, 100 %
2026/09/30 03:24:15.615, 10581 MiB, 15360 MiB, 100 %
2026/09/30 03:24:16.618, 10581 MiB, 15360 MiB, 100 %
2026/09/30 03:24:17.620, 10581 MiB, 15360 MiB, 98 %
2026/09/30 03:24:18.623, 10581 MiB, 15360 MiB, 100 %
2026/09/30 03:24:19.626, 10581 MiB, 15360 MiB, 100 %
2026/09/30 03:24:20.628, 10581 MiB, 15360 MiB, 100 %
2026/09/30 03:24:21.632, 10581 MiB, 15360 MiB, 100 %
2026/09/30 03:24:22.636, 10581 MiB, 15360 MiB, 100 %
2026/09/30 03:24:23.643, 10581 MiB, 15360 MiB, 100 %
2026/09/30 03:24:24.648, 10581 MiB, 15360 MiB, 100 %
2026/09/30 03:24:25.655, 10581 MiB, 15360 MiB, 100 %
2026/09/30 03:24:26.658, 10581 MiB, 15360 MiB, 100 %
2026/09/30 03:24:27.662, 10581 MiB, 15360 MiB, 100 %
2026/09/30 03:24:28.665, 10581 MiB, 15360 MiB, 100 %
2026/09/30 03:24:29.667, 10581 MiB, 15360 MiB, 100 %
2026/09/30 03:24:30.670, 10581 MiB, 15360 MiB, 100 %
2026/09/30 03:24:31.673, 10581 MiB, 15360 MiB, 100 %
2026/09/30 03:24:32.676, 10581 MiB, 15360 MiB, 100 %
2026/09/30 03:24:33.679, 10581 MiB, 15360 MiB, 100 %
2026/09/30 03:24:34.682, 10581 MiB, 15360 MiB, 100 %
2026/09/30 03:24:35.685, 10581 MiB, 15360 MiB, 100 %
2026/09/30 03:24:36.689, 10581 MiB, 15360 MiB, 100 %
2026/09/30 03:24:37.694, 10581 MiB, 15360 MiB, 100 %
2026/09/30 03:24:38.702, 10581 MiB, 15360 MiB, 100 %
2026/09/30 03:24:39.705, 10581 MiB, 15360 MiB, 100 %
2026/09/30 03:24:40.708, 10581 MiB, 15360 MiB, 100 %
2026/09/30 03:24:41.710, 10581 MiB, 15360 MiB, 100 %
2026/09/30 03:24:42.714, 10581 MiB, 15360 MiB, 100 %
2026/09/30 03:24:43.716, 10581 MiB, 15360 MiB, 100 %
2026/09/30 03:24:44.721, 10581 MiB, 15360 MiB, 100 %
2026/09/30 03:24:45.724, 10581 MiB, 15360 MiB, 100 %
2026/09/30 03:24:46.726, 10581 MiB, 15360 MiB, 100 %
2026/09/30 03:24:47.728, 10581 MiB, 15360 MiB, 100 %
2026/09/30 03:24:48.731, 10581 MiB, 15360 MiB, 100 %
2026/09/30 03:24:49.734, 10581 MiB, 15360 MiB, 100 %
2026/09/30 03:24:50.738, 10581 MiB, 15360 MiB, 100 %
2026/09/30 03:24:51.743, 10581 MiB, 15360 MiB, 100 %
2026/09/30 03:24:52.751, 10581 MiB, 15360 MiB, 100 %
2026/09/30 03:24:53.753, 10581 MiB, 15360 MiB, 100 %
2026/09/30 03:24:54.757, 10581 MiB, 15360 MiB, 100 %
2026/09/30 03:24:55.760, 10581 MiB, 15360 MiB, 100 %
2026/09/30 03:24:56.762, 10581 MiB, 15360 MiB, 100 %
2026/09/30 03:24:57.765, 10581 MiB, 15360 MiB, 100 %
2026/09/30 03:24:58.768, 10581 MiB, 15360 MiB, 100 %
2026/09/30 03:24:59.770, 10581 MiB, 15360 MiB, 100 %
2026/09/30 03:25:00.774, 10581 MiB, 15360 MiB, 100 %
2026/09/30 03:25:01.777, 10581 MiB, 15360 MiB, 100 %
2026/09/30 03:25:02.780, 10581 MiB, 15360 MiB, 92 %
2026/09/30 03:25:03.785, 10581 MiB, 15360 MiB, 100 %
2026/09/30 03:25:04.788, 10581 MiB, 15360 MiB, 100 %
2026/09/30 03:25:05.793, 10581 MiB, 15360 MiB, 100 %
2026/09/30 03:25:06.799, 10581 MiB, 15360 MiB, 100 %
2026/09/30 03:25:07.801, 10581 MiB, 15360 MiB, 100 %
2026/09/30 03:25:08.804, 10581 MiB, 15360 MiB, 98 %
2026/09/30 03:25:09.807, 10581 MiB, 15360 MiB, 100 %
2026/09/30 03:25:10.809, 10581 MiB, 15360 MiB, 100 %
2026/09/30 03:25:11.812, 10581 MiB, 15360 MiB, 100 %
2026/09/30 03:25:12.814, 10581 MiB, 15360 MiB, 100 %
2026/09/30 03:25:13.819, 10581 MiB, 15360 MiB, 100 %
2026/09/30 03:25:14.821, 10581 MiB, 15360 MiB, 100 %
2026/09/30 03:25:15.825, 10581 MiB, 15360 MiB, 100 %
2026/09/30 03:25:16.829, 10581 MiB, 15360 MiB, 100 %
2026/09/30 03:25:17.833, 10581 MiB, 15360 MiB, 100 %
2026/09/30 03:25:18.837, 10581 MiB, 15360 MiB, 100 %
2026/09/30 03:25:19.841, 10581 MiB, 15360 MiB, 100 %
2026/09/30 03:25:20.844, 10581 MiB, 15360 MiB, 100 %
2026/09/30 03:25:21.847, 10581 MiB, 15360 MiB, 100 %
2026/09/30 03:25:22.850, 10581 MiB, 15360 MiB, 100 %
2026/09/30 03:25:23.852, 10581 MiB, 15360 MiB, 100 %
2026/09/30 03:25:24.856, 10581 MiB, 15360 MiB, 100 %
2026/09/30 03:25:25.859, 10581 MiB, 15360 MiB, 100 %
2026/09/30 03:25:26.861, 10581 MiB, 15360 MiB, 100 %
2026/09/30 03:25:27.864, 10581 MiB, 15360 MiB, 100 %
2026/09/30 03:25:28.866, 10581 MiB, 15360 MiB, 100 %
2026/09/30 03:25:29.869, 10581 MiB, 15360 MiB, 100 %
2026/09/30 03:25:30.875, 10581 MiB, 15360 MiB, 100 %
2026/09/30 03:25:31.879, 10581 MiB, 15360 MiB, 100 %
2026/09/30 03:25:32.884, 10581 MiB, 15360 MiB, 100 %
2026/09/30 03:25:33.889, 10581 MiB, 15360 MiB, 100 %
2026/09/30 03:25:34.891, 10581 MiB, 15360 MiB, 100 %
2026/09/30 03:25:35.894, 10581 MiB, 15360 MiB, 100 %
2026/09/30 03:25:36.897, 10581 MiB, 15360 MiB, 100 %
2026/09/30 03:25:37.900, 10581 MiB, 15360 MiB, 100 %
2026/09/30 03:25:38.903, 10581 MiB, 15360 MiB, 100 %
2026/09/30 03:25:39.906, 10581 MiB, 15360 MiB, 100 %
2026/09/30 03:25:40.909, 10581 MiB, 15360 MiB, 100 %
2026/09/30 03:25:41.912, 10581 MiB, 15360 MiB, 100 %
2026/09/30 03:25:42.914, 10581 MiB, 15360 MiB, 100 %
2026/09/30 03:25:43.918, 10581 MiB, 15360 MiB, 100 %
2026/09/30 03:25:44.921, 10581 MiB, 15360 MiB, 100 %
2026/09/30 03:25:45.926, 10581 MiB, 15360 MiB, 100 %
2026/09/30 03:25:46.932, 10581 MiB, 15360 MiB, 100 %
2026/09/30 03:25:47.938, 10581 MiB, 15360 MiB, 100 %
2026/09/30 03:25:48.940, 10581 MiB, 15360 MiB, 100 %
2026/09/30 03:25:49.943, 10581 MiB, 15360 MiB, 100 %
2026/09/30 03:25:50.946, 10581 MiB, 15360 MiB, 100 %
2026/09/30 03:25:51.949, 10581 MiB, 15360 MiB, 100 %
2026/09/30 03:25:52.952, 10581 MiB, 15360 MiB, 100 %
2026/09/30 03:25:53.955, 10581 MiB, 15360 MiB, 100 %
2026/09/30 03:25:54.957, 10581 MiB, 15360 MiB, 100 %
2026/09/30 03:25:55.960, 10581 MiB, 15360 MiB, 100 %
2026/09/30 03:25:56.963, 10581 MiB, 15360 MiB, 100 %
2026/09/30 03:25:57.968, 10581 MiB, 15360 MiB, 100 %
2026/09/30 03:25:58.977, 10581 MiB, 15360 MiB, 100 %
2026/09/30 03:25:59.984, 10581 MiB, 15360 MiB, 100 %
2026/09/30 03:26:00.991, 10581 MiB, 15360 MiB, 100 %
2026/09/30 03:26:01.993, 10581 MiB, 15360 MiB, 100 %
2026/09/30 03:26:02.997, 10581 MiB, 15360 MiB, 100 %
2026/09/30 03:26:04.000, 10581 MiB, 15360 MiB, 100 %
2026/09/30 03:26:05.004, 10581 MiB, 15360 MiB, 100 %
2026/09/30 03:26:06.007, 10581 MiB, 15360 MiB, 100 %
2026/09/30 03:26:07.009, 10581 MiB, 15360 MiB, 100 %
2026/09/30 03:26:08.012, 10581 MiB, 15360 MiB, 100 %
2026/09/30 03:26:09.015, 10581 MiB, 15360 MiB, 100 %
2026/09/30 03:26:10.018, 10581 MiB, 15360 MiB, 100 %
2026/09/30 03:26:11.025, 10581 MiB, 15360 MiB, 100 %
2026/09/30 03:26:12.029, 10581 MiB, 15360 MiB, 100 %
2026/09/30 03:26:13.034, 10581 MiB, 15360 MiB, 100 %
2026/09/30 03:26:14.042, 10581 MiB, 15360 MiB, 100 %
2026/09/30 03:26:15.046, 10581 MiB, 15360 MiB, 100 %
2026/09/30 03:26:16.049, 10581 MiB, 15360 MiB, 100 %
2026/09/30 03:26:17.051, 10581 MiB, 15360 MiB, 100 %
2026/09/30 03:26:18.054, 10581 MiB, 15360 MiB, 100 %
2026/09/30 03:26:19.058, 10581 MiB, 15360 MiB, 100 %
2026/09/30 03:26:20.060, 10581 MiB, 15360 MiB, 100 %
2026/09/30 03:26:21.063, 10581 MiB, 15360 MiB, 100 %
2026/09/30 03:26:22.066, 10581 MiB, 15360 MiB, 100 %
2026/09/30 03:26:23.068, 10581 MiB, 15360 MiB, 96 %
2026/09/30 03:26:24.071, 10581 MiB, 15360 MiB, 100 %
2026/09/30 03:26:25.074, 10581 MiB, 15360 MiB, 100 %
2026/09/30 03:26:26.083, 12953 MiB, 15360 MiB, 100 %
2026/09/30 03:26:27.087, 12953 MiB, 15360 MiB, 100 %
2026/09/30 03:26:28.095, 12953 MiB, 15360 MiB, 100 %
2026/09/30 03:26:29.101, 12953 MiB, 15360 MiB, 100 %
2026/09/30 03:26:30.103, 12953 MiB, 15360 MiB, 100 %
2026/09/30 03:26:31.106, 12953 MiB, 15360 MiB, 100 %
2026/09/30 03:26:32.108, 12953 MiB, 15360 MiB, 100 %
2026/09/30 03:26:33.111, 12953 MiB, 15360 MiB, 100 %
2026/09/30 03:26:34.114, 12953 MiB, 15360 MiB, 100 %
2026/09/30 03:26:35.116, 12953 MiB, 15360 MiB, 100 %
2026/09/30 03:26:36.119, 12953 MiB, 15360 MiB, 100 %
2026/09/30 03:26:37.122, 12953 MiB, 15360 MiB, 100 %
2026/09/30 03:26:38.125, 10613 MiB, 15360 MiB, 99 %
2026/09/30 03:26:39.128, 10613 MiB, 15360 MiB, 100 %
2026/09/30 03:26:40.132, 10613 MiB, 15360 MiB, 100 %
2026/09/30 03:26:41.142, 10613 MiB, 15360 MiB, 100 %
2026/09/30 03:26:42.149, 10613 MiB, 15360 MiB, 100 %
2026/09/30 03:26:43.151, 10613 MiB, 15360 MiB, 100 %
2026/09/30 03:26:44.154, 10613 MiB, 15360 MiB, 100 %
2026/09/30 03:26:45.156, 10613 MiB, 15360 MiB, 100 %
2026/09/30 03:26:46.159, 10613 MiB, 15360 MiB, 100 %
2026/09/30 03:26:47.162, 10613 MiB, 15360 MiB, 100 %
2026/09/30 03:26:48.164, 10613 MiB, 15360 MiB, 100 %
2026/09/30 03:26:49.167, 10613 MiB, 15360 MiB, 100 %
2026/09/30 03:26:50.171, 10613 MiB, 15360 MiB, 100 %
2026/09/30 03:26:51.174, 10613 MiB, 15360 MiB, 100 %
2026/09/30 03:26:52.178, 10615 MiB, 15360 MiB, 100 %
2026/09/30 03:26:53.183, 10615 MiB, 15360 MiB, 100 %
2026/09/30 03:26:54.186, 10617 MiB, 15360 MiB, 100 %
2026/09/30 03:26:55.196, 10617 MiB, 15360 MiB, 100 %
2026/09/30 03:26:56.202, 10617 MiB, 15360 MiB, 100 %
2026/09/30 03:26:57.204, 10617 MiB, 15360 MiB, 100 %
2026/09/30 03:26:58.207, 10617 MiB, 15360 MiB, 100 %
2026/09/30 03:26:59.209, 10617 MiB, 15360 MiB, 100 %
2026/09/30 03:27:00.212, 10617 MiB, 15360 MiB, 100 %
2026/09/30 03:27:01.214, 10617 MiB, 15360 MiB, 100 %
2026/09/30 03:27:02.216, 10617 MiB, 15360 MiB, 100 %
2026/09/30 03:27:03.219, 10617 MiB, 15360 MiB, 100 %
2026/09/30 03:27:04.221, 10617 MiB, 15360 MiB, 100 %
2026/09/30 03:27:05.224, 10617 MiB, 15360 MiB, 100 %
2026/09/30 03:27:06.228, 10617 MiB, 15360 MiB, 100 %
2026/09/30 03:27:07.231, 10617 MiB, 15360 MiB, 100 %
2026/09/30 03:27:08.237, 10617 MiB, 15360 MiB, 100 %
2026/09/30 03:27:09.245, 10617 MiB, 15360 MiB, 100 %
2026/09/30 03:27:10.253, 10617 MiB, 15360 MiB, 100 %
2026/09/30 03:27:11.257, 10617 MiB, 15360 MiB, 100 %
2026/09/30 03:27:12.259, 10617 MiB, 15360 MiB, 100 %
2026/09/30 03:27:13.262, 10617 MiB, 15360 MiB, 100 %
2026/09/30 03:27:14.264, 10617 MiB, 15360 MiB, 100 %
2026/09/30 03:27:15.267, 10617 MiB, 15360 MiB, 100 %
2026/09/30 03:27:16.269, 10617 MiB, 15360 MiB, 100 %
2026/09/30 03:27:17.272, 10617 MiB, 15360 MiB, 100 %
2026/09/30 03:27:18.274, 10617 MiB, 15360 MiB, 100 %
2026/09/30 03:27:19.278, 10617 MiB, 15360 MiB, 100 %
2026/09/30 03:27:20.285, 10617 MiB, 15360 MiB, 100 %
2026/09/30 03:27:21.293, 10617 MiB, 15360 MiB, 100 %
2026/09/30 03:27:22.299, 10617 MiB, 15360 MiB, 100 %
2026/09/30 03:27:23.306, 10617 MiB, 15360 MiB, 100 %
2026/09/30 03:27:24.308, 10617 MiB, 15360 MiB, 100 %
2026/09/30 03:27:25.311, 10617 MiB, 15360 MiB, 100 %
2026/09/30 03:27:26.314, 10617 MiB, 15360 MiB, 100 %
2026/09/30 03:27:27.318, 10617 MiB, 15360 MiB, 100 %
2026/09/30 03:27:28.321, 10617 MiB, 15360 MiB, 100 %
2026/09/30 03:27:29.324, 10617 MiB, 15360 MiB, 100 %
2026/09/30 03:27:30.326, 10617 MiB, 15360 MiB, 100 %
2026/09/30 03:27:31.329, 10617 MiB, 15360 MiB, 100 %
2026/09/30 03:27:32.331, 10617 MiB, 15360 MiB, 100 %
2026/09/30 03:27:33.335, 10617 MiB, 15360 MiB, 100 %
2026/09/30 03:27:34.341, 10617 MiB, 15360 MiB, 100 %
2026/09/30 03:27:35.349, 10617 MiB, 15360 MiB, 100 %
2026/09/30 03:27:36.360, 10617 MiB, 15360 MiB, 100 %
2026/09/30 03:27:37.366, 10617 MiB, 15360 MiB, 100 %
2026/09/30 03:27:38.370, 10617 MiB, 15360 MiB, 100 %
2026/09/30 03:27:39.372, 10619 MiB, 15360 MiB, 83 %
2026/09/30 03:27:40.376, 10619 MiB, 15360 MiB, 100 %
2026/09/30 03:27:41.378, 10619 MiB, 15360 MiB, 100 %
2026/09/30 03:27:42.382, 10619 MiB, 15360 MiB, 100 %
2026/09/30 03:27:43.384, 10619 MiB, 15360 MiB, 100 %
2026/09/30 03:27:44.387, 10619 MiB, 15360 MiB, 100 %
2026/09/30 03:27:45.390, 10619 MiB, 15360 MiB, 100 %
2026/09/30 03:27:46.393, 10619 MiB, 15360 MiB, 100 %
2026/09/30 03:27:47.397, 10619 MiB, 15360 MiB, 100 %
2026/09/30 03:27:48.406, 10619 MiB, 15360 MiB, 92 %
2026/09/30 03:27:49.409, 10619 MiB, 15360 MiB, 100 %
2026/09/30 03:27:50.414, 10619 MiB, 15360 MiB, 100 %
2026/09/30 03:27:51.417, 10619 MiB, 15360 MiB, 100 %
2026/09/30 03:27:52.419, 10619 MiB, 15360 MiB, 100 %
2026/09/30 03:27:53.423, 10619 MiB, 15360 MiB, 100 %
2026/09/30 03:27:54.425, 10619 MiB, 15360 MiB, 100 %
2026/09/30 03:27:55.428, 10619 MiB, 15360 MiB, 100 %
2026/09/30 03:27:56.430, 10619 MiB, 15360 MiB, 100 %
2026/09/30 03:27:57.433, 10619 MiB, 15360 MiB, 100 %
2026/09/30 03:27:58.437, 10619 MiB, 15360 MiB, 100 %
2026/09/30 03:27:59.442, 10619 MiB, 15360 MiB, 100 %
2026/09/30 03:28:00.450, 10619 MiB, 15360 MiB, 100 %
2026/09/30 03:28:01.457, 10619 MiB, 15360 MiB, 98 %
2026/09/30 03:28:02.465, 10619 MiB, 15360 MiB, 100 %
2026/09/30 03:28:03.468, 10619 MiB, 15360 MiB, 100 %
2026/09/30 03:28:04.472, 10619 MiB, 15360 MiB, 100 %
2026/09/30 03:28:05.474, 10619 MiB, 15360 MiB, 100 %
2026/09/30 03:28:06.478, 10619 MiB, 15360 MiB, 100 %
2026/09/30 03:28:07.480, 10619 MiB, 15360 MiB, 100 %
2026/09/30 03:28:08.484, 10619 MiB, 15360 MiB, 100 %
2026/09/30 03:28:09.486, 10619 MiB, 15360 MiB, 100 %
2026/09/30 03:28:10.489, 10619 MiB, 15360 MiB, 100 %
2026/09/30 03:28:11.491, 10619 MiB, 15360 MiB, 100 %
2026/09/30 03:28:12.494, 10619 MiB, 15360 MiB, 100 %
2026/09/30 03:28:13.497, 10619 MiB, 15360 MiB, 96 %
2026/09/30 03:28:14.500, 10619 MiB, 15360 MiB, 100 %
2026/09/30 03:28:15.506, 10619 MiB, 15360 MiB, 100 %
2026/09/30 03:28:16.510, 10619 MiB, 15360 MiB, 100 %
2026/09/30 03:28:17.517, 10619 MiB, 15360 MiB, 100 %
2026/09/30 03:28:18.521, 10619 MiB, 15360 MiB, 100 %
2026/09/30 03:28:19.524, 10619 MiB, 15360 MiB, 100 %
2026/09/30 03:28:20.526, 10619 MiB, 15360 MiB, 100 %
2026/09/30 03:28:21.530, 10619 MiB, 15360 MiB, 100 %
2026/09/30 03:28:22.532, 10619 MiB, 15360 MiB, 100 %
2026/09/30 03:28:23.537, 10619 MiB, 15360 MiB, 100 %
2026/09/30 03:28:24.545, 10619 MiB, 15360 MiB, 100 %
2026/09/30 03:28:25.549, 10619 MiB, 15360 MiB, 100 %
2026/09/30 03:28:26.555, 10619 MiB, 15360 MiB, 100 %
2026/09/30 03:28:27.560, 10619 MiB, 15360 MiB, 100 %
2026/09/30 03:28:28.563, 10619 MiB, 15360 MiB, 100 %
2026/09/30 03:28:29.568, 10619 MiB, 15360 MiB, 100 %
2026/09/30 03:28:30.573, 10619 MiB, 15360 MiB, 100 %
2026/09/30 03:28:31.577, 10619 MiB, 15360 MiB, 100 %
2026/09/30 03:28:32.580, 10619 MiB, 15360 MiB, 100 %
2026/09/30 03:28:33.585, 10619 MiB, 15360 MiB, 100 %
2026/09/30 03:28:34.587, 10619 MiB, 15360 MiB, 100 %
2026/09/30 03:28:35.590, 10619 MiB, 15360 MiB, 100 %
2026/09/30 03:28:36.592, 10619 MiB, 15360 MiB, 100 %
2026/09/30 03:28:37.596, 10619 MiB, 15360 MiB, 100 %
2026/09/30 03:28:38.599, 10619 MiB, 15360 MiB, 100 %
2026/09/30 03:28:39.602, 10619 MiB, 15360 MiB, 100 %
2026/09/30 03:28:40.605, 10619 MiB, 15360 MiB, 100 %
2026/09/30 03:28:41.609, 10619 MiB, 15360 MiB, 100 %
2026/09/30 03:28:42.616, 10619 MiB, 15360 MiB, 100 %
2026/09/30 03:28:43.621, 10619 MiB, 15360 MiB, 100 %
2026/09/30 03:28:44.626, 10619 MiB, 15360 MiB, 100 %
2026/09/30 03:28:45.628, 10619 MiB, 15360 MiB, 100 %
2026/09/30 03:28:46.632, 10619 MiB, 15360 MiB, 98 %
2026/09/30 03:28:47.634, 10619 MiB, 15360 MiB, 100 %
2026/09/30 03:28:48.637, 10619 MiB, 15360 MiB, 100 %
2026/09/30 03:28:49.641, 10619 MiB, 15360 MiB, 100 %
2026/09/30 03:28:50.648, 10619 MiB, 15360 MiB, 100 %
2026/09/30 03:28:51.651, 10619 MiB, 15360 MiB, 100 %
2026/09/30 03:28:52.653, 10619 MiB, 15360 MiB, 100 %
2026/09/30 03:28:53.657, 10619 MiB, 15360 MiB, 100 %
2026/09/30 03:28:54.659, 10619 MiB, 15360 MiB, 100 %
2026/09/30 03:28:55.663, 10619 MiB, 15360 MiB, 100 %
2026/09/30 03:28:56.669, 10619 MiB, 15360 MiB, 100 %
2026/09/30 03:28:57.673, 10619 MiB, 15360 MiB, 100 %
2026/09/30 03:28:58.677, 10619 MiB, 15360 MiB, 100 %
2026/09/30 03:28:59.684, 10619 MiB, 15360 MiB, 100 %
2026/09/30 03:29:00.687, 10619 MiB, 15360 MiB, 100 %
2026/09/30 03:29:01.689, 10619 MiB, 15360 MiB, 100 %
2026/09/30 03:29:02.692, 10619 MiB, 15360 MiB, 100 %
2026/09/30 03:29:03.694, 10619 MiB, 15360 MiB, 100 %
2026/09/30 03:29:04.697, 10619 MiB, 15360 MiB, 100 %
2026/09/30 03:29:05.701, 10619 MiB, 15360 MiB, 100 %
2026/09/30 03:29:06.703, 10619 MiB, 15360 MiB, 100 %
2026/09/30 03:29:07.706, 10619 MiB, 15360 MiB, 100 %
2026/09/30 03:29:08.709, 10619 MiB, 15360 MiB, 100 %
2026/09/30 03:29:09.713, 10619 MiB, 15360 MiB, 100 %
2026/09/30 03:29:10.717, 10619 MiB, 15360 MiB, 100 %
2026/09/30 03:29:11.721, 10619 MiB, 15360 MiB, 100 %
2026/09/30 03:29:12.728, 10619 MiB, 15360 MiB, 100 %
2026/09/30 03:29:13.730, 10619 MiB, 15360 MiB, 100 %
2026/09/30 03:29:14.733, 10619 MiB, 15360 MiB, 100 %
2026/09/30 03:29:15.736, 10619 MiB, 15360 MiB, 100 %
2026/09/30 03:29:16.740, 10619 MiB, 15360 MiB, 100 %
2026/09/30 03:29:17.744, 10619 MiB, 15360 MiB, 100 %
2026/09/30 03:29:18.748, 10619 MiB, 15360 MiB, 100 %
2026/09/30 03:29:19.750, 10619 MiB, 15360 MiB, 100 %
2026/09/30 03:29:20.752, 10619 MiB, 15360 MiB, 100 %
2026/09/30 03:29:21.755, 10619 MiB, 15360 MiB, 100 %
2026/09/30 03:29:22.758, 10619 MiB, 15360 MiB, 100 %
2026/09/30 03:29:23.767, 10619 MiB, 15360 MiB, 100 %
2026/09/30 03:29:24.777, 10619 MiB, 15360 MiB, 100 %
2026/09/30 03:29:25.780, 10619 MiB, 15360 MiB, 100 %
2026/09/30 03:29:26.784, 10619 MiB, 15360 MiB, 100 %
2026/09/30 03:29:27.786, 10619 MiB, 15360 MiB, 100 %
2026/09/30 03:29:28.789, 10619 MiB, 15360 MiB, 100 %
2026/09/30 03:29:29.792, 10619 MiB, 15360 MiB, 100 %
2026/09/30 03:29:30.796, 10619 MiB, 15360 MiB, 100 %
2026/09/30 03:29:31.799, 10619 MiB, 15360 MiB, 100 %
2026/09/30 03:29:32.801, 10619 MiB, 15360 MiB, 100 %
2026/09/30 03:29:33.805, 10619 MiB, 15360 MiB, 100 %
2026/09/30 03:29:34.808, 10619 MiB, 15360 MiB, 100 %
2026/09/30 03:29:35.810, 10619 MiB, 15360 MiB, 100 %
2026/09/30 03:29:36.814, 10619 MiB, 15360 MiB, 100 %
2026/09/30 03:29:37.818, 10619 MiB, 15360 MiB, 100 %
2026/09/30 03:29:38.824, 10619 MiB, 15360 MiB, 100 %
2026/09/30 03:29:39.829, 10619 MiB, 15360 MiB, 95 %
2026/09/30 03:29:40.832, 10619 MiB, 15360 MiB, 100 %
2026/09/30 03:29:41.836, 10619 MiB, 15360 MiB, 100 %
2026/09/30 03:29:42.844, 10619 MiB, 15360 MiB, 100 %
2026/09/30 03:29:43.847, 10619 MiB, 15360 MiB, 100 %
2026/09/30 03:29:44.850, 10619 MiB, 15360 MiB, 100 %
2026/09/30 03:29:45.852, 10619 MiB, 15360 MiB, 100 %
2026/09/30 03:29:46.855, 10619 MiB, 15360 MiB, 100 %
2026/09/30 03:29:47.858, 10619 MiB, 15360 MiB, 100 %
2026/09/30 03:29:48.861, 10619 MiB, 15360 MiB, 100 %
2026/09/30 03:29:49.864, 10619 MiB, 15360 MiB, 100 %
2026/09/30 03:29:50.868, 10619 MiB, 15360 MiB, 100 %
2026/09/30 03:29:51.875, 10619 MiB, 15360 MiB, 100 %
2026/09/30 03:29:52.883, 10619 MiB, 15360 MiB, 100 %
2026/09/30 03:29:53.896, 10619 MiB, 15360 MiB, 100 %
2026/09/30 03:29:54.898, 10619 MiB, 15360 MiB, 100 %
2026/09/30 03:29:55.901, 10619 MiB, 15360 MiB, 100 %
2026/09/30 03:29:56.903, 10619 MiB, 15360 MiB, 100 %
2026/09/30 03:29:57.906, 10619 MiB, 15360 MiB, 98 %
2026/09/30 03:29:58.909, 10619 MiB, 15360 MiB, 100 %
2026/09/30 03:29:59.913, 10619 MiB, 15360 MiB, 100 %
2026/09/30 03:30:00.917, 10619 MiB, 15360 MiB, 100 %
2026/09/30 03:30:01.919, 10619 MiB, 15360 MiB, 100 %
2026/09/30 03:30:02.922, 10619 MiB, 15360 MiB, 100 %
2026/09/30 03:30:03.926, 10619 MiB, 15360 MiB, 100 %
2026/09/30 03:30:04.930, 10619 MiB, 15360 MiB, 100 %
2026/09/30 03:30:05.933, 10619 MiB, 15360 MiB, 100 %
2026/09/30 03:30:06.938, 10619 MiB, 15360 MiB, 100 %
2026/09/30 03:30:07.942, 10619 MiB, 15360 MiB, 100 %
2026/09/30 03:30:08.948, 10619 MiB, 15360 MiB, 100 %
2026/09/30 03:30:09.951, 10619 MiB, 15360 MiB, 100 %
2026/09/30 03:30:10.953, 10619 MiB, 15360 MiB, 100 %
2026/09/30 03:30:11.957, 10619 MiB, 15360 MiB, 100 %
2026/09/30 03:30:12.960, 10619 MiB, 15360 MiB, 100 %
2026/09/30 03:30:13.962, 10619 MiB, 15360 MiB, 100 %
2026/09/30 03:30:14.965, 10619 MiB, 15360 MiB, 100 %
2026/09/30 03:30:15.967, 10619 MiB, 15360 MiB, 100 %
2026/09/30 03:30:16.970, 10619 MiB, 15360 MiB, 100 %
2026/09/30 03:30:17.973, 10619 MiB, 15360 MiB, 100 %
2026/09/30 03:30:18.981, 10619 MiB, 15360 MiB, 100 %
2026/09/30 03:30:19.989, 10619 MiB, 15360 MiB, 100 %
2026/09/30 03:30:21.002, 10619 MiB, 15360 MiB, 100 %
2026/09/30 03:30:22.006, 10619 MiB, 15360 MiB, 100 %
2026/09/30 03:30:23.009, 10619 MiB, 15360 MiB, 100 %
2026/09/30 03:30:24.012, 10619 MiB, 15360 MiB, 100 %
2026/09/30 03:30:25.014, 10619 MiB, 15360 MiB, 100 %
2026/09/30 03:30:26.017, 10619 MiB, 15360 MiB, 99 %
2026/09/30 03:30:27.019, 10619 MiB, 15360 MiB, 100 %
2026/09/30 03:30:28.021, 10619 MiB, 15360 MiB, 100 %
2026/09/30 03:30:29.024, 10619 MiB, 15360 MiB, 100 %
2026/09/30 03:30:30.027, 10619 MiB, 15360 MiB, 100 %
2026/09/30 03:30:31.029, 10619 MiB, 15360 MiB, 100 %
2026/09/30 03:30:32.033, 10619 MiB, 15360 MiB, 100 %
2026/09/30 03:30:33.042, 10619 MiB, 15360 MiB, 100 %
2026/09/30 03:30:34.051, 10619 MiB, 15360 MiB, 100 %
2026/09/30 03:30:35.058, 10619 MiB, 15360 MiB, 100 %
2026/09/30 03:30:36.061, 10619 MiB, 15360 MiB, 100 %
2026/09/30 03:30:37.070, 10619 MiB, 15360 MiB, 0 %
2026/09/30 03:30:38.072, 10619 MiB, 15360 MiB, 100 %
2026/09/30 03:30:39.075, 10619 MiB, 15360 MiB, 100 %
2026/09/30 03:30:40.077, 10619 MiB, 15360 MiB, 100 %
2026/09/30 03:30:41.081, 10619 MiB, 15360 MiB, 100 %
2026/09/30 03:30:42.083, 10619 MiB, 15360 MiB, 100 %
2026/09/30 03:30:43.088, 10619 MiB, 15360 MiB, 100 %
2026/09/30 03:30:44.090, 10619 MiB, 15360 MiB, 100 %
2026/09/30 03:30:45.094, 10619 MiB, 15360 MiB, 100 %
2026/09/30 03:30:46.100, 10619 MiB, 15360 MiB, 100 %
2026/09/30 03:30:47.112, 10619 MiB, 15360 MiB, 100 %
2026/09/30 03:30:48.116, 10619 MiB, 15360 MiB, 100 %
2026/09/30 03:30:49.119, 10619 MiB, 15360 MiB, 100 %
2026/09/30 03:30:50.122, 10619 MiB, 15360 MiB, 100 %
2026/09/30 03:30:51.125, 10619 MiB, 15360 MiB, 100 %
2026/09/30 03:30:52.129, 10619 MiB, 15360 MiB, 100 %
2026/09/30 03:30:53.132, 10619 MiB, 15360 MiB, 100 %
2026/09/30 03:30:54.136, 10619 MiB, 15360 MiB, 100 %
2026/09/30 03:30:55.139, 10619 MiB, 15360 MiB, 99 %
2026/09/30 03:30:56.141, 10619 MiB, 15360 MiB, 100 %
2026/09/30 03:30:57.144, 10619 MiB, 15360 MiB, 100 %
2026/09/30 03:30:58.147, 10619 MiB, 15360 MiB, 100 %
2026/09/30 03:30:59.152, 10619 MiB, 15360 MiB, 100 %
2026/09/30 03:31:00.155, 10619 MiB, 15360 MiB, 100 %
2026/09/30 03:31:01.159, 10619 MiB, 15360 MiB, 100 %
2026/09/30 03:31:02.164, 10619 MiB, 15360 MiB, 100 %
2026/09/30 03:31:03.172, 10619 MiB, 15360 MiB, 100 %
2026/09/30 03:31:04.175, 10619 MiB, 15360 MiB, 100 %
2026/09/30 03:31:05.177, 10619 MiB, 15360 MiB, 100 %
2026/09/30 03:31:06.181, 10619 MiB, 15360 MiB, 100 %
2026/09/30 03:31:07.183, 10619 MiB, 15360 MiB, 100 %
2026/09/30 03:31:08.186, 10619 MiB, 15360 MiB, 100 %
2026/09/30 03:31:09.188, 10619 MiB, 15360 MiB, 100 %
2026/09/30 03:31:10.191, 10619 MiB, 15360 MiB, 98 %
2026/09/30 03:31:11.193, 10619 MiB, 15360 MiB, 100 %
2026/09/30 03:31:12.196, 10619 MiB, 15360 MiB, 100 %
2026/09/30 03:31:13.200, 10619 MiB, 15360 MiB, 100 %
2026/09/30 03:31:14.207, 10619 MiB, 15360 MiB, 100 %
2026/09/30 03:31:15.214, 10619 MiB, 15360 MiB, 100 %
2026/09/30 03:31:16.222, 10619 MiB, 15360 MiB, 100 %
2026/09/30 03:31:17.228, 10619 MiB, 15360 MiB, 100 %
2026/09/30 03:31:18.231, 10619 MiB, 15360 MiB, 100 %
2026/09/30 03:31:19.233, 10619 MiB, 15360 MiB, 100 %
2026/09/30 03:31:20.236, 10619 MiB, 15360 MiB, 100 %
2026/09/30 03:31:21.238, 10619 MiB, 15360 MiB, 100 %
2026/09/30 03:31:22.241, 10619 MiB, 15360 MiB, 100 %
2026/09/30 03:31:23.244, 10619 MiB, 15360 MiB, 100 %
2026/09/30 03:31:24.246, 10619 MiB, 15360 MiB, 100 %
2026/09/30 03:31:25.249, 10619 MiB, 15360 MiB, 100 %
2026/09/30 03:31:26.252, 10619 MiB, 15360 MiB, 100 %
2026/09/30 03:31:27.255, 10619 MiB, 15360 MiB, 100 %
2026/09/30 03:31:28.264, 10619 MiB, 15360 MiB, 100 %
2026/09/30 03:31:29.268, 10619 MiB, 15360 MiB, 100 %
2026/09/30 03:31:30.272, 10619 MiB, 15360 MiB, 100 %
2026/09/30 03:31:31.274, 10619 MiB, 15360 MiB, 100 %
2026/09/30 03:31:32.277, 10619 MiB, 15360 MiB, 100 %
2026/09/30 03:31:33.279, 10619 MiB, 15360 MiB, 100 %
2026/09/30 03:31:34.282, 10619 MiB, 15360 MiB, 100 %
2026/09/30 03:31:35.285, 10619 MiB, 15360 MiB, 100 %
2026/09/30 03:31:36.287, 10619 MiB, 15360 MiB, 100 %
2026/09/30 03:31:37.290, 10619 MiB, 15360 MiB, 100 %
2026/09/30 03:31:38.293, 10619 MiB, 15360 MiB, 100 %
2026/09/30 03:31:39.296, 10619 MiB, 15360 MiB, 100 %
2026/09/30 03:31:40.299, 10619 MiB, 15360 MiB, 100 %
2026/09/30 03:31:41.306, 10619 MiB, 15360 MiB, 100 %
2026/09/30 03:31:42.314, 10619 MiB, 15360 MiB, 100 %
2026/09/30 03:31:43.317, 10619 MiB, 15360 MiB, 100 %
2026/09/30 03:31:44.325, 10619 MiB, 15360 MiB, 100 %
2026/09/30 03:31:45.328, 10619 MiB, 15360 MiB, 100 %
2026/09/30 03:31:46.332, 10619 MiB, 15360 MiB, 100 %
2026/09/30 03:31:47.334, 10619 MiB, 15360 MiB, 100 %
2026/09/30 03:31:48.338, 10619 MiB, 15360 MiB, 100 %
2026/09/30 03:31:49.341, 10619 MiB, 15360 MiB, 100 %
2026/09/30 03:31:50.343, 10619 MiB, 15360 MiB, 100 %
2026/09/30 03:31:51.346, 10619 MiB, 15360 MiB, 100 %
2026/09/30 03:31:52.348, 10619 MiB, 15360 MiB, 100 %
2026/09/30 03:31:53.352, 10619 MiB, 15360 MiB, 100 %
2026/09/30 03:31:54.355, 10619 MiB, 15360 MiB, 100 %
2026/09/30 03:31:55.362, 10619 MiB, 15360 MiB, 100 %
2026/09/30 03:31:56.369, 10619 MiB, 15360 MiB, 100 %
2026/09/30 03:31:57.373, 10619 MiB, 15360 MiB, 100 %
2026/09/30 03:31:58.381, 10619 MiB, 15360 MiB, 100 %
2026/09/30 03:31:59.383, 10619 MiB, 15360 MiB, 100 %
2026/09/30 03:32:00.386, 10619 MiB, 15360 MiB, 100 %
2026/09/30 03:32:01.389, 10619 MiB, 15360 MiB, 100 %
2026/09/30 03:32:02.392, 10619 MiB, 15360 MiB, 100 %
2026/09/30 03:32:03.395, 10619 MiB, 15360 MiB, 100 %
2026/09/30 03:32:04.399, 10619 MiB, 15360 MiB, 100 %
2026/09/30 03:32:05.401, 10619 MiB, 15360 MiB, 100 %
2026/09/30 03:32:06.405, 10619 MiB, 15360 MiB, 100 %
2026/09/30 03:32:07.408, 10619 MiB, 15360 MiB, 100 %
2026/09/30 03:32:08.411, 10619 MiB, 15360 MiB, 100 %
2026/09/30 03:32:09.419, 10619 MiB, 15360 MiB, 100 %
2026/09/30 03:32:10.423, 10619 MiB, 15360 MiB, 100 %
2026/09/30 03:32:11.426, 10619 MiB, 15360 MiB, 100 %
2026/09/30 03:32:12.430, 10619 MiB, 15360 MiB, 100 %
2026/09/30 03:32:13.432, 10619 MiB, 15360 MiB, 100 %
2026/09/30 03:32:14.436, 10619 MiB, 15360 MiB, 100 %
2026/09/30 03:32:15.438, 10619 MiB, 15360 MiB, 100 %
2026/09/30 03:32:16.441, 10619 MiB, 15360 MiB, 100 %
2026/09/30 03:32:17.445, 10619 MiB, 15360 MiB, 100 %
2026/09/30 03:32:18.448, 10619 MiB, 15360 MiB, 100 %
2026/09/30 03:32:19.452, 10619 MiB, 15360 MiB, 100 %
2026/09/30 03:32:20.454, 10619 MiB, 15360 MiB, 100 %
2026/09/30 03:32:21.458, 10619 MiB, 15360 MiB, 100 %
2026/09/30 03:32:22.461, 10619 MiB, 15360 MiB, 100 %
2026/09/30 03:32:23.467, 10619 MiB, 15360 MiB, 100 %
2026/09/30 03:32:24.474, 10619 MiB, 15360 MiB, 100 %
2026/09/30 03:32:25.480, 10619 MiB, 15360 MiB, 100 %
2026/09/30 03:32:26.483, 10619 MiB, 15360 MiB, 100 %
2026/09/30 03:32:27.486, 10619 MiB, 15360 MiB, 100 %
2026/09/30 03:32:28.489, 10619 MiB, 15360 MiB, 100 %
2026/09/30 03:32:29.491, 10619 MiB, 15360 MiB, 100 %
2026/09/30 03:32:30.494, 10619 MiB, 15360 MiB, 100 %
2026/09/30 03:32:31.497, 10619 MiB, 15360 MiB, 100 %
2026/09/30 03:32:32.499, 10619 MiB, 15360 MiB, 100 %
2026/09/30 03:32:33.502, 10619 MiB, 15360 MiB, 95 %
2026/09/30 03:32:34.505, 10619 MiB, 15360 MiB, 100 %
2026/09/30 03:32:35.508, 10619 MiB, 15360 MiB, 100 %
2026/09/30 03:32:36.513, 10619 MiB, 15360 MiB, 100 %
2026/09/30 03:32:37.522, 10619 MiB, 15360 MiB, 100 %
2026/09/30 03:32:38.530, 10619 MiB, 15360 MiB, 100 %
2026/09/30 03:32:39.537, 10619 MiB, 15360 MiB, 100 %
2026/09/30 03:32:40.540, 10619 MiB, 15360 MiB, 100 %
2026/09/30 03:32:41.542, 10619 MiB, 15360 MiB, 100 %
2026/09/30 03:32:42.545, 10619 MiB, 15360 MiB, 100 %
2026/09/30 03:32:43.548, 10619 MiB, 15360 MiB, 100 %
2026/09/30 03:32:44.551, 10619 MiB, 15360 MiB, 100 %
2026/09/30 03:32:45.553, 10619 MiB, 15360 MiB, 100 %
2026/09/30 03:32:46.556, 10619 MiB, 15360 MiB, 100 %
2026/09/30 03:32:47.559, 10619 MiB, 15360 MiB, 100 %
2026/09/30 03:32:48.562, 10619 MiB, 15360 MiB, 100 %
2026/09/30 03:32:49.564, 10619 MiB, 15360 MiB, 100 %
2026/09/30 03:32:50.570, 10619 MiB, 15360 MiB, 100 %
2026/09/30 03:32:51.572, 10619 MiB, 15360 MiB, 100 %
2026/09/30 03:32:52.579, 10619 MiB, 15360 MiB, 100 %
2026/09/30 03:32:53.582, 10619 MiB, 15360 MiB, 100 %
2026/09/30 03:32:54.584, 10619 MiB, 15360 MiB, 100 %
2026/09/30 03:32:55.587, 10619 MiB, 15360 MiB, 100 %
2026/09/30 03:32:56.591, 10619 MiB, 15360 MiB, 100 %
2026/09/30 03:32:57.593, 10619 MiB, 15360 MiB, 100 %
2026/09/30 03:32:58.596, 10619 MiB, 15360 MiB, 100 %
2026/09/30 03:32:59.599, 10619 MiB, 15360 MiB, 100 %
2026/09/30 03:33:00.602, 10619 MiB, 15360 MiB, 100 %
2026/09/30 03:33:01.605, 12993 MiB, 15360 MiB, 100 %
2026/09/30 03:33:02.612, 12993 MiB, 15360 MiB, 100 %
2026/09/30 03:33:03.615, 12993 MiB, 15360 MiB, 100 %
2026/09/30 03:33:04.622, 12993 MiB, 15360 MiB, 100 %
2026/09/30 03:33:05.630, 12993 MiB, 15360 MiB, 100 %
2026/09/30 03:33:06.634, 12993 MiB, 15360 MiB, 100 %
2026/09/30 03:33:07.641, 12993 MiB, 15360 MiB, 100 %
2026/09/30 03:33:08.644, 12993 MiB, 15360 MiB, 100 %
2026/09/30 03:33:09.647, 12993 MiB, 15360 MiB, 100 %
2026/09/30 03:33:10.649, 12993 MiB, 15360 MiB, 100 %
2026/09/30 03:33:11.653, 12993 MiB, 15360 MiB, 100 %
2026/09/30 03:33:12.655, 8245 MiB, 15360 MiB, 99 %
2026/09/30 03:33:13.657, 10619 MiB, 15360 MiB, 100 %
2026/09/30 03:33:14.661, 10619 MiB, 15360 MiB, 100 %
2026/09/30 03:33:15.666, 10619 MiB, 15360 MiB, 100 %
2026/09/30 03:33:16.671, 10619 MiB, 15360 MiB, 100 %
2026/09/30 03:33:17.674, 10619 MiB, 15360 MiB, 100 %
2026/09/30 03:33:18.679, 10619 MiB, 15360 MiB, 100 %
2026/09/30 03:33:19.690, 10619 MiB, 15360 MiB, 100 %
2026/09/30 03:33:20.700, 10619 MiB, 15360 MiB, 100 %
2026/09/30 03:33:21.704, 10619 MiB, 15360 MiB, 100 %
2026/09/30 03:33:22.706, 10619 MiB, 15360 MiB, 100 %
2026/09/30 03:33:23.710, 10619 MiB, 15360 MiB, 100 %
2026/09/30 03:33:24.714, 10619 MiB, 15360 MiB, 100 %
2026/09/30 03:33:25.716, 10619 MiB, 15360 MiB, 100 %
2026/09/30 03:33:26.720, 10625 MiB, 15360 MiB, 100 %
2026/09/30 03:33:27.723, 10625 MiB, 15360 MiB, 100 %
2026/09/30 03:33:28.726, 10625 MiB, 15360 MiB, 100 %
2026/09/30 03:33:29.728, 10625 MiB, 15360 MiB, 100 %
2026/09/30 03:33:30.732, 10625 MiB, 15360 MiB, 92 %
2026/09/30 03:33:31.736, 10625 MiB, 15360 MiB, 100 %
2026/09/30 03:33:32.740, 10625 MiB, 15360 MiB, 100 %
2026/09/30 03:33:33.746, 10625 MiB, 15360 MiB, 100 %
2026/09/30 03:33:34.749, 10625 MiB, 15360 MiB, 100 %
2026/09/30 03:33:35.751, 10625 MiB, 15360 MiB, 100 %
2026/09/30 03:33:36.754, 10625 MiB, 15360 MiB, 100 %
2026/09/30 03:33:37.757, 10625 MiB, 15360 MiB, 100 %
2026/09/30 03:33:38.760, 10625 MiB, 15360 MiB, 100 %
2026/09/30 03:33:39.763, 10625 MiB, 15360 MiB, 100 %
2026/09/30 03:33:40.766, 10625 MiB, 15360 MiB, 100 %
2026/09/30 03:33:41.770, 10625 MiB, 15360 MiB, 100 %
2026/09/30 03:33:42.774, 10625 MiB, 15360 MiB, 100 %
2026/09/30 03:33:43.778, 10625 MiB, 15360 MiB, 100 %
2026/09/30 03:33:44.782, 10625 MiB, 15360 MiB, 100 %
2026/09/30 03:33:45.785, 10625 MiB, 15360 MiB, 100 %
2026/09/30 03:33:46.790, 10625 MiB, 15360 MiB, 100 %
2026/09/30 03:33:47.799, 10625 MiB, 15360 MiB, 100 %
2026/09/30 03:33:48.804, 10625 MiB, 15360 MiB, 100 %
2026/09/30 03:33:49.808, 10625 MiB, 15360 MiB, 100 %
2026/09/30 03:33:50.810, 10625 MiB, 15360 MiB, 100 %
2026/09/30 03:33:51.814, 10625 MiB, 15360 MiB, 100 %
2026/09/30 03:33:52.817, 10625 MiB, 15360 MiB, 100 %
2026/09/30 03:33:53.820, 10625 MiB, 15360 MiB, 100 %
2026/09/30 03:33:54.824, 10625 MiB, 15360 MiB, 100 %
2026/09/30 03:33:55.827, 10625 MiB, 15360 MiB, 100 %
2026/09/30 03:33:56.829, 10625 MiB, 15360 MiB, 100 %
2026/09/30 03:33:57.831, 10625 MiB, 15360 MiB, 100 %
2026/09/30 03:33:58.834, 10625 MiB, 15360 MiB, 100 %
2026/09/30 03:33:59.843, 10625 MiB, 15360 MiB, 100 %
2026/09/30 03:34:00.855, 10625 MiB, 15360 MiB, 100 %
2026/09/30 03:34:01.862, 10625 MiB, 15360 MiB, 100 %
2026/09/30 03:34:02.868, 10625 MiB, 15360 MiB, 100 %
2026/09/30 03:34:03.871, 10625 MiB, 15360 MiB, 100 %
2026/09/30 03:34:04.874, 10625 MiB, 15360 MiB, 100 %
2026/09/30 03:34:05.876, 10625 MiB, 15360 MiB, 100 %
2026/09/30 03:34:06.879, 10625 MiB, 15360 MiB, 100 %
2026/09/30 03:34:07.882, 10625 MiB, 15360 MiB, 100 %
2026/09/30 03:34:08.885, 10625 MiB, 15360 MiB, 100 %
2026/09/30 03:34:09.888, 10625 MiB, 15360 MiB, 100 %
2026/09/30 03:34:10.891, 10625 MiB, 15360 MiB, 100 %
2026/09/30 03:34:11.895, 10625 MiB, 15360 MiB, 100 %
2026/09/30 03:34:12.904, 10625 MiB, 15360 MiB, 100 %
2026/09/30 03:34:13.914, 10625 MiB, 15360 MiB, 100 %
2026/09/30 03:34:14.920, 10625 MiB, 15360 MiB, 100 %
2026/09/30 03:34:15.926, 10625 MiB, 15360 MiB, 100 %
2026/09/30 03:34:16.928, 10625 MiB, 15360 MiB, 100 %
2026/09/30 03:34:17.931, 10625 MiB, 15360 MiB, 100 %
2026/09/30 03:34:18.933, 10625 MiB, 15360 MiB, 100 %
2026/09/30 03:34:19.937, 10625 MiB, 15360 MiB, 100 %
2026/09/30 03:34:20.939, 10625 MiB, 15360 MiB, 100 %
2026/09/30 03:34:21.943, 10625 MiB, 15360 MiB, 100 %
2026/09/30 03:34:22.945, 10625 MiB, 15360 MiB, 100 %
2026/09/30 03:34:23.948, 10625 MiB, 15360 MiB, 100 %
2026/09/30 03:34:24.950, 10625 MiB, 15360 MiB, 100 %
2026/09/30 03:34:25.954, 10625 MiB, 15360 MiB, 100 %
2026/09/30 03:34:26.963, 10625 MiB, 15360 MiB, 100 %
2026/09/30 03:34:27.977, 10625 MiB, 15360 MiB, 100 %
2026/09/30 03:34:28.986, 10625 MiB, 15360 MiB, 100 %
2026/09/30 03:34:29.992, 10625 MiB, 15360 MiB, 100 %
2026/09/30 03:34:30.996, 10625 MiB, 15360 MiB, 100 %
2026/09/30 03:34:32.001, 10625 MiB, 15360 MiB, 100 %
2026/09/30 03:34:33.003, 10625 MiB, 15360 MiB, 100 %
2026/09/30 03:34:34.006, 10625 MiB, 15360 MiB, 100 %
2026/09/30 03:34:35.009, 10625 MiB, 15360 MiB, 100 %
2026/09/30 03:34:36.012, 10625 MiB, 15360 MiB, 100 %
2026/09/30 03:34:37.016, 10625 MiB, 15360 MiB, 100 %
2026/09/30 03:34:38.020, 10625 MiB, 15360 MiB, 100 %
2026/09/30 03:34:39.023, 10625 MiB, 15360 MiB, 100 %
2026/09/30 03:34:40.034, 10625 MiB, 15360 MiB, 100 %
2026/09/30 03:34:41.041, 10625 MiB, 15360 MiB, 100 %
2026/09/30 03:34:42.045, 10625 MiB, 15360 MiB, 100 %
2026/09/30 03:34:43.048, 10625 MiB, 15360 MiB, 100 %
2026/09/30 03:34:44.055, 10625 MiB, 15360 MiB, 100 %
2026/09/30 03:34:45.058, 10625 MiB, 15360 MiB, 100 %
2026/09/30 03:34:46.060, 10625 MiB, 15360 MiB, 97 %
2026/09/30 03:34:47.064, 10625 MiB, 15360 MiB, 100 %
2026/09/30 03:34:48.067, 10625 MiB, 15360 MiB, 100 %
2026/09/30 03:34:49.069, 10625 MiB, 15360 MiB, 100 %
2026/09/30 03:34:50.072, 10625 MiB, 15360 MiB, 100 %
2026/09/30 03:34:51.074, 10625 MiB, 15360 MiB, 100 %
2026/09/30 03:34:52.077, 10625 MiB, 15360 MiB, 100 %
2026/09/30 03:34:53.079, 10625 MiB, 15360 MiB, 100 %
2026/09/30 03:34:54.083, 10625 MiB, 15360 MiB, 100 %
2026/09/30 03:34:55.086, 10625 MiB, 15360 MiB, 100 %
2026/09/30 03:34:56.090, 10625 MiB, 15360 MiB, 100 %
2026/09/30 03:34:57.093, 10625 MiB, 15360 MiB, 100 %
2026/09/30 03:34:58.096, 10625 MiB, 15360 MiB, 100 %
2026/09/30 03:34:59.099, 10625 MiB, 15360 MiB, 100 %
2026/09/30 03:35:00.102, 10625 MiB, 15360 MiB, 100 %
2026/09/30 03:35:01.104, 10625 MiB, 15360 MiB, 100 %
2026/09/30 03:35:02.107, 10625 MiB, 15360 MiB, 100 %
2026/09/30 03:35:03.110, 10625 MiB, 15360 MiB, 100 %
2026/09/30 03:35:04.112, 10625 MiB, 15360 MiB, 100 %
2026/09/30 03:35:05.115, 10625 MiB, 15360 MiB, 100 %
2026/09/30 03:35:06.118, 10625 MiB, 15360 MiB, 100 %
2026/09/30 03:35:07.127, 10625 MiB, 15360 MiB, 100 %
2026/09/30 03:35:08.131, 10625 MiB, 15360 MiB, 100 %
2026/09/30 03:35:09.135, 10625 MiB, 15360 MiB, 100 %
2026/09/30 03:35:10.143, 10625 MiB, 15360 MiB, 100 %
2026/09/30 03:35:11.148, 10625 MiB, 15360 MiB, 100 %
2026/09/30 03:35:12.151, 10625 MiB, 15360 MiB, 98 %
2026/09/30 03:35:13.154, 10625 MiB, 15360 MiB, 100 %
2026/09/30 03:35:14.158, 10625 MiB, 15360 MiB, 100 %
2026/09/30 03:35:15.161, 10625 MiB, 15360 MiB, 100 %
2026/09/30 03:35:16.163, 10625 MiB, 15360 MiB, 100 %
2026/09/30 03:35:17.166, 10625 MiB, 15360 MiB, 100 %
2026/09/30 03:35:18.168, 10625 MiB, 15360 MiB, 100 %
2026/09/30 03:35:19.172, 10625 MiB, 15360 MiB, 100 %
2026/09/30 03:35:20.174, 10625 MiB, 15360 MiB, 100 %
2026/09/30 03:35:21.178, 10625 MiB, 15360 MiB, 100 %
2026/09/30 03:35:22.182, 10625 MiB, 15360 MiB, 100 %
2026/09/30 03:35:23.186, 10625 MiB, 15360 MiB, 100 %
2026/09/30 03:35:24.192, 10625 MiB, 15360 MiB, 100 %
2026/09/30 03:35:25.195, 10625 MiB, 15360 MiB, 100 %
2026/09/30 03:35:26.198, 10625 MiB, 15360 MiB, 100 %
2026/09/30 03:35:27.200, 10625 MiB, 15360 MiB, 100 %
2026/09/30 03:35:28.203, 10625 MiB, 15360 MiB, 100 %
2026/09/30 03:35:29.206, 10625 MiB, 15360 MiB, 100 %
2026/09/30 03:35:30.209, 10625 MiB, 15360 MiB, 100 %
2026/09/30 03:35:31.211, 10625 MiB, 15360 MiB, 100 %
2026/09/30 03:35:32.214, 10625 MiB, 15360 MiB, 100 %
2026/09/30 03:35:33.218, 10625 MiB, 15360 MiB, 100 %
2026/09/30 03:35:34.225, 10625 MiB, 15360 MiB, 100 %
2026/09/30 03:35:35.229, 10625 MiB, 15360 MiB, 100 %
2026/09/30 03:35:36.238, 10625 MiB, 15360 MiB, 100 %
2026/09/30 03:35:37.246, 10625 MiB, 15360 MiB, 100 %
2026/09/30 03:35:38.250, 10625 MiB, 15360 MiB, 100 %
2026/09/30 03:35:39.253, 10625 MiB, 15360 MiB, 100 %
2026/09/30 03:35:40.257, 10625 MiB, 15360 MiB, 100 %
2026/09/30 03:35:41.260, 10625 MiB, 15360 MiB, 100 %
2026/09/30 03:35:42.263, 10625 MiB, 15360 MiB, 100 %
2026/09/30 03:35:43.266, 10625 MiB, 15360 MiB, 100 %
2026/09/30 03:35:44.269, 10625 MiB, 15360 MiB, 100 %
2026/09/30 03:35:45.271, 10625 MiB, 15360 MiB, 100 %
2026/09/30 03:35:46.274, 10625 MiB, 15360 MiB, 100 %
2026/09/30 03:35:47.277, 10625 MiB, 15360 MiB, 100 %
2026/09/30 03:35:48.280, 10625 MiB, 15360 MiB, 100 %
2026/09/30 03:35:49.284, 10625 MiB, 15360 MiB, 100 %
2026/09/30 03:35:50.291, 10625 MiB, 15360 MiB, 100 %
2026/09/30 03:35:51.301, 10625 MiB, 15360 MiB, 100 %
2026/09/30 03:35:52.310, 10625 MiB, 15360 MiB, 100 %
2026/09/30 03:35:53.313, 10625 MiB, 15360 MiB, 100 %
2026/09/30 03:35:54.316, 10625 MiB, 15360 MiB, 100 %
2026/09/30 03:35:55.318, 10625 MiB, 15360 MiB, 96 %
2026/09/30 03:35:56.321, 10625 MiB, 15360 MiB, 100 %
2026/09/30 03:35:57.324, 10625 MiB, 15360 MiB, 100 %
2026/09/30 03:35:58.327, 10625 MiB, 15360 MiB, 100 %
2026/09/30 03:35:59.331, 10625 MiB, 15360 MiB, 100 %
2026/09/30 03:36:00.340, 10625 MiB, 15360 MiB, 100 %
2026/09/30 03:36:01.343, 10625 MiB, 15360 MiB, 100 %
2026/09/30 03:36:02.348, 10625 MiB, 15360 MiB, 100 %
2026/09/30 03:36:03.352, 10625 MiB, 15360 MiB, 100 %
2026/09/30 03:36:04.356, 10625 MiB, 15360 MiB, 100 %
2026/09/30 03:36:05.359, 10625 MiB, 15360 MiB, 100 %
2026/09/30 03:36:06.366, 10625 MiB, 15360 MiB, 100 %
2026/09/30 03:36:07.368, 10625 MiB, 15360 MiB, 100 %
2026/09/30 03:36:08.371, 10625 MiB, 15360 MiB, 100 %
2026/09/30 03:36:09.375, 10625 MiB, 15360 MiB, 100 %
2026/09/30 03:36:10.378, 10625 MiB, 15360 MiB, 100 %
2026/09/30 03:36:11.380, 10625 MiB, 15360 MiB, 100 %
2026/09/30 03:36:12.383, 10625 MiB, 15360 MiB, 100 %
2026/09/30 03:36:13.386, 10625 MiB, 15360 MiB, 100 %
2026/09/30 03:36:14.388, 10625 MiB, 15360 MiB, 100 %
2026/09/30 03:36:15.391, 10625 MiB, 15360 MiB, 100 %
2026/09/30 03:36:16.395, 10625 MiB, 15360 MiB, 100 %
2026/09/30 03:36:17.402, 10625 MiB, 15360 MiB, 100 %
2026/09/30 03:36:18.408, 10625 MiB, 15360 MiB, 100 %
2026/09/30 03:36:19.418, 10625 MiB, 15360 MiB, 100 %
2026/09/30 03:36:20.422, 10625 MiB, 15360 MiB, 100 %
2026/09/30 03:36:21.424, 10625 MiB, 15360 MiB, 100 %
2026/09/30 03:36:22.428, 10625 MiB, 15360 MiB, 100 %
2026/09/30 03:36:23.431, 10625 MiB, 15360 MiB, 100 %
2026/09/30 03:36:24.435, 10625 MiB, 15360 MiB, 96 %
2026/09/30 03:36:25.445, 10625 MiB, 15360 MiB, 100 %
2026/09/30 03:36:26.448, 10625 MiB, 15360 MiB, 100 %
2026/09/30 03:36:27.451, 10625 MiB, 15360 MiB, 100 %
2026/09/30 03:36:28.453, 10625 MiB, 15360 MiB, 100 %
2026/09/30 03:36:29.456, 10625 MiB, 15360 MiB, 100 %
2026/09/30 03:36:30.460, 10625 MiB, 15360 MiB, 100 %
2026/09/30 03:36:31.463, 10625 MiB, 15360 MiB, 100 %
2026/09/30 03:36:32.467, 10625 MiB, 15360 MiB, 100 %
2026/09/30 03:36:33.477, 10625 MiB, 15360 MiB, 100 %
2026/09/30 03:36:34.485, 10625 MiB, 15360 MiB, 100 %
2026/09/30 03:36:35.487, 10625 MiB, 15360 MiB, 100 %
2026/09/30 03:36:36.490, 10625 MiB, 15360 MiB, 100 %
2026/09/30 03:36:37.494, 10625 MiB, 15360 MiB, 100 %
2026/09/30 03:36:38.496, 10625 MiB, 15360 MiB, 100 %
2026/09/30 03:36:39.499, 10625 MiB, 15360 MiB, 100 %
2026/09/30 03:36:40.503, 10625 MiB, 15360 MiB, 100 %
2026/09/30 03:36:41.505, 10625 MiB, 15360 MiB, 100 %
2026/09/30 03:36:42.508, 10625 MiB, 15360 MiB, 100 %
2026/09/30 03:36:43.510, 10625 MiB, 15360 MiB, 100 %
2026/09/30 03:36:44.514, 10625 MiB, 15360 MiB, 100 %
2026/09/30 03:36:45.518, 10625 MiB, 15360 MiB, 100 %
2026/09/30 03:36:46.522, 10625 MiB, 15360 MiB, 100 %
2026/09/30 03:36:47.530, 10625 MiB, 15360 MiB, 100 %
2026/09/30 03:36:48.533, 10625 MiB, 15360 MiB, 100 %
2026/09/30 03:36:49.536, 10625 MiB, 15360 MiB, 100 %
2026/09/30 03:36:50.542, 10625 MiB, 15360 MiB, 100 %
2026/09/30 03:36:51.550, 10625 MiB, 15360 MiB, 100 %
2026/09/30 03:36:52.553, 10625 MiB, 15360 MiB, 100 %
2026/09/30 03:36:53.555, 10625 MiB, 15360 MiB, 100 %
2026/09/30 03:36:54.558, 10625 MiB, 15360 MiB, 100 %
2026/09/30 03:36:55.561, 10625 MiB, 15360 MiB, 100 %
2026/09/30 03:36:56.564, 10625 MiB, 15360 MiB, 100 %
2026/09/30 03:36:57.568, 10625 MiB, 15360 MiB, 100 %
2026/09/30 03:36:58.573, 10625 MiB, 15360 MiB, 100 %
2026/09/30 03:36:59.578, 10625 MiB, 15360 MiB, 100 %
2026/09/30 03:37:00.589, 10625 MiB, 15360 MiB, 100 %
2026/09/30 03:37:01.596, 10625 MiB, 15360 MiB, 100 %
2026/09/30 03:37:02.598, 10625 MiB, 15360 MiB, 100 %
2026/09/30 03:37:03.602, 10625 MiB, 15360 MiB, 100 %
2026/09/30 03:37:04.612, 10625 MiB, 15360 MiB, 100 %
2026/09/30 03:37:05.615, 10625 MiB, 15360 MiB, 100 %
2026/09/30 03:37:06.617, 10625 MiB, 15360 MiB, 100 %
2026/09/30 03:37:07.620, 10625 MiB, 15360 MiB, 100 %
2026/09/30 03:37:08.622, 10625 MiB, 15360 MiB, 100 %
2026/09/30 03:37:09.625, 10625 MiB, 15360 MiB, 100 %
2026/09/30 03:37:10.628, 10625 MiB, 15360 MiB, 100 %
2026/09/30 03:37:11.634, 10625 MiB, 15360 MiB, 100 %
2026/09/30 03:37:12.640, 10625 MiB, 15360 MiB, 100 %
2026/09/30 03:37:13.647, 10625 MiB, 15360 MiB, 100 %
2026/09/30 03:37:14.654, 10625 MiB, 15360 MiB, 100 %
2026/09/30 03:37:15.660, 10625 MiB, 15360 MiB, 100 %
2026/09/30 03:37:16.664, 10625 MiB, 15360 MiB, 100 %
2026/09/30 03:37:17.671, 10625 MiB, 15360 MiB, 100 %
2026/09/30 03:37:18.675, 10625 MiB, 15360 MiB, 100 %
2026/09/30 03:37:19.677, 10625 MiB, 15360 MiB, 100 %
2026/09/30 03:37:20.681, 10625 MiB, 15360 MiB, 100 %
2026/09/30 03:37:21.687, 10625 MiB, 15360 MiB, 100 %
2026/09/30 03:37:22.690, 10625 MiB, 15360 MiB, 100 %
2026/09/30 03:37:23.693, 10625 MiB, 15360 MiB, 100 %
2026/09/30 03:37:24.697, 10625 MiB, 15360 MiB, 100 %
2026/09/30 03:37:25.700, 10625 MiB, 15360 MiB, 100 %
2026/09/30 03:37:26.704, 10625 MiB, 15360 MiB, 100 %
2026/09/30 03:37:27.715, 10625 MiB, 15360 MiB, 100 %
2026/09/30 03:37:28.724, 10625 MiB, 15360 MiB, 100 %
2026/09/30 03:37:29.728, 10625 MiB, 15360 MiB, 100 %
2026/09/30 03:37:30.731, 10625 MiB, 15360 MiB, 100 %
2026/09/30 03:37:31.733, 10625 MiB, 15360 MiB, 100 %
2026/09/30 03:37:32.736, 10625 MiB, 15360 MiB, 100 %
2026/09/30 03:37:33.739, 10625 MiB, 15360 MiB, 100 %
2026/09/30 03:37:34.742, 10625 MiB, 15360 MiB, 100 %
2026/09/30 03:37:35.744, 10625 MiB, 15360 MiB, 100 %
2026/09/30 03:37:36.747, 10625 MiB, 15360 MiB, 100 %
2026/09/30 03:37:37.749, 10625 MiB, 15360 MiB, 100 %
2026/09/30 03:37:38.754, 10625 MiB, 15360 MiB, 100 %
2026/09/30 03:37:39.760, 10625 MiB, 15360 MiB, 100 %
2026/09/30 03:37:40.764, 10625 MiB, 15360 MiB, 100 %
2026/09/30 03:37:41.772, 10625 MiB, 15360 MiB, 97 %
2026/09/30 03:37:42.777, 10625 MiB, 15360 MiB, 100 %
2026/09/30 03:37:43.781, 10625 MiB, 15360 MiB, 100 %
2026/09/30 03:37:44.789, 10625 MiB, 15360 MiB, 100 %
2026/09/30 03:37:45.791, 10625 MiB, 15360 MiB, 100 %
2026/09/30 03:37:46.794, 10625 MiB, 15360 MiB, 100 %
2026/09/30 03:37:47.798, 10625 MiB, 15360 MiB, 100 %
2026/09/30 03:37:48.800, 10625 MiB, 15360 MiB, 100 %
2026/09/30 03:37:49.804, 10625 MiB, 15360 MiB, 100 %
2026/09/30 03:37:50.808, 10625 MiB, 15360 MiB, 100 %
2026/09/30 03:37:51.810, 10625 MiB, 15360 MiB, 100 %
2026/09/30 03:37:52.814, 10625 MiB, 15360 MiB, 100 %
2026/09/30 03:37:53.818, 10625 MiB, 15360 MiB, 100 %
2026/09/30 03:37:54.825, 10625 MiB, 15360 MiB, 100 %
2026/09/30 03:37:55.831, 10625 MiB, 15360 MiB, 90 %
2026/09/30 03:37:56.834, 10625 MiB, 15360 MiB, 100 %
2026/09/30 03:37:57.837, 10625 MiB, 15360 MiB, 100 %
2026/09/30 03:37:58.840, 10625 MiB, 15360 MiB, 100 %
2026/09/30 03:37:59.843, 10625 MiB, 15360 MiB, 100 %
2026/09/30 03:38:00.845, 10625 MiB, 15360 MiB, 100 %
2026/09/30 03:38:01.848, 10625 MiB, 15360 MiB, 100 %
2026/09/30 03:38:02.852, 10625 MiB, 15360 MiB, 100 %
2026/09/30 03:38:03.855, 10625 MiB, 15360 MiB, 100 %
2026/09/30 03:38:04.858, 10625 MiB, 15360 MiB, 100 %
2026/09/30 03:38:05.861, 10625 MiB, 15360 MiB, 100 %
2026/09/30 03:38:06.864, 10625 MiB, 15360 MiB, 100 %
2026/09/30 03:38:07.868, 10625 MiB, 15360 MiB, 100 %
2026/09/30 03:38:08.873, 10625 MiB, 15360 MiB, 100 %
2026/09/30 03:38:09.881, 10625 MiB, 15360 MiB, 100 %
2026/09/30 03:38:10.884, 10625 MiB, 15360 MiB, 100 %
2026/09/30 03:38:11.888, 10625 MiB, 15360 MiB, 100 %
2026/09/30 03:38:12.892, 10625 MiB, 15360 MiB, 100 %
2026/09/30 03:38:13.897, 10625 MiB, 15360 MiB, 100 %
2026/09/30 03:38:14.901, 10625 MiB, 15360 MiB, 100 %
2026/09/30 03:38:15.905, 10625 MiB, 15360 MiB, 100 %
2026/09/30 03:38:16.907, 10625 MiB, 15360 MiB, 100 %
2026/09/30 03:38:17.910, 10625 MiB, 15360 MiB, 100 %
2026/09/30 03:38:18.913, 10625 MiB, 15360 MiB, 100 %
2026/09/30 03:38:19.916, 10625 MiB, 15360 MiB, 100 %
2026/09/30 03:38:20.926, 10625 MiB, 15360 MiB, 100 %
2026/09/30 03:38:21.934, 10625 MiB, 15360 MiB, 100 %
2026/09/30 03:38:22.937, 10625 MiB, 15360 MiB, 100 %
2026/09/30 03:38:23.939, 10625 MiB, 15360 MiB, 100 %
2026/09/30 03:38:24.943, 10625 MiB, 15360 MiB, 100 %
2026/09/30 03:38:25.947, 10625 MiB, 15360 MiB, 100 %
2026/09/30 03:38:26.949, 10625 MiB, 15360 MiB, 100 %
2026/09/30 03:38:27.953, 10625 MiB, 15360 MiB, 100 %
2026/09/30 03:38:28.955, 10625 MiB, 15360 MiB, 100 %
2026/09/30 03:38:29.958, 10625 MiB, 15360 MiB, 100 %
2026/09/30 03:38:30.960, 10625 MiB, 15360 MiB, 100 %
2026/09/30 03:38:31.963, 10625 MiB, 15360 MiB, 100 %
2026/09/30 03:38:32.966, 10625 MiB, 15360 MiB, 100 %
2026/09/30 03:38:33.970, 10625 MiB, 15360 MiB, 100 %
2026/09/30 03:38:34.979, 10625 MiB, 15360 MiB, 100 %
2026/09/30 03:38:35.985, 10625 MiB, 15360 MiB, 100 %
2026/09/30 03:38:36.992, 10625 MiB, 15360 MiB, 100 %
2026/09/30 03:38:37.997, 10625 MiB, 15360 MiB, 100 %
2026/09/30 03:38:39.000, 10625 MiB, 15360 MiB, 100 %
2026/09/30 03:38:40.008, 10625 MiB, 15360 MiB, 100 %
2026/09/30 03:38:41.010, 10625 MiB, 15360 MiB, 100 %
2026/09/30 03:38:42.013, 10625 MiB, 15360 MiB, 100 %
2026/09/30 03:38:43.015, 10625 MiB, 15360 MiB, 100 %
2026/09/30 03:38:44.021, 10625 MiB, 15360 MiB, 100 %
2026/09/30 03:38:45.025, 10625 MiB, 15360 MiB, 100 %
2026/09/30 03:38:46.028, 10625 MiB, 15360 MiB, 100 %
2026/09/30 03:38:47.031, 10625 MiB, 15360 MiB, 100 %
2026/09/30 03:38:48.035, 10625 MiB, 15360 MiB, 100 %
2026/09/30 03:38:49.044, 10625 MiB, 15360 MiB, 100 %
2026/09/30 03:38:50.051, 10625 MiB, 15360 MiB, 100 %
2026/09/30 03:38:51.056, 10625 MiB, 15360 MiB, 100 %
2026/09/30 03:38:52.058, 10625 MiB, 15360 MiB, 100 %
2026/09/30 03:38:53.061, 10625 MiB, 15360 MiB, 100 %
2026/09/30 03:38:54.064, 10625 MiB, 15360 MiB, 100 %
2026/09/30 03:38:55.066, 10625 MiB, 15360 MiB, 100 %
2026/09/30 03:38:56.070, 10625 MiB, 15360 MiB, 100 %
2026/09/30 03:38:57.073, 10625 MiB, 15360 MiB, 100 %
2026/09/30 03:38:58.076, 10625 MiB, 15360 MiB, 100 %
2026/09/30 03:38:59.079, 10625 MiB, 15360 MiB, 100 %
2026/09/30 03:39:00.081, 10625 MiB, 15360 MiB, 100 %
2026/09/30 03:39:01.085, 10625 MiB, 15360 MiB, 100 %
2026/09/30 03:39:02.093, 10625 MiB, 15360 MiB, 100 %
2026/09/30 03:39:03.104, 10625 MiB, 15360 MiB, 100 %
2026/09/30 03:39:04.109, 10625 MiB, 15360 MiB, 100 %
2026/09/30 03:39:05.114, 10625 MiB, 15360 MiB, 100 %
2026/09/30 03:39:06.116, 10625 MiB, 15360 MiB, 100 %
2026/09/30 03:39:07.119, 10625 MiB, 15360 MiB, 100 %
2026/09/30 03:39:08.122, 10625 MiB, 15360 MiB, 100 %
2026/09/30 03:39:09.125, 10625 MiB, 15360 MiB, 100 %
2026/09/30 03:39:10.128, 10625 MiB, 15360 MiB, 100 %
2026/09/30 03:39:11.131, 10625 MiB, 15360 MiB, 100 %
2026/09/30 03:39:12.133, 10625 MiB, 15360 MiB, 100 %
2026/09/30 03:39:13.136, 10625 MiB, 15360 MiB, 100 %
2026/09/30 03:39:14.139, 10625 MiB, 15360 MiB, 100 %
2026/09/30 03:39:15.143, 10625 MiB, 15360 MiB, 100 %
2026/09/30 03:39:16.151, 10625 MiB, 15360 MiB, 100 %
2026/09/30 03:39:17.158, 10625 MiB, 15360 MiB, 100 %
2026/09/30 03:39:18.164, 10625 MiB, 15360 MiB, 100 %
2026/09/30 03:39:19.168, 10625 MiB, 15360 MiB, 100 %
2026/09/30 03:39:20.171, 10625 MiB, 15360 MiB, 100 %
2026/09/30 03:39:21.174, 10625 MiB, 15360 MiB, 100 %
2026/09/30 03:39:22.178, 10625 MiB, 15360 MiB, 100 %
2026/09/30 03:39:23.180, 10625 MiB, 15360 MiB, 100 %
2026/09/30 03:39:24.183, 10625 MiB, 15360 MiB, 100 %
2026/09/30 03:39:25.186, 10625 MiB, 15360 MiB, 100 %
2026/09/30 03:39:26.188, 10625 MiB, 15360 MiB, 100 %
2026/09/30 03:39:27.191, 10625 MiB, 15360 MiB, 100 %
2026/09/30 03:39:28.194, 10625 MiB, 15360 MiB, 100 %
2026/09/30 03:39:29.198, 10625 MiB, 15360 MiB, 100 %
2026/09/30 03:39:30.209, 10625 MiB, 15360 MiB, 100 %
2026/09/30 03:39:31.219, 10625 MiB, 15360 MiB, 100 %
2026/09/30 03:39:32.228, 10625 MiB, 15360 MiB, 100 %
2026/09/30 03:39:33.231, 10625 MiB, 15360 MiB, 100 %
2026/09/30 03:39:34.234, 10625 MiB, 15360 MiB, 100 %
2026/09/30 03:39:35.238, 10625 MiB, 15360 MiB, 100 %
2026/09/30 03:39:36.241, 10625 MiB, 15360 MiB, 100 %
2026/09/30 03:39:37.244, 10625 MiB, 15360 MiB, 100 %
2026/09/30 03:39:38.247, 10625 MiB, 15360 MiB, 100 %
2026/09/30 03:39:39.250, 10625 MiB, 15360 MiB, 100 %
2026/09/30 03:39:40.255, 10625 MiB, 15360 MiB, 94 %
2026/09/30 03:39:41.258, 10625 MiB, 15360 MiB, 100 %
2026/09/30 03:39:42.262, 10625 MiB, 15360 MiB, 100 %
2026/09/30 03:39:43.270, 10625 MiB, 15360 MiB, 100 %
2026/09/30 03:39:44.278, 10625 MiB, 15360 MiB, 100 %
2026/09/30 03:39:45.288, 10625 MiB, 15360 MiB, 100 %
2026/09/30 03:39:46.297, 10625 MiB, 15360 MiB, 100 %
2026/09/30 03:39:47.300, 10625 MiB, 15360 MiB, 100 %
2026/09/30 03:39:48.303, 10625 MiB, 15360 MiB, 100 %
2026/09/30 03:39:49.306, 10625 MiB, 15360 MiB, 100 %
2026/09/30 03:39:50.310, 10625 MiB, 15360 MiB, 100 %
2026/09/30 03:39:51.312, 10625 MiB, 15360 MiB, 100 %
2026/09/30 03:39:52.315, 10625 MiB, 15360 MiB, 100 %
2026/09/30 03:39:53.318, 10625 MiB, 15360 MiB, 100 %
2026/09/30 03:39:54.321, 10625 MiB, 15360 MiB, 100 %
2026/09/30 03:39:55.323, 10625 MiB, 15360 MiB, 100 %
2026/09/30 03:39:56.326, 10625 MiB, 15360 MiB, 67 %
2026/09/30 03:39:57.330, 10625 MiB, 15360 MiB, 0 %
2026/09/30 03:39:58.333, 10625 MiB, 15360 MiB, 0 %
2026/09/30 03:39:59.339, 10625 MiB, 15360 MiB, 0 %
2026/09/30 03:40:00.341, 10625 MiB, 15360 MiB, 0 %
2026/09/30 03:40:01.343, 10625 MiB, 15360 MiB, 0 %
2026/09/30 03:40:02.346, 10625 MiB, 15360 MiB, 0 %
2026/09/30 03:40:03.349, 10625 MiB, 15360 MiB, 0 %
2026/09/30 03:40:04.352, 10617 MiB, 15360 MiB, 0 %
2026/09/30 03:40:05.355, 0 MiB, 15360 MiB, 0 %
2026/09/30 03:40:06.357, 0 MiB, 15360 MiB, 0 %
2026/09/30 03:40:07.617, 0 MiB, 15360 MiB, 0 %
2026/09/30 03:40:08.620, 0 MiB, 15360 MiB, 0 %
2026/09/30 03:40:09.625, 0 MiB, 15360 MiB, 0 %
2026/09/30 03:40:10.639, 0 MiB, 15360 MiB, 0 %
2026/09/30 03:40:11.644, 0 MiB, 15360 MiB, 0 %
2026/09/30 03:40:12.648, 0 MiB, 15360 MiB, 0 %
2026/09/30 03:40:13.651, 0 MiB, 15360 MiB, 0 %
2026/09/30 03:40:14.654, 0 MiB, 15360 MiB, 0 %
2026/09/30 03:40:15.657, 0 MiB, 15360 MiB, 0 %
2026/09/30 03:40:16.662, 0 MiB, 15360 MiB, 0 %
2026/09/30 03:40:17.667, 0 MiB, 15360 MiB, 0 %
2026/09/30 03:40:18.671, 0 MiB, 15360 MiB, 0 %
2026/09/30 03:40:19.676, 0 MiB, 15360 MiB, 0 %
2026/09/30 03:40:20.680, 0 MiB, 15360 MiB, 0 %
2026/09/30 03:40:21.684, 0 MiB, 15360 MiB, 0 %
2026/09/30 03:40:22.690, 0 MiB, 15360 MiB, 0 %
2026/09/30 03:40:23.696, 0 MiB, 15360 MiB, 0 %
2026/09/30 03:40:24.702, 0 MiB, 15360 MiB, 0 %
2026/09/30 03:40:25.712, 0 MiB, 15360 MiB, 0 %
2026/09/30 03:40:26.718, 3 MiB, 15360 MiB, 0 %
2026/09/30 03:40:27.722, 3 MiB, 15360 MiB, 0 %
2026/09/30 03:40:28.725, 3 MiB, 15360 MiB, 0 %
2026/09/30 03:40:29.730, 3 MiB, 15360 MiB, 0 %
2026/09/30 03:40:30.733, 3 MiB, 15360 MiB, 0 %
2026/09/30 03:40:31.737, 233 MiB, 15360 MiB, 100 %
2026/09/30 03:40:32.739, 233 MiB, 15360 MiB, 100 %
2026/09/30 03:40:33.741, 233 MiB, 15360 MiB, 100 %
2026/09/30 03:40:34.744, 583 MiB, 15360 MiB, 3 %
2026/09/30 03:40:35.747, 583 MiB, 15360 MiB, 2 %
2026/09/30 03:40:36.752, 593 MiB, 15360 MiB, 0 %
2026/09/30 03:40:37.758, 593 MiB, 15360 MiB, 0 %
2026/09/30 03:40:38.761, 593 MiB, 15360 MiB, 0 %
2026/09/30 03:40:39.766, 593 MiB, 15360 MiB, 0 %
2026/09/30 03:40:40.768, 595 MiB, 15360 MiB, 0 %
2026/09/30 03:40:41.771, 595 MiB, 15360 MiB, 0 %
2026/09/30 03:40:42.779, 595 MiB, 15360 MiB, 0 %
2026/09/30 03:40:43.782, 597 MiB, 15360 MiB, 0 %
2026/09/30 03:40:44.784, 597 MiB, 15360 MiB, 0 %
2026/09/30 03:40:45.787, 597 MiB, 15360 MiB, 0 %
2026/09/30 03:40:46.789, 597 MiB, 15360 MiB, 0 %
2026/09/30 03:40:47.791, 599 MiB, 15360 MiB, 0 %
2026/09/30 03:40:48.796, 809 MiB, 15360 MiB, 0 %
2026/09/30 03:40:49.804, 809 MiB, 15360 MiB, 0 %
2026/09/30 03:40:50.811, 809 MiB, 15360 MiB, 0 %
2026/09/30 03:40:51.814, 809 MiB, 15360 MiB, 0 %
2026/09/30 03:40:52.817, 823 MiB, 15360 MiB, 0 %
2026/09/30 03:40:53.820, 1119 MiB, 15360 MiB, 100 %
2026/09/30 03:40:54.823, 1179 MiB, 15360 MiB, 100 %
2026/09/30 03:40:55.826, 3165 MiB, 15360 MiB, 100 %
2026/09/30 03:40:56.829, 3165 MiB, 15360 MiB, 100 %
2026/09/30 03:40:57.831, 3165 MiB, 15360 MiB, 100 %
2026/09/30 03:40:58.833, 4521 MiB, 15360 MiB, 100 %
2026/09/30 03:40:59.840, 4521 MiB, 15360 MiB, 100 %
2026/09/30 03:41:00.844, 5719 MiB, 15360 MiB, 100 %
2026/09/30 03:41:01.846, 5719 MiB, 15360 MiB, 100 %
2026/09/30 03:41:02.849, 5721 MiB, 15360 MiB, 100 %
2026/09/30 03:41:03.853, 5721 MiB, 15360 MiB, 100 %
2026/09/30 03:41:04.855, 5723 MiB, 15360 MiB, 100 %
2026/09/30 03:41:05.858, 5725 MiB, 15360 MiB, 100 %
2026/09/30 03:41:06.863, 5725 MiB, 15360 MiB, 100 %
2026/09/30 03:41:07.867, 5725 MiB, 15360 MiB, 100 %
2026/09/30 03:41:08.870, 7111 MiB, 15360 MiB, 100 %
2026/09/30 03:41:09.871, 7111 MiB, 15360 MiB, 100 %
2026/09/30 03:41:10.875, 7111 MiB, 15360 MiB, 100 %
2026/09/30 03:41:11.877, 7111 MiB, 15360 MiB, 100 %
2026/09/30 03:41:12.879, 8497 MiB, 15360 MiB, 100 %
2026/09/30 03:41:13.882, 8497 MiB, 15360 MiB, 100 %
2026/09/30 03:41:14.884, 8497 MiB, 15360 MiB, 100 %
2026/09/30 03:41:15.887, 9883 MiB, 15360 MiB, 100 %
2026/09/30 03:41:16.892, 9883 MiB, 15360 MiB, 100 %
2026/09/30 03:41:17.898, 9883 MiB, 15360 MiB, 100 %
2026/09/30 03:41:18.901, 9883 MiB, 15360 MiB, 100 %
2026/09/30 03:41:19.903, 9883 MiB, 15360 MiB, 100 %
2026/09/30 03:41:20.906, 9883 MiB, 15360 MiB, 100 %
2026/09/30 03:41:21.908, 9883 MiB, 15360 MiB, 100 %
2026/09/30 03:41:22.910, 9883 MiB, 15360 MiB, 100 %
2026/09/30 03:41:23.915, 9883 MiB, 15360 MiB, 100 %
2026/09/30 03:41:24.920, 9883 MiB, 15360 MiB, 100 %
2026/09/30 03:41:25.923, 9883 MiB, 15360 MiB, 100 %
2026/09/30 03:41:26.925, 9883 MiB, 15360 MiB, 100 %
2026/09/30 03:41:27.927, 9883 MiB, 15360 MiB, 100 %
2026/09/30 03:41:28.929, 12211 MiB, 15360 MiB, 100 %
2026/09/30 03:41:29.931, 12211 MiB, 15360 MiB, 100 %
2026/09/30 03:41:30.935, 12211 MiB, 15360 MiB, 100 %
2026/09/30 03:41:31.940, 12211 MiB, 15360 MiB, 100 %
2026/09/30 03:41:32.945, 12211 MiB, 15360 MiB, 95 %
2026/09/30 03:41:33.949, 12211 MiB, 15360 MiB, 100 %
2026/09/30 03:41:34.951, 12211 MiB, 15360 MiB, 100 %
2026/09/30 03:41:35.954, 14539 MiB, 15360 MiB, 100 %
2026/09/30 03:41:36.957, 14539 MiB, 15360 MiB, 100 %
2026/09/30 03:41:37.959, 14539 MiB, 15360 MiB, 100 %
2026/09/30 03:41:38.962, 14539 MiB, 15360 MiB, 100 %
2026/09/30 03:41:39.964, 14539 MiB, 15360 MiB, 100 %
2026/09/30 03:41:40.966, 8217 MiB, 15360 MiB, 99 %
2026/09/30 03:41:41.969, 8217 MiB, 15360 MiB, 100 %
2026/09/30 03:41:42.971, 8217 MiB, 15360 MiB, 100 %
2026/09/30 03:41:43.973, 8217 MiB, 15360 MiB, 100 %
2026/09/30 03:41:44.977, 8217 MiB, 15360 MiB, 100 %
2026/09/30 03:41:45.980, 8217 MiB, 15360 MiB, 100 %
2026/09/30 03:41:46.989, 8217 MiB, 15360 MiB, 100 %
2026/09/30 03:41:47.995, 8217 MiB, 15360 MiB, 100 %
2026/09/30 03:41:49.000, 8217 MiB, 15360 MiB, 100 %
2026/09/30 03:41:50.002, 8217 MiB, 15360 MiB, 100 %
2026/09/30 03:41:51.004, 8217 MiB, 15360 MiB, 100 %
2026/09/30 03:41:52.006, 8217 MiB, 15360 MiB, 100 %
2026/09/30 03:41:53.009, 8217 MiB, 15360 MiB, 100 %
2026/09/30 03:41:54.011, 8217 MiB, 15360 MiB, 100 %
2026/09/30 03:41:55.015, 8217 MiB, 15360 MiB, 100 %
2026/09/30 03:41:56.017, 8217 MiB, 15360 MiB, 100 %
2026/09/30 03:41:57.019, 8219 MiB, 15360 MiB, 100 %
2026/09/30 03:41:58.022, 8219 MiB, 15360 MiB, 100 %
2026/09/30 03:41:59.027, 8219 MiB, 15360 MiB, 100 %
2026/09/30 03:42:00.032, 8219 MiB, 15360 MiB, 100 %
2026/09/30 03:42:01.036, 8219 MiB, 15360 MiB, 100 %
2026/09/30 03:42:02.043, 8219 MiB, 15360 MiB, 100 %
2026/09/30 03:42:03.048, 8219 MiB, 15360 MiB, 100 %
2026/09/30 03:42:04.050, 8219 MiB, 15360 MiB, 100 %
2026/09/30 03:42:05.052, 8219 MiB, 15360 MiB, 100 %
2026/09/30 03:42:06.054, 8219 MiB, 15360 MiB, 100 %
2026/09/30 03:42:07.058, 8219 MiB, 15360 MiB, 100 %
2026/09/30 03:42:08.060, 10457 MiB, 15360 MiB, 100 %
2026/09/30 03:42:09.062, 10457 MiB, 15360 MiB, 100 %
2026/09/30 03:42:10.065, 10457 MiB, 15360 MiB, 100 %
2026/09/30 03:42:11.067, 10457 MiB, 15360 MiB, 100 %
2026/09/30 03:42:12.070, 10457 MiB, 15360 MiB, 100 %
2026/09/30 03:42:13.073, 10457 MiB, 15360 MiB, 100 %
2026/09/30 03:42:14.078, 10457 MiB, 15360 MiB, 100 %
2026/09/30 03:42:15.082, 10457 MiB, 15360 MiB, 100 %
2026/09/30 03:42:16.086, 10457 MiB, 15360 MiB, 100 %
2026/09/30 03:42:17.088, 10457 MiB, 15360 MiB, 100 %
2026/09/30 03:42:18.091, 10457 MiB, 15360 MiB, 100 %
2026/09/30 03:42:19.093, 10457 MiB, 15360 MiB, 100 %
2026/09/30 03:42:20.095, 10457 MiB, 15360 MiB, 100 %
2026/09/30 03:42:21.097, 10475 MiB, 15360 MiB, 100 %
2026/09/30 03:42:22.099, 10475 MiB, 15360 MiB, 100 %
2026/09/30 03:42:23.103, 10475 MiB, 15360 MiB, 100 %
2026/09/30 03:42:24.105, 10475 MiB, 15360 MiB, 100 %
2026/09/30 03:42:25.107, 10475 MiB, 15360 MiB, 100 %
2026/09/30 03:42:26.110, 10475 MiB, 15360 MiB, 100 %
2026/09/30 03:42:27.114, 10475 MiB, 15360 MiB, 100 %
2026/09/30 03:42:28.118, 10475 MiB, 15360 MiB, 100 %
2026/09/30 03:42:29.125, 10475 MiB, 15360 MiB, 100 %
2026/09/30 03:42:30.130, 10475 MiB, 15360 MiB, 100 %
2026/09/30 03:42:31.133, 10475 MiB, 15360 MiB, 100 %
timestamp, memory.used [MiB], memory.total [MiB], utilization.gpu [%]
2026/09/30 03:42:58.505, 0 MiB, 15360 MiB, 0 %
2026/09/30 03:42:59.518, 0 MiB, 15360 MiB, 0 %
2026/09/30 03:43:00.521, 0 MiB, 15360 MiB, 0 %
2026/09/30 03:43:01.525, 0 MiB, 15360 MiB, 0 %
2026/09/30 03:43:02.528, 0 MiB, 15360 MiB, 0 %
2026/09/30 03:43:03.531, 0 MiB, 15360 MiB, 0 %
2026/09/30 03:43:04.535, 0 MiB, 15360 MiB, 0 %
2026/09/30 03:43:05.539, 0 MiB, 15360 MiB, 0 %
2026/09/30 03:43:06.543, 0 MiB, 15360 MiB, 0 %
2026/09/30 03:43:07.547, 0 MiB, 15360 MiB, 0 %
2026/09/30 03:43:08.550, 0 MiB, 15360 MiB, 0 %
2026/09/30 03:43:09.559, 0 MiB, 15360 MiB, 0 %
2026/09/30 03:43:10.567, 0 MiB, 15360 MiB, 0 %
2026/09/30 03:43:11.574, 0 MiB, 15360 MiB, 0 %
2026/09/30 03:43:12.581, 3 MiB, 15360 MiB, 0 %
2026/09/30 03:43:13.584, 3 MiB, 15360 MiB, 0 %
2026/09/30 03:43:14.588, 3 MiB, 15360 MiB, 0 %
2026/09/30 03:43:15.594, 3 MiB, 15360 MiB, 0 %
2026/09/30 03:43:16.598, 13 MiB, 15360 MiB, 0 %
2026/09/30 03:43:17.601, 233 MiB, 15360 MiB, 100 %
2026/09/30 03:43:18.603, 233 MiB, 15360 MiB, 100 %
2026/09/30 03:43:19.605, 583 MiB, 15360 MiB, 0 %
2026/09/30 03:43:20.608, 593 MiB, 15360 MiB, 12 %
2026/09/30 03:43:21.610, 593 MiB, 15360 MiB, 0 %
2026/09/30 03:43:22.614, 593 MiB, 15360 MiB, 0 %
2026/09/30 03:43:23.621, 595 MiB, 15360 MiB, 0 %
2026/09/30 03:43:24.629, 597 MiB, 15360 MiB, 0 %
2026/09/30 03:43:25.635, 809 MiB, 15360 MiB, 0 %
2026/09/30 03:43:26.639, 809 MiB, 15360 MiB, 0 %
2026/09/30 03:43:27.641, 809 MiB, 15360 MiB, 0 %
2026/09/30 03:43:28.643, 809 MiB, 15360 MiB, 0 %
2026/09/30 03:43:29.646, 849 MiB, 15360 MiB, 7 %
2026/09/30 03:43:30.648, 1155 MiB, 15360 MiB, 100 %
2026/09/30 03:43:31.650, 3165 MiB, 15360 MiB, 100 %
2026/09/30 03:43:32.654, 3165 MiB, 15360 MiB, 100 %
2026/09/30 03:43:33.656, 3165 MiB, 15360 MiB, 100 %
2026/09/30 03:43:34.658, 4521 MiB, 15360 MiB, 100 %
2026/09/30 03:43:35.660, 4521 MiB, 15360 MiB, 100 %
2026/09/30 03:43:36.665, 5719 MiB, 15360 MiB, 88 %
2026/09/30 03:43:37.671, 5719 MiB, 15360 MiB, 100 %
2026/09/30 03:43:38.678, 5721 MiB, 15360 MiB, 100 %
2026/09/30 03:43:39.681, 5721 MiB, 15360 MiB, 100 %
2026/09/30 03:43:40.684, 5723 MiB, 15360 MiB, 100 %
2026/09/30 03:43:41.686, 5725 MiB, 15360 MiB, 100 %
2026/09/30 03:43:42.691, 5725 MiB, 15360 MiB, 100 %
2026/09/30 03:43:43.693, 5725 MiB, 15360 MiB, 100 %
2026/09/30 03:43:44.696, 7111 MiB, 15360 MiB, 100 %
2026/09/30 03:43:45.698, 7111 MiB, 15360 MiB, 100 %
2026/09/30 03:43:46.700, 7111 MiB, 15360 MiB, 100 %
2026/09/30 03:43:47.702, 7111 MiB, 15360 MiB, 100 %
2026/09/30 03:43:48.704, 8497 MiB, 15360 MiB, 100 %
2026/09/30 03:43:49.706, 8497 MiB, 15360 MiB, 100 %
2026/09/30 03:43:50.709, 8497 MiB, 15360 MiB, 100 %
2026/09/30 03:43:51.715, 9883 MiB, 15360 MiB, 100 %
2026/09/30 03:43:52.718, 9883 MiB, 15360 MiB, 100 %
2026/09/30 03:43:53.721, 9883 MiB, 15360 MiB, 100 %
2026/09/30 03:43:54.725, 9883 MiB, 15360 MiB, 100 %
2026/09/30 03:43:55.729, 9883 MiB, 15360 MiB, 100 %
2026/09/30 03:43:56.732, 9883 MiB, 15360 MiB, 100 %
2026/09/30 03:43:57.734, 9883 MiB, 15360 MiB, 100 %
2026/09/30 03:43:58.737, 9883 MiB, 15360 MiB, 100 %
2026/09/30 03:43:59.738, 9883 MiB, 15360 MiB, 100 %
2026/09/30 03:44:00.741, 9883 MiB, 15360 MiB, 100 %
2026/09/30 03:44:01.743, 9883 MiB, 15360 MiB, 100 %
2026/09/30 03:44:02.746, 12211 MiB, 15360 MiB, 100 %
2026/09/30 03:44:03.749, 12211 MiB, 15360 MiB, 100 %
2026/09/30 03:44:04.753, 12211 MiB, 15360 MiB, 100 %
2026/09/30 03:44:05.758, 12211 MiB, 15360 MiB, 100 %
2026/09/30 03:44:06.764, 12211 MiB, 15360 MiB, 100 %
2026/09/30 03:44:07.772, 12211 MiB, 15360 MiB, 100 %
2026/09/30 03:44:08.777, 12211 MiB, 15360 MiB, 100 %
2026/09/30 03:44:09.780, 14539 MiB, 15360 MiB, 100 %
2026/09/30 03:44:10.783, 14539 MiB, 15360 MiB, 100 %
2026/09/30 03:44:11.787, 14539 MiB, 15360 MiB, 100 %
2026/09/30 03:44:12.790, 14539 MiB, 15360 MiB, 100 %
2026/09/30 03:44:13.792, 14539 MiB, 15360 MiB, 100 %
2026/09/30 03:44:14.794, 14539 MiB, 15360 MiB, 100 %
2026/09/30 03:44:15.797, 8217 MiB, 15360 MiB, 100 %
2026/09/30 03:44:16.799, 8217 MiB, 15360 MiB, 100 %
2026/09/30 03:44:17.801, 8217 MiB, 15360 MiB, 100 %
2026/09/30 03:44:18.804, 8217 MiB, 15360 MiB, 100 %
2026/09/30 03:44:19.808, 8217 MiB, 15360 MiB, 100 %
2026/09/30 03:44:20.812, 8217 MiB, 15360 MiB, 100 %
2026/09/30 03:44:21.817, 8217 MiB, 15360 MiB, 100 %
2026/09/30 03:44:22.824, 8217 MiB, 15360 MiB, 100 %
2026/09/30 03:44:23.832, 8217 MiB, 15360 MiB, 100 %
2026/09/30 03:44:24.834, 8217 MiB, 15360 MiB, 100 %
2026/09/30 03:44:25.836, 8217 MiB, 15360 MiB, 100 %
2026/09/30 03:44:26.838, 8217 MiB, 15360 MiB, 100 %
2026/09/30 03:44:27.841, 8217 MiB, 15360 MiB, 100 %
2026/09/30 03:44:28.843, 8217 MiB, 15360 MiB, 100 %
2026/09/30 03:44:29.845, 8217 MiB, 15360 MiB, 97 %
2026/09/30 03:44:30.847, 8217 MiB, 15360 MiB, 100 %
2026/09/30 03:44:31.850, 8217 MiB, 15360 MiB, 100 %
2026/09/30 03:44:32.852, 8219 MiB, 15360 MiB, 100 %
2026/09/30 03:44:33.856, 8219 MiB, 15360 MiB, 100 %
2026/09/30 03:44:34.859, 8219 MiB, 15360 MiB, 100 %
2026/09/30 03:44:35.864, 8219 MiB, 15360 MiB, 100 %
2026/09/30 03:44:36.871, 8219 MiB, 15360 MiB, 97 %
2026/09/30 03:44:37.874, 8219 MiB, 15360 MiB, 100 %
2026/09/30 03:44:38.876, 8219 MiB, 15360 MiB, 100 %
2026/09/30 03:44:39.878, 8219 MiB, 15360 MiB, 100 %
2026/09/30 03:44:40.881, 8219 MiB, 15360 MiB, 100 %
2026/09/30 03:44:41.886, 8219 MiB, 15360 MiB, 100 %
2026/09/30 03:44:42.890, 8219 MiB, 15360 MiB, 100 %
2026/09/30 03:44:43.892, 10457 MiB, 15360 MiB, 100 %
2026/09/30 03:44:44.894, 10457 MiB, 15360 MiB, 100 %
2026/09/30 03:44:45.896, 10457 MiB, 15360 MiB, 100 %
2026/09/30 03:44:46.899, 10457 MiB, 15360 MiB, 100 %
2026/09/30 03:44:47.902, 10457 MiB, 15360 MiB, 100 %
2026/09/30 03:44:48.906, 10457 MiB, 15360 MiB, 100 %
2026/09/30 03:44:49.909, 10457 MiB, 15360 MiB, 100 %
2026/09/30 03:44:50.912, 10457 MiB, 15360 MiB, 100 %
2026/09/30 03:44:51.914, 10457 MiB, 15360 MiB, 100 %
2026/09/30 03:44:52.917, 10457 MiB, 15360 MiB, 100 %
2026/09/30 03:44:53.919, 10457 MiB, 15360 MiB, 100 %
2026/09/30 03:44:54.921, 10457 MiB, 15360 MiB, 100 %
2026/09/30 03:44:55.925, 10457 MiB, 15360 MiB, 100 %
2026/09/30 03:44:56.929, 10475 MiB, 15360 MiB, 100 %
2026/09/30 03:44:57.932, 10475 MiB, 15360 MiB, 100 %
2026/09/30 03:44:58.936, 10475 MiB, 15360 MiB, 100 %
2026/09/30 03:44:59.938, 10475 MiB, 15360 MiB, 100 %
2026/09/30 03:45:00.940, 10475 MiB, 15360 MiB, 100 %
2026/09/30 03:45:01.944, 10475 MiB, 15360 MiB, 100 %
2026/09/30 03:45:02.948, 10475 MiB, 15360 MiB, 100 %
2026/09/30 03:45:03.951, 10475 MiB, 15360 MiB, 100 %
2026/09/30 03:45:04.957, 10475 MiB, 15360 MiB, 100 %
2026/09/30 03:45:05.962, 10475 MiB, 15360 MiB, 100 %
2026/09/30 03:45:06.965, 10475 MiB, 15360 MiB, 100 %
2026/09/30 03:45:07.967, 10475 MiB, 15360 MiB, 100 %
2026/09/30 03:45:08.971, 10475 MiB, 15360 MiB, 100 %
2026/09/30 03:45:09.973, 10475 MiB, 15360 MiB, 100 %
2026/09/30 03:45:10.976, 10475 MiB, 15360 MiB, 100 %
2026/09/30 03:45:11.980, 10475 MiB, 15360 MiB, 100 %
2026/09/30 03:45:12.983, 10475 MiB, 15360 MiB, 96 %
2026/09/30 03:45:13.986, 10475 MiB, 15360 MiB, 100 %
2026/09/30 03:45:14.989, 10475 MiB, 15360 MiB, 100 %
2026/09/30 03:45:15.992, 10475 MiB, 15360 MiB, 100 %
2026/09/30 03:45:16.996, 10475 MiB, 15360 MiB, 100 %
2026/09/30 03:45:18.003, 10475 MiB, 15360 MiB, 100 %
2026/09/30 03:45:19.010, 10475 MiB, 15360 MiB, 100 %
2026/09/30 03:45:20.015, 10475 MiB, 15360 MiB, 100 %
2026/09/30 03:45:21.017, 10475 MiB, 15360 MiB, 100 %
2026/09/30 03:45:22.024, 10475 MiB, 15360 MiB, 100 %
2026/09/30 03:45:23.026, 10475 MiB, 15360 MiB, 100 %
2026/09/30 03:45:24.028, 10475 MiB, 15360 MiB, 100 %
2026/09/30 03:45:25.030, 10475 MiB, 15360 MiB, 100 %
2026/09/30 03:45:26.032, 10475 MiB, 15360 MiB, 100 %
2026/09/30 03:45:27.034, 10475 MiB, 15360 MiB, 100 %
2026/09/30 03:45:28.036, 10475 MiB, 15360 MiB, 100 %
2026/09/30 03:45:29.039, 10475 MiB, 15360 MiB, 100 %
2026/09/30 03:45:30.046, 10475 MiB, 15360 MiB, 100 %
2026/09/30 03:45:31.050, 10475 MiB, 15360 MiB, 100 %
2026/09/30 03:45:32.058, 10475 MiB, 15360 MiB, 100 %
2026/09/30 03:45:33.064, 10475 MiB, 15360 MiB, 100 %
2026/09/30 03:45:34.070, 10475 MiB, 15360 MiB, 100 %
2026/09/30 03:45:35.073, 10475 MiB, 15360 MiB, 100 %
2026/09/30 03:45:36.075, 10475 MiB, 15360 MiB, 100 %
2026/09/30 03:45:37.077, 10475 MiB, 15360 MiB, 100 %
2026/09/30 03:45:38.080, 10475 MiB, 15360 MiB, 100 %
2026/09/30 03:45:39.084, 10475 MiB, 15360 MiB, 100 %
2026/09/30 03:45:40.086, 10475 MiB, 15360 MiB, 100 %
2026/09/30 03:45:41.088, 10475 MiB, 15360 MiB, 100 %
2026/09/30 03:45:42.090, 10475 MiB, 15360 MiB, 100 %
2026/09/30 03:45:43.092, 10475 MiB, 15360 MiB, 100 %
2026/09/30 03:45:44.095, 10475 MiB, 15360 MiB, 100 %
2026/09/30 03:45:45.098, 10475 MiB, 15360 MiB, 100 %
2026/09/30 03:45:46.100, 10475 MiB, 15360 MiB, 100 %
2026/09/30 03:45:47.105, 10475 MiB, 15360 MiB, 100 %
2026/09/30 03:45:48.111, 10477 MiB, 15360 MiB, 100 %
2026/09/30 03:45:49.114, 10477 MiB, 15360 MiB, 100 %
2026/09/30 03:45:50.116, 10477 MiB, 15360 MiB, 100 %
2026/09/30 03:45:51.118, 10477 MiB, 15360 MiB, 100 %
2026/09/30 03:45:52.121, 10477 MiB, 15360 MiB, 100 %
2026/09/30 03:45:53.129, 10477 MiB, 15360 MiB, 100 %
2026/09/30 03:45:54.131, 10477 MiB, 15360 MiB, 100 %
2026/09/30 03:45:55.134, 10477 MiB, 15360 MiB, 100 %
2026/09/30 03:45:56.136, 10477 MiB, 15360 MiB, 100 %
2026/09/30 03:45:57.139, 10477 MiB, 15360 MiB, 100 %
2026/09/30 03:45:58.142, 10477 MiB, 15360 MiB, 100 %
2026/09/30 03:45:59.149, 10477 MiB, 15360 MiB, 100 %
2026/09/30 03:46:00.160, 10477 MiB, 15360 MiB, 100 %
2026/09/30 03:46:01.164, 10477 MiB, 15360 MiB, 100 %
2026/09/30 03:46:02.170, 10477 MiB, 15360 MiB, 100 %
2026/09/30 03:46:03.172, 10477 MiB, 15360 MiB, 100 %
2026/09/30 03:46:04.174, 10477 MiB, 15360 MiB, 100 %
2026/09/30 03:46:05.176, 10477 MiB, 15360 MiB, 98 %
2026/09/30 03:46:06.179, 10477 MiB, 15360 MiB, 100 %
2026/09/30 03:46:07.182, 10477 MiB, 15360 MiB, 100 %
2026/09/30 03:46:08.184, 10477 MiB, 15360 MiB, 100 %
2026/09/30 03:46:09.186, 10477 MiB, 15360 MiB, 100 %
2026/09/30 03:46:10.188, 10477 MiB, 15360 MiB, 100 %
2026/09/30 03:46:11.190, 10477 MiB, 15360 MiB, 100 %
2026/09/30 03:46:12.193, 10477 MiB, 15360 MiB, 100 %
2026/09/30 03:46:13.196, 10477 MiB, 15360 MiB, 100 %
2026/09/30 03:46:14.199, 10477 MiB, 15360 MiB, 100 %
2026/09/30 03:46:15.205, 10477 MiB, 15360 MiB, 100 %
2026/09/30 03:46:16.211, 10477 MiB, 15360 MiB, 100 %
2026/09/30 03:46:17.213, 10477 MiB, 15360 MiB, 100 %
2026/09/30 03:46:18.215, 10477 MiB, 15360 MiB, 96 %
2026/09/30 03:46:19.217, 10477 MiB, 15360 MiB, 100 %
2026/09/30 03:46:20.219, 10477 MiB, 15360 MiB, 100 %
2026/09/30 03:46:21.221, 10477 MiB, 15360 MiB, 100 %
2026/09/30 03:46:22.223, 10477 MiB, 15360 MiB, 100 %
2026/09/30 03:46:23.225, 10477 MiB, 15360 MiB, 100 %
2026/09/30 03:46:24.227, 10477 MiB, 15360 MiB, 100 %
2026/09/30 03:46:25.229, 10477 MiB, 15360 MiB, 100 %
2026/09/30 03:46:26.233, 10477 MiB, 15360 MiB, 100 %
2026/09/30 03:46:27.238, 10477 MiB, 15360 MiB, 100 %
2026/09/30 03:46:28.246, 10477 MiB, 15360 MiB, 100 %
2026/09/30 03:46:29.251, 10477 MiB, 15360 MiB, 100 %
2026/09/30 03:46:30.259, 10477 MiB, 15360 MiB, 100 %
2026/09/30 03:46:31.261, 10477 MiB, 15360 MiB, 100 %
2026/09/30 03:46:32.263, 10477 MiB, 15360 MiB, 100 %
2026/09/30 03:46:33.266, 10477 MiB, 15360 MiB, 100 %
2026/09/30 03:46:34.268, 10477 MiB, 15360 MiB, 100 %
2026/09/30 03:46:35.270, 10477 MiB, 15360 MiB, 100 %
2026/09/30 03:46:36.273, 10477 MiB, 15360 MiB, 100 %
2026/09/30 03:46:37.276, 10477 MiB, 15360 MiB, 100 %
2026/09/30 03:46:38.279, 10477 MiB, 15360 MiB, 100 %
2026/09/30 03:46:39.285, 10477 MiB, 15360 MiB, 97 %
2026/09/30 03:46:40.287, 10477 MiB, 15360 MiB, 100 %
2026/09/30 03:46:41.291, 10477 MiB, 15360 MiB, 100 %
2026/09/30 03:46:42.296, 10477 MiB, 15360 MiB, 100 %
2026/09/30 03:46:43.303, 10477 MiB, 15360 MiB, 100 %
2026/09/30 03:46:44.310, 10477 MiB, 15360 MiB, 100 %
2026/09/30 03:46:45.312, 10477 MiB, 15360 MiB, 100 %
2026/09/30 03:46:46.314, 10477 MiB, 15360 MiB, 100 %
2026/09/30 03:46:47.317, 10477 MiB, 15360 MiB, 100 %
2026/09/30 03:46:48.319, 10477 MiB, 15360 MiB, 100 %
2026/09/30 03:46:49.321, 10477 MiB, 15360 MiB, 100 %
2026/09/30 03:46:50.323, 10477 MiB, 15360 MiB, 100 %
2026/09/30 03:46:51.326, 10477 MiB, 15360 MiB, 100 %
2026/09/30 03:46:52.328, 10477 MiB, 15360 MiB, 100 %
2026/09/30 03:46:53.331, 10477 MiB, 15360 MiB, 100 %
2026/09/30 03:46:54.333, 10477 MiB, 15360 MiB, 100 %
2026/09/30 03:46:55.337, 10477 MiB, 15360 MiB, 100 %
2026/09/30 03:46:56.345, 10477 MiB, 15360 MiB, 100 %
2026/09/30 03:46:57.350, 10477 MiB, 15360 MiB, 100 %
2026/09/30 03:46:58.356, 10477 MiB, 15360 MiB, 100 %
2026/09/30 03:46:59.362, 10477 MiB, 15360 MiB, 100 %
2026/09/30 03:47:00.364, 10477 MiB, 15360 MiB, 100 %
2026/09/30 03:47:01.366, 10477 MiB, 15360 MiB, 100 %
2026/09/30 03:47:02.368, 10477 MiB, 15360 MiB, 100 %
2026/09/30 03:47:03.372, 10477 MiB, 15360 MiB, 100 %
2026/09/30 03:47:04.374, 10477 MiB, 15360 MiB, 100 %
2026/09/30 03:47:05.376, 10477 MiB, 15360 MiB, 100 %
2026/09/30 03:47:06.378, 10477 MiB, 15360 MiB, 100 %
2026/09/30 03:47:07.381, 10477 MiB, 15360 MiB, 100 %
2026/09/30 03:47:08.383, 10477 MiB, 15360 MiB, 100 %
2026/09/30 03:47:09.385, 10477 MiB, 15360 MiB, 100 %
2026/09/30 03:47:10.388, 10477 MiB, 15360 MiB, 100 %
2026/09/30 03:47:11.392, 10477 MiB, 15360 MiB, 100 %
2026/09/30 03:47:12.403, 10477 MiB, 15360 MiB, 100 %
2026/09/30 03:47:13.409, 10477 MiB, 15360 MiB, 100 %
2026/09/30 03:47:14.412, 10477 MiB, 15360 MiB, 100 %
2026/09/30 03:47:15.415, 10477 MiB, 15360 MiB, 96 %
2026/09/30 03:47:16.417, 10477 MiB, 15360 MiB, 100 %
2026/09/30 03:47:17.419, 10477 MiB, 15360 MiB, 100 %
2026/09/30 03:47:18.421, 10477 MiB, 15360 MiB, 98 %
2026/09/30 03:47:19.423, 10477 MiB, 15360 MiB, 100 %
2026/09/30 03:47:20.426, 10477 MiB, 15360 MiB, 100 %
2026/09/30 03:47:21.428, 10477 MiB, 15360 MiB, 100 %
2026/09/30 03:47:22.431, 10477 MiB, 15360 MiB, 100 %
2026/09/30 03:47:23.434, 10477 MiB, 15360 MiB, 100 %
2026/09/30 03:47:24.439, 10477 MiB, 15360 MiB, 96 %
2026/09/30 03:47:25.441, 10477 MiB, 15360 MiB, 100 %
2026/09/30 03:47:26.444, 10477 MiB, 15360 MiB, 100 %
2026/09/30 03:47:27.452, 10477 MiB, 15360 MiB, 100 %
2026/09/30 03:47:28.454, 10477 MiB, 15360 MiB, 100 %
2026/09/30 03:47:29.456, 10477 MiB, 15360 MiB, 100 %
2026/09/30 03:47:30.460, 10477 MiB, 15360 MiB, 100 %
2026/09/30 03:47:31.463, 10477 MiB, 15360 MiB, 99 %
2026/09/30 03:47:32.466, 10477 MiB, 15360 MiB, 100 %
2026/09/30 03:47:33.470, 10477 MiB, 15360 MiB, 100 %
2026/09/30 03:47:34.477, 10477 MiB, 15360 MiB, 100 %
2026/09/30 03:47:35.483, 10477 MiB, 15360 MiB, 100 %
2026/09/30 03:47:36.487, 10477 MiB, 15360 MiB, 100 %
2026/09/30 03:47:37.491, 10477 MiB, 15360 MiB, 100 %
2026/09/30 03:47:38.498, 10477 MiB, 15360 MiB, 100 %
2026/09/30 03:47:39.500, 10477 MiB, 15360 MiB, 100 %
2026/09/30 03:47:40.503, 10477 MiB, 15360 MiB, 100 %
2026/09/30 03:47:41.507, 10477 MiB, 15360 MiB, 100 %
2026/09/30 03:47:42.509, 10477 MiB, 15360 MiB, 97 %
2026/09/30 03:47:43.512, 10477 MiB, 15360 MiB, 100 %
2026/09/30 03:47:44.514, 10477 MiB, 15360 MiB, 100 %
2026/09/30 03:47:45.516, 10477 MiB, 15360 MiB, 100 %
2026/09/30 03:47:46.518, 10477 MiB, 15360 MiB, 100 %
2026/09/30 03:47:47.520, 10477 MiB, 15360 MiB, 100 %
2026/09/30 03:47:48.523, 10477 MiB, 15360 MiB, 100 %
2026/09/30 03:47:49.526, 10477 MiB, 15360 MiB, 100 %
2026/09/30 03:47:50.528, 10477 MiB, 15360 MiB, 100 %
2026/09/30 03:47:51.538, 10477 MiB, 15360 MiB, 100 %
2026/09/30 03:47:52.550, 10477 MiB, 15360 MiB, 100 %
2026/09/30 03:47:53.562, 10477 MiB, 15360 MiB, 100 %
2026/09/30 03:47:54.565, 10477 MiB, 15360 MiB, 100 %
2026/09/30 03:47:55.572, 10477 MiB, 15360 MiB, 100 %
2026/09/30 03:47:56.575, 10477 MiB, 15360 MiB, 100 %
2026/09/30 03:47:57.577, 10477 MiB, 15360 MiB, 100 %
2026/09/30 03:47:58.579, 10477 MiB, 15360 MiB, 100 %
2026/09/30 03:47:59.582, 10477 MiB, 15360 MiB, 100 %
2026/09/30 03:48:00.584, 10477 MiB, 15360 MiB, 100 %
2026/09/30 03:48:01.586, 10477 MiB, 15360 MiB, 100 %
2026/09/30 03:48:02.588, 10477 MiB, 15360 MiB, 100 %
2026/09/30 03:48:03.590, 10477 MiB, 15360 MiB, 100 %
2026/09/30 03:48:04.592, 10477 MiB, 15360 MiB, 100 %
2026/09/30 03:48:05.595, 10477 MiB, 15360 MiB, 100 %
2026/09/30 03:48:06.599, 10477 MiB, 15360 MiB, 100 %
2026/09/30 03:48:07.607, 10477 MiB, 15360 MiB, 100 %
2026/09/30 03:48:08.614, 10477 MiB, 15360 MiB, 100 %
2026/09/30 03:48:09.619, 10477 MiB, 15360 MiB, 100 %
2026/09/30 03:48:10.622, 10477 MiB, 15360 MiB, 100 %
2026/09/30 03:48:11.625, 10477 MiB, 15360 MiB, 100 %
2026/09/30 03:48:12.627, 10477 MiB, 15360 MiB, 100 %
2026/09/30 03:48:13.631, 10477 MiB, 15360 MiB, 100 %
2026/09/30 03:48:14.634, 10477 MiB, 15360 MiB, 100 %
2026/09/30 03:48:15.636, 10477 MiB, 15360 MiB, 100 %
2026/09/30 03:48:16.638, 10477 MiB, 15360 MiB, 100 %
2026/09/30 03:48:17.640, 10477 MiB, 15360 MiB, 100 %
2026/09/30 03:48:18.643, 10477 MiB, 15360 MiB, 100 %
2026/09/30 03:48:19.646, 10477 MiB, 15360 MiB, 100 %
2026/09/30 03:48:20.649, 10477 MiB, 15360 MiB, 100 %
2026/09/30 03:48:21.653, 10477 MiB, 15360 MiB, 100 %
2026/09/30 03:48:22.658, 10477 MiB, 15360 MiB, 100 %
2026/09/30 03:48:23.666, 10477 MiB, 15360 MiB, 100 %
2026/09/30 03:48:24.668, 10477 MiB, 15360 MiB, 100 %
2026/09/30 03:48:25.671, 10477 MiB, 15360 MiB, 100 %
2026/09/30 03:48:26.672, 10477 MiB, 15360 MiB, 100 %
2026/09/30 03:48:27.676, 10477 MiB, 15360 MiB, 100 %
2026/09/30 03:48:28.678, 10477 MiB, 15360 MiB, 100 %
2026/09/30 03:48:29.680, 10477 MiB, 15360 MiB, 100 %
2026/09/30 03:48:30.682, 10477 MiB, 15360 MiB, 100 %
2026/09/30 03:48:31.684, 10477 MiB, 15360 MiB, 100 %
2026/09/30 03:48:32.686, 10477 MiB, 15360 MiB, 100 %
2026/09/30 03:48:33.689, 10477 MiB, 15360 MiB, 100 %
2026/09/30 03:48:34.693, 10477 MiB, 15360 MiB, 100 %
2026/09/30 03:48:35.696, 10477 MiB, 15360 MiB, 100 %
2026/09/30 03:48:36.700, 10477 MiB, 15360 MiB, 100 %
2026/09/30 03:48:37.702, 10477 MiB, 15360 MiB, 100 %
2026/09/30 03:48:38.704, 10477 MiB, 15360 MiB, 100 %
2026/09/30 03:48:39.706, 10477 MiB, 15360 MiB, 100 %
2026/09/30 03:48:40.708, 10477 MiB, 15360 MiB, 100 %
2026/09/30 03:48:41.711, 10477 MiB, 15360 MiB, 100 %
2026/09/30 03:48:42.712, 10477 MiB, 15360 MiB, 100 %
2026/09/30 03:48:43.714, 10477 MiB, 15360 MiB, 100 %
2026/09/30 03:48:44.717, 10477 MiB, 15360 MiB, 100 %
2026/09/30 03:48:45.719, 10477 MiB, 15360 MiB, 100 %
2026/09/30 03:48:46.721, 10477 MiB, 15360 MiB, 100 %
2026/09/30 03:48:47.725, 10477 MiB, 15360 MiB, 100 %
2026/09/30 03:48:48.727, 10477 MiB, 15360 MiB, 100 %
2026/09/30 03:48:49.734, 10477 MiB, 15360 MiB, 100 %
2026/09/30 03:48:50.740, 10477 MiB, 15360 MiB, 100 %
2026/09/30 03:48:51.743, 10477 MiB, 15360 MiB, 100 %
2026/09/30 03:48:52.745, 10477 MiB, 15360 MiB, 100 %
2026/09/30 03:48:53.748, 10477 MiB, 15360 MiB, 100 %
2026/09/30 03:48:54.749, 10477 MiB, 15360 MiB, 100 %
2026/09/30 03:48:55.752, 10477 MiB, 15360 MiB, 100 %
2026/09/30 03:48:56.754, 10477 MiB, 15360 MiB, 100 %
2026/09/30 03:48:57.756, 10477 MiB, 15360 MiB, 100 %
2026/09/30 03:48:58.758, 10477 MiB, 15360 MiB, 100 %
2026/09/30 03:48:59.760, 10477 MiB, 15360 MiB, 100 %
2026/09/30 03:49:00.762, 10477 MiB, 15360 MiB, 100 %
2026/09/30 03:49:01.767, 10477 MiB, 15360 MiB, 100 %
2026/09/30 03:49:02.772, 10477 MiB, 15360 MiB, 100 %
2026/09/30 03:49:03.775, 10477 MiB, 15360 MiB, 100 %
2026/09/30 03:49:04.780, 10477 MiB, 15360 MiB, 100 %
2026/09/30 03:49:05.784, 10477 MiB, 15360 MiB, 100 %
2026/09/30 03:49:06.786, 10477 MiB, 15360 MiB, 100 %
2026/09/30 03:49:07.789, 10477 MiB, 15360 MiB, 100 %
2026/09/30 03:49:08.791, 10477 MiB, 15360 MiB, 100 %
2026/09/30 03:49:09.793, 10477 MiB, 15360 MiB, 100 %
2026/09/30 03:49:10.795, 10477 MiB, 15360 MiB, 94 %
2026/09/30 03:49:11.797, 10477 MiB, 15360 MiB, 100 %
2026/09/30 03:49:12.799, 10477 MiB, 15360 MiB, 100 %
2026/09/30 03:49:13.802, 10477 MiB, 15360 MiB, 100 %
2026/09/30 03:49:14.804, 10477 MiB, 15360 MiB, 100 %
2026/09/30 03:49:15.807, 10477 MiB, 15360 MiB, 100 %
2026/09/30 03:49:16.813, 10477 MiB, 15360 MiB, 100 %
2026/09/30 03:49:17.822, 10477 MiB, 15360 MiB, 100 %
2026/09/30 03:49:18.825, 10477 MiB, 15360 MiB, 100 %
2026/09/30 03:49:19.827, 10477 MiB, 15360 MiB, 100 %
2026/09/30 03:49:20.829, 10477 MiB, 15360 MiB, 100 %
2026/09/30 03:49:21.832, 10477 MiB, 15360 MiB, 100 %
2026/09/30 03:49:22.834, 10477 MiB, 15360 MiB, 100 %
2026/09/30 03:49:23.836, 10477 MiB, 15360 MiB, 100 %
2026/09/30 03:49:24.839, 10477 MiB, 15360 MiB, 100 %
2026/09/30 03:49:25.842, 10477 MiB, 15360 MiB, 100 %
2026/09/30 03:49:26.845, 10477 MiB, 15360 MiB, 100 %
2026/09/30 03:49:27.850, 10477 MiB, 15360 MiB, 100 %
2026/09/30 03:49:28.852, 10477 MiB, 15360 MiB, 100 %
2026/09/30 03:49:29.856, 10477 MiB, 15360 MiB, 100 %
2026/09/30 03:49:30.860, 10477 MiB, 15360 MiB, 100 %
2026/09/30 03:49:31.868, 10477 MiB, 15360 MiB, 100 %
2026/09/30 03:49:32.877, 10477 MiB, 15360 MiB, 100 %
2026/09/30 03:49:33.881, 10477 MiB, 15360 MiB, 100 %
2026/09/30 03:49:34.884, 10477 MiB, 15360 MiB, 100 %
2026/09/30 03:49:35.886, 10477 MiB, 15360 MiB, 100 %
2026/09/30 03:49:36.888, 10477 MiB, 15360 MiB, 100 %
2026/09/30 03:49:37.890, 10477 MiB, 15360 MiB, 100 %
2026/09/30 03:49:38.893, 10477 MiB, 15360 MiB, 100 %
2026/09/30 03:49:39.895, 10477 MiB, 15360 MiB, 100 %
2026/09/30 03:49:40.897, 10477 MiB, 15360 MiB, 100 %
2026/09/30 03:49:41.899, 10477 MiB, 15360 MiB, 100 %
2026/09/30 03:49:42.901, 10477 MiB, 15360 MiB, 100 %
2026/09/30 03:49:43.904, 10477 MiB, 15360 MiB, 100 %
2026/09/30 03:49:44.907, 10477 MiB, 15360 MiB, 100 %
2026/09/30 03:49:45.914, 10477 MiB, 15360 MiB, 100 %
2026/09/30 03:49:46.921, 10477 MiB, 15360 MiB, 100 %
2026/09/30 03:49:47.927, 10477 MiB, 15360 MiB, 100 %
2026/09/30 03:49:48.929, 10477 MiB, 15360 MiB, 100 %
2026/09/30 03:49:49.931, 10477 MiB, 15360 MiB, 100 %
2026/09/30 03:49:50.933, 10477 MiB, 15360 MiB, 100 %
2026/09/30 03:49:51.936, 10477 MiB, 15360 MiB, 100 %
2026/09/30 03:49:52.941, 10477 MiB, 15360 MiB, 100 %
2026/09/30 03:49:53.946, 10477 MiB, 15360 MiB, 100 %
2026/09/30 03:49:54.948, 10477 MiB, 15360 MiB, 100 %
2026/09/30 03:49:55.950, 10477 MiB, 15360 MiB, 100 %
2026/09/30 03:49:56.953, 10477 MiB, 15360 MiB, 100 %
2026/09/30 03:49:57.956, 10477 MiB, 15360 MiB, 100 %
2026/09/30 03:49:58.960, 10477 MiB, 15360 MiB, 100 %
2026/09/30 03:49:59.965, 10477 MiB, 15360 MiB, 100 %
2026/09/30 03:50:00.972, 10477 MiB, 15360 MiB, 100 %
2026/09/30 03:50:01.974, 10477 MiB, 15360 MiB, 100 %
2026/09/30 03:50:02.976, 10477 MiB, 15360 MiB, 100 %
2026/09/30 03:50:03.980, 10477 MiB, 15360 MiB, 100 %
2026/09/30 03:50:04.982, 10477 MiB, 15360 MiB, 100 %
2026/09/30 03:50:05.984, 10477 MiB, 15360 MiB, 100 %
2026/09/30 03:50:06.987, 10477 MiB, 15360 MiB, 100 %
2026/09/30 03:50:07.989, 10477 MiB, 15360 MiB, 100 %
2026/09/30 03:50:08.993, 10477 MiB, 15360 MiB, 100 %
2026/09/30 03:50:09.995, 10477 MiB, 15360 MiB, 100 %
2026/09/30 03:50:10.997, 10477 MiB, 15360 MiB, 100 %
2026/09/30 03:50:12.001, 10477 MiB, 15360 MiB, 100 %
2026/09/30 03:50:13.007, 10477 MiB, 15360 MiB, 100 %
2026/09/30 03:50:14.012, 10477 MiB, 15360 MiB, 100 %
2026/09/30 03:50:15.017, 10477 MiB, 15360 MiB, 100 %
2026/09/30 03:50:16.020, 10477 MiB, 15360 MiB, 100 %
2026/09/30 03:50:17.022, 10477 MiB, 15360 MiB, 100 %
2026/09/30 03:50:18.025, 10477 MiB, 15360 MiB, 100 %
2026/09/30 03:50:19.026, 10477 MiB, 15360 MiB, 100 %
2026/09/30 03:50:20.029, 10477 MiB, 15360 MiB, 100 %
2026/09/30 03:50:21.031, 10477 MiB, 15360 MiB, 100 %
2026/09/30 03:50:22.033, 10477 MiB, 15360 MiB, 100 %
2026/09/30 03:50:23.036, 10477 MiB, 15360 MiB, 100 %
2026/09/30 03:50:24.040, 10477 MiB, 15360 MiB, 100 %
2026/09/30 03:50:25.043, 10477 MiB, 15360 MiB, 100 %
2026/09/30 03:50:26.047, 10477 MiB, 15360 MiB, 100 %
2026/09/30 03:50:27.052, 10477 MiB, 15360 MiB, 100 %
2026/09/30 03:50:28.054, 10477 MiB, 15360 MiB, 100 %
2026/09/30 03:50:29.058, 10477 MiB, 15360 MiB, 100 %
2026/09/30 03:50:30.062, 10477 MiB, 15360 MiB, 100 %
2026/09/30 03:50:31.066, 10477 MiB, 15360 MiB, 100 %
2026/09/30 03:50:32.068, 10477 MiB, 15360 MiB, 100 %
2026/09/30 03:50:33.070, 10477 MiB, 15360 MiB, 96 %
2026/09/30 03:50:34.072, 10477 MiB, 15360 MiB, 100 %
2026/09/30 03:50:35.075, 10477 MiB, 15360 MiB, 100 %
2026/09/30 03:50:36.077, 10477 MiB, 15360 MiB, 100 %
2026/09/30 03:50:37.080, 10477 MiB, 15360 MiB, 100 %
2026/09/30 03:50:38.083, 10477 MiB, 15360 MiB, 100 %
2026/09/30 03:50:39.086, 10477 MiB, 15360 MiB, 100 %
2026/09/30 03:50:40.090, 10477 MiB, 15360 MiB, 95 %
2026/09/30 03:50:41.093, 10477 MiB, 15360 MiB, 100 %
2026/09/30 03:50:42.096, 10477 MiB, 15360 MiB, 100 %
2026/09/30 03:50:43.100, 10477 MiB, 15360 MiB, 100 %
2026/09/30 03:50:44.107, 10477 MiB, 15360 MiB, 100 %
2026/09/30 03:50:45.110, 10477 MiB, 15360 MiB, 100 %
2026/09/30 03:50:46.113, 10477 MiB, 15360 MiB, 100 %
2026/09/30 03:50:47.115, 10477 MiB, 15360 MiB, 100 %
2026/09/30 03:50:48.117, 10477 MiB, 15360 MiB, 100 %
2026/09/30 03:50:49.119, 10477 MiB, 15360 MiB, 100 %
2026/09/30 03:50:50.121, 10477 MiB, 15360 MiB, 100 %
2026/09/30 03:50:51.123, 10477 MiB, 15360 MiB, 100 %
2026/09/30 03:50:52.126, 10477 MiB, 15360 MiB, 100 %
2026/09/30 03:50:53.128, 10477 MiB, 15360 MiB, 100 %
2026/09/30 03:50:54.132, 10477 MiB, 15360 MiB, 100 %
2026/09/30 03:50:55.138, 10477 MiB, 15360 MiB, 100 %
2026/09/30 03:50:56.141, 10477 MiB, 15360 MiB, 100 %
2026/09/30 03:50:57.146, 10477 MiB, 15360 MiB, 100 %
2026/09/30 03:50:58.153, 10477 MiB, 15360 MiB, 100 %
2026/09/30 03:50:59.157, 10477 MiB, 15360 MiB, 100 %
2026/09/30 03:51:00.159, 10477 MiB, 15360 MiB, 100 %
2026/09/30 03:51:01.161, 10477 MiB, 15360 MiB, 100 %
2026/09/30 03:51:02.164, 10477 MiB, 15360 MiB, 100 %
2026/09/30 03:51:03.167, 10477 MiB, 15360 MiB, 100 %
2026/09/30 03:51:04.169, 10477 MiB, 15360 MiB, 100 %
2026/09/30 03:51:05.172, 10477 MiB, 15360 MiB, 100 %
2026/09/30 03:51:06.178, 10477 MiB, 15360 MiB, 100 %
2026/09/30 03:51:07.183, 10477 MiB, 15360 MiB, 100 %
2026/09/30 03:51:08.187, 10477 MiB, 15360 MiB, 100 %
2026/09/30 03:51:09.192, 10477 MiB, 15360 MiB, 100 %
2026/09/30 03:51:10.196, 10477 MiB, 15360 MiB, 100 %
2026/09/30 03:51:11.205, 10477 MiB, 15360 MiB, 100 %
2026/09/30 03:51:12.211, 10477 MiB, 15360 MiB, 100 %
2026/09/30 03:51:13.213, 10477 MiB, 15360 MiB, 100 %
2026/09/30 03:51:14.215, 10477 MiB, 15360 MiB, 100 %
2026/09/30 03:51:15.218, 10477 MiB, 15360 MiB, 100 %
2026/09/30 03:51:16.221, 10477 MiB, 15360 MiB, 100 %
2026/09/30 03:51:17.223, 10477 MiB, 15360 MiB, 100 %
2026/09/30 03:51:18.226, 10477 MiB, 15360 MiB, 100 %
2026/09/30 03:51:19.228, 10477 MiB, 15360 MiB, 100 %
2026/09/30 03:51:20.232, 10477 MiB, 15360 MiB, 100 %
2026/09/30 03:51:21.234, 10477 MiB, 15360 MiB, 100 %
2026/09/30 03:51:22.239, 10477 MiB, 15360 MiB, 100 %
2026/09/30 03:51:23.246, 10477 MiB, 15360 MiB, 100 %
2026/09/30 03:51:24.252, 10477 MiB, 15360 MiB, 100 %
2026/09/30 03:51:25.258, 10477 MiB, 15360 MiB, 100 %
2026/09/30 03:51:26.261, 10477 MiB, 15360 MiB, 100 %
2026/09/30 03:51:27.263, 10477 MiB, 15360 MiB, 100 %
2026/09/30 03:51:28.266, 10477 MiB, 15360 MiB, 100 %
2026/09/30 03:51:29.268, 10477 MiB, 15360 MiB, 100 %
2026/09/30 03:51:30.270, 10477 MiB, 15360 MiB, 100 %
2026/09/30 03:51:31.272, 10477 MiB, 15360 MiB, 100 %
2026/09/30 03:51:32.274, 10477 MiB, 15360 MiB, 100 %
2026/09/30 03:51:33.277, 10477 MiB, 15360 MiB, 100 %
2026/09/30 03:51:34.279, 10477 MiB, 15360 MiB, 100 %
2026/09/30 03:51:35.281, 10477 MiB, 15360 MiB, 100 %
2026/09/30 03:51:36.284, 10477 MiB, 15360 MiB, 100 %
2026/09/30 03:51:37.288, 10477 MiB, 15360 MiB, 100 %
2026/09/30 03:51:38.291, 10477 MiB, 15360 MiB, 100 %
2026/09/30 03:51:39.299, 10477 MiB, 15360 MiB, 100 %
2026/09/30 03:51:40.311, 10477 MiB, 15360 MiB, 100 %
2026/09/30 03:51:41.313, 10477 MiB, 15360 MiB, 100 %
2026/09/30 03:51:42.316, 10477 MiB, 15360 MiB, 100 %
2026/09/30 03:51:43.318, 10477 MiB, 15360 MiB, 100 %
2026/09/30 03:51:44.320, 10477 MiB, 15360 MiB, 100 %
2026/09/30 03:51:45.322, 10477 MiB, 15360 MiB, 100 %
2026/09/30 03:51:46.324, 10477 MiB, 15360 MiB, 100 %
2026/09/30 03:51:47.326, 10477 MiB, 15360 MiB, 100 %
2026/09/30 03:51:48.328, 10477 MiB, 15360 MiB, 100 %
2026/09/30 03:51:49.330, 10477 MiB, 15360 MiB, 100 %
2026/09/30 03:51:50.335, 10477 MiB, 15360 MiB, 100 %
2026/09/30 03:51:51.342, 10477 MiB, 15360 MiB, 100 %
2026/09/30 03:51:52.345, 10477 MiB, 15360 MiB, 100 %
2026/09/30 03:51:53.349, 10477 MiB, 15360 MiB, 100 %
2026/09/30 03:51:54.358, 10477 MiB, 15360 MiB, 100 %
2026/09/30 03:51:55.361, 10477 MiB, 15360 MiB, 100 %
2026/09/30 03:51:56.362, 10477 MiB, 15360 MiB, 100 %
2026/09/30 03:51:57.365, 10477 MiB, 15360 MiB, 100 %
2026/09/30 03:51:58.368, 10477 MiB, 15360 MiB, 100 %
2026/09/30 03:51:59.370, 10477 MiB, 15360 MiB, 100 %
2026/09/30 03:52:00.372, 10477 MiB, 15360 MiB, 100 %
2026/09/30 03:52:01.374, 10477 MiB, 15360 MiB, 100 %
2026/09/30 03:52:02.376, 10477 MiB, 15360 MiB, 100 %
2026/09/30 03:52:03.379, 10477 MiB, 15360 MiB, 100 %
2026/09/30 03:52:04.382, 10477 MiB, 15360 MiB, 100 %
2026/09/30 03:52:05.389, 10477 MiB, 15360 MiB, 100 %
2026/09/30 03:52:06.396, 10477 MiB, 15360 MiB, 100 %
2026/09/30 03:52:07.404, 10477 MiB, 15360 MiB, 100 %
2026/09/30 03:52:08.409, 10477 MiB, 15360 MiB, 100 %
2026/09/30 03:52:09.411, 10477 MiB, 15360 MiB, 100 %
2026/09/30 03:52:10.413, 10477 MiB, 15360 MiB, 100 %
2026/09/30 03:52:11.416, 10477 MiB, 15360 MiB, 100 %
2026/09/30 03:52:12.418, 10477 MiB, 15360 MiB, 100 %
2026/09/30 03:52:13.420, 10477 MiB, 15360 MiB, 100 %
2026/09/30 03:52:14.422, 10477 MiB, 15360 MiB, 100 %
2026/09/30 03:52:15.426, 10477 MiB, 15360 MiB, 100 %
2026/09/30 03:52:16.428, 10477 MiB, 15360 MiB, 100 %
2026/09/30 03:52:17.430, 10477 MiB, 15360 MiB, 96 %
2026/09/30 03:52:18.440, 10477 MiB, 15360 MiB, 100 %
2026/09/30 03:52:19.449, 10477 MiB, 15360 MiB, 100 %
2026/09/30 03:52:20.454, 10477 MiB, 15360 MiB, 100 %
2026/09/30 03:52:21.457, 10477 MiB, 15360 MiB, 100 %
2026/09/30 03:52:22.463, 10477 MiB, 15360 MiB, 100 %
2026/09/30 03:52:23.465, 10477 MiB, 15360 MiB, 100 %
2026/09/30 03:52:24.467, 10477 MiB, 15360 MiB, 100 %
2026/09/30 03:52:25.470, 10477 MiB, 15360 MiB, 100 %
2026/09/30 03:52:26.472, 10477 MiB, 15360 MiB, 100 %
2026/09/30 03:52:27.474, 10477 MiB, 15360 MiB, 100 %
2026/09/30 03:52:28.478, 10477 MiB, 15360 MiB, 100 %
2026/09/30 03:52:29.480, 10477 MiB, 15360 MiB, 100 %
2026/09/30 03:52:30.482, 10477 MiB, 15360 MiB, 100 %
2026/09/30 03:52:31.485, 10477 MiB, 15360 MiB, 100 %
2026/09/30 03:52:32.488, 10477 MiB, 15360 MiB, 100 %
2026/09/30 03:52:33.494, 10477 MiB, 15360 MiB, 100 %
2026/09/30 03:52:34.498, 10477 MiB, 15360 MiB, 100 %
2026/09/30 03:52:35.505, 10477 MiB, 15360 MiB, 100 %
2026/09/30 03:52:36.511, 10477 MiB, 15360 MiB, 100 %
2026/09/30 03:52:37.514, 10477 MiB, 15360 MiB, 100 %
2026/09/30 03:52:38.518, 10477 MiB, 15360 MiB, 100 %
2026/09/30 03:52:39.523, 10477 MiB, 15360 MiB, 100 %
2026/09/30 03:52:40.525, 10477 MiB, 15360 MiB, 100 %
2026/09/30 03:52:41.528, 10477 MiB, 15360 MiB, 100 %
2026/09/30 03:52:42.530, 10477 MiB, 15360 MiB, 100 %
2026/09/30 03:52:43.532, 10477 MiB, 15360 MiB, 100 %
2026/09/30 03:52:44.535, 10477 MiB, 15360 MiB, 100 %
2026/09/30 03:52:45.540, 10477 MiB, 15360 MiB, 100 %
2026/09/30 03:52:46.543, 10477 MiB, 15360 MiB, 100 %
2026/09/30 03:52:47.546, 10477 MiB, 15360 MiB, 100 %
2026/09/30 03:52:48.551, 10477 MiB, 15360 MiB, 100 %
2026/09/30 03:52:49.557, 10477 MiB, 15360 MiB, 100 %
2026/09/30 03:52:50.562, 10477 MiB, 15360 MiB, 100 %
2026/09/30 03:52:51.564, 10477 MiB, 15360 MiB, 100 %
2026/09/30 03:52:52.566, 10477 MiB, 15360 MiB, 100 %
2026/09/30 03:52:53.569, 10477 MiB, 15360 MiB, 100 %
2026/09/30 03:52:54.571, 10477 MiB, 15360 MiB, 100 %
2026/09/30 03:52:55.573, 10477 MiB, 15360 MiB, 100 %
2026/09/30 03:52:56.575, 10477 MiB, 15360 MiB, 100 %
2026/09/30 03:52:57.577, 10477 MiB, 15360 MiB, 100 %
2026/09/30 03:52:58.580, 10477 MiB, 15360 MiB, 100 %
2026/09/30 03:52:59.593, 10477 MiB, 15360 MiB, 100 %
2026/09/30 03:53:00.596, 10477 MiB, 15360 MiB, 94 %
2026/09/30 03:53:01.603, 10477 MiB, 15360 MiB, 100 %
2026/09/30 03:53:02.606, 10477 MiB, 15360 MiB, 100 %
2026/09/30 03:53:03.612, 10477 MiB, 15360 MiB, 100 %
2026/09/30 03:53:04.618, 10477 MiB, 15360 MiB, 100 %
2026/09/30 03:53:05.620, 10477 MiB, 15360 MiB, 100 %
2026/09/30 03:53:06.622, 10477 MiB, 15360 MiB, 100 %
2026/09/30 03:53:07.625, 10477 MiB, 15360 MiB, 100 %
2026/09/30 03:53:08.627, 10477 MiB, 15360 MiB, 100 %
2026/09/30 03:53:09.629, 10477 MiB, 15360 MiB, 100 %
2026/09/30 03:53:10.631, 10477 MiB, 15360 MiB, 100 %
2026/09/30 03:53:11.633, 10477 MiB, 15360 MiB, 100 %
2026/09/30 03:53:12.636, 10477 MiB, 15360 MiB, 100 %
2026/09/30 03:53:13.638, 10477 MiB, 15360 MiB, 100 %
2026/09/30 03:53:14.641, 10477 MiB, 15360 MiB, 100 %
2026/09/30 03:53:15.644, 10477 MiB, 15360 MiB, 100 %
2026/09/30 03:53:16.648, 10477 MiB, 15360 MiB, 100 %
2026/09/30 03:53:17.650, 10477 MiB, 15360 MiB, 100 %
2026/09/30 03:53:18.653, 10477 MiB, 15360 MiB, 96 %
2026/09/30 03:53:19.656, 10477 MiB, 15360 MiB, 100 %
2026/09/30 03:53:20.658, 10477 MiB, 15360 MiB, 100 %
2026/09/30 03:53:21.662, 10477 MiB, 15360 MiB, 100 %
2026/09/30 03:53:22.665, 10477 MiB, 15360 MiB, 100 %
2026/09/30 03:53:23.667, 10477 MiB, 15360 MiB, 100 %
2026/09/30 03:53:24.669, 10477 MiB, 15360 MiB, 100 %
2026/09/30 03:53:25.671, 10477 MiB, 15360 MiB, 100 %
2026/09/30 03:53:26.675, 10477 MiB, 15360 MiB, 100 %
2026/09/30 03:53:27.677, 10477 MiB, 15360 MiB, 100 %
2026/09/30 03:53:28.680, 10477 MiB, 15360 MiB, 100 %
2026/09/30 03:53:29.685, 10477 MiB, 15360 MiB, 100 %
2026/09/30 03:53:30.688, 10477 MiB, 15360 MiB, 100 %
2026/09/30 03:53:31.693, 10477 MiB, 15360 MiB, 100 %
2026/09/30 03:53:32.696, 10477 MiB, 15360 MiB, 100 %
2026/09/30 03:53:33.699, 10477 MiB, 15360 MiB, 100 %
2026/09/30 03:53:34.701, 10477 MiB, 15360 MiB, 100 %
2026/09/30 03:53:35.703, 10477 MiB, 15360 MiB, 100 %
2026/09/30 03:53:36.706, 10477 MiB, 15360 MiB, 100 %
2026/09/30 03:53:37.708, 10477 MiB, 15360 MiB, 100 %
2026/09/30 03:53:38.710, 10477 MiB, 15360 MiB, 100 %
2026/09/30 03:53:39.712, 10477 MiB, 15360 MiB, 100 %
2026/09/30 03:53:40.714, 10477 MiB, 15360 MiB, 100 %
2026/09/30 03:53:41.716, 10477 MiB, 15360 MiB, 100 %
2026/09/30 03:53:42.719, 10477 MiB, 15360 MiB, 100 %
2026/09/30 03:53:43.724, 10477 MiB, 15360 MiB, 100 %
2026/09/30 03:53:44.727, 10477 MiB, 15360 MiB, 100 %
2026/09/30 03:53:45.730, 10477 MiB, 15360 MiB, 100 %
2026/09/30 03:53:46.733, 10477 MiB, 15360 MiB, 100 %
2026/09/30 03:53:47.736, 10477 MiB, 15360 MiB, 100 %
2026/09/30 03:53:48.739, 10477 MiB, 15360 MiB, 100 %
2026/09/30 03:53:49.741, 10477 MiB, 15360 MiB, 100 %
2026/09/30 03:53:50.743, 10477 MiB, 15360 MiB, 100 %
2026/09/30 03:53:51.745, 10477 MiB, 15360 MiB, 100 %
2026/09/30 03:53:52.747, 10477 MiB, 15360 MiB, 100 %
2026/09/30 03:53:53.749, 10477 MiB, 15360 MiB, 100 %
2026/09/30 03:53:54.752, 10477 MiB, 15360 MiB, 100 %
2026/09/30 03:53:55.756, 10477 MiB, 15360 MiB, 100 %
2026/09/30 03:53:56.760, 10477 MiB, 15360 MiB, 100 %
2026/09/30 03:53:57.769, 10477 MiB, 15360 MiB, 100 %
2026/09/30 03:53:58.773, 10477 MiB, 15360 MiB, 100 %
2026/09/30 03:53:59.780, 10477 MiB, 15360 MiB, 100 %
2026/09/30 03:54:00.784, 10477 MiB, 15360 MiB, 100 %
2026/09/30 03:54:01.786, 10477 MiB, 15360 MiB, 100 %
2026/09/30 03:54:02.788, 10477 MiB, 15360 MiB, 100 %
2026/09/30 03:54:03.790, 10477 MiB, 15360 MiB, 100 %
2026/09/30 03:54:04.793, 10477 MiB, 15360 MiB, 100 %
2026/09/30 03:54:05.795, 10477 MiB, 15360 MiB, 100 %
2026/09/30 03:54:06.799, 10477 MiB, 15360 MiB, 100 %
2026/09/30 03:54:07.801, 10477 MiB, 15360 MiB, 100 %
2026/09/30 03:54:08.803, 10477 MiB, 15360 MiB, 100 %
2026/09/30 03:54:09.805, 10477 MiB, 15360 MiB, 100 %
2026/09/30 03:54:10.810, 10477 MiB, 15360 MiB, 100 %
2026/09/30 03:54:11.814, 10477 MiB, 15360 MiB, 100 %
2026/09/30 03:54:12.818, 10477 MiB, 15360 MiB, 100 %
2026/09/30 03:54:13.823, 10477 MiB, 15360 MiB, 100 %
2026/09/30 03:54:14.826, 10477 MiB, 15360 MiB, 100 %
2026/09/30 03:54:15.829, 10477 MiB, 15360 MiB, 100 %
2026/09/30 03:54:16.832, 10477 MiB, 15360 MiB, 100 %
2026/09/30 03:54:17.839, 10477 MiB, 15360 MiB, 100 %
2026/09/30 03:54:18.842, 10477 MiB, 15360 MiB, 100 %
2026/09/30 03:54:19.844, 10477 MiB, 15360 MiB, 100 %
2026/09/30 03:54:20.847, 10477 MiB, 15360 MiB, 100 %
2026/09/30 03:54:21.849, 10477 MiB, 15360 MiB, 100 %
2026/09/30 03:54:22.851, 10477 MiB, 15360 MiB, 100 %
2026/09/30 03:54:23.853, 10477 MiB, 15360 MiB, 100 %
2026/09/30 03:54:24.857, 10477 MiB, 15360 MiB, 100 %
2026/09/30 03:54:25.861, 10477 MiB, 15360 MiB, 100 %
2026/09/30 03:54:26.864, 10477 MiB, 15360 MiB, 100 %
2026/09/30 03:54:27.870, 10477 MiB, 15360 MiB, 100 %
2026/09/30 03:54:28.876, 10477 MiB, 15360 MiB, 100 %
2026/09/30 03:54:29.879, 10477 MiB, 15360 MiB, 100 %
2026/09/30 03:54:30.881, 10477 MiB, 15360 MiB, 100 %
2026/09/30 03:54:31.884, 10477 MiB, 15360 MiB, 100 %
2026/09/30 03:54:32.887, 10477 MiB, 15360 MiB, 100 %
2026/09/30 03:54:33.890, 10477 MiB, 15360 MiB, 100 %
2026/09/30 03:54:34.892, 10477 MiB, 15360 MiB, 100 %
2026/09/30 03:54:35.894, 10477 MiB, 15360 MiB, 100 %
2026/09/30 03:54:36.897, 10477 MiB, 15360 MiB, 100 %
2026/09/30 03:54:37.899, 10477 MiB, 15360 MiB, 100 %
2026/09/30 03:54:38.902, 10477 MiB, 15360 MiB, 100 %
2026/09/30 03:54:39.908, 10477 MiB, 15360 MiB, 100 %
2026/09/30 03:54:40.912, 10477 MiB, 15360 MiB, 100 %
2026/09/30 03:54:41.919, 10477 MiB, 15360 MiB, 100 %
2026/09/30 03:54:42.926, 10477 MiB, 15360 MiB, 100 %
2026/09/30 03:54:43.928, 10477 MiB, 15360 MiB, 100 %
2026/09/30 03:54:44.930, 10477 MiB, 15360 MiB, 100 %
2026/09/30 03:54:45.932, 10477 MiB, 15360 MiB, 100 %
2026/09/30 03:54:46.934, 10477 MiB, 15360 MiB, 100 %
2026/09/30 03:54:47.937, 10477 MiB, 15360 MiB, 100 %
2026/09/30 03:54:48.939, 10477 MiB, 15360 MiB, 100 %
2026/09/30 03:54:49.941, 10477 MiB, 15360 MiB, 100 %
2026/09/30 03:54:50.943, 10477 MiB, 15360 MiB, 100 %
2026/09/30 03:54:51.945, 10477 MiB, 15360 MiB, 100 %
2026/09/30 03:54:52.947, 10477 MiB, 15360 MiB, 100 %
2026/09/30 03:54:53.951, 10477 MiB, 15360 MiB, 100 %
2026/09/30 03:54:54.954, 10477 MiB, 15360 MiB, 100 %
2026/09/30 03:54:55.962, 10477 MiB, 15360 MiB, 100 %
2026/09/30 03:54:56.967, 10477 MiB, 15360 MiB, 100 %
2026/09/30 03:54:57.970, 10477 MiB, 15360 MiB, 100 %
2026/09/30 03:54:58.972, 10477 MiB, 15360 MiB, 100 %
2026/09/30 03:54:59.975, 10477 MiB, 15360 MiB, 100 %
2026/09/30 03:55:00.977, 10477 MiB, 15360 MiB, 100 %
2026/09/30 03:55:01.981, 10477 MiB, 15360 MiB, 100 %
2026/09/30 03:55:02.985, 10477 MiB, 15360 MiB, 100 %
2026/09/30 03:55:03.987, 10477 MiB, 15360 MiB, 100 %
2026/09/30 03:55:04.989, 10477 MiB, 15360 MiB, 100 %
2026/09/30 03:55:05.997, 10477 MiB, 15360 MiB, 100 %
2026/09/30 03:55:07.002, 10477 MiB, 15360 MiB, 100 %
2026/09/30 03:55:08.005, 10477 MiB, 15360 MiB, 100 %
2026/09/30 03:55:09.008, 10477 MiB, 15360 MiB, 100 %
2026/09/30 03:55:10.014, 10477 MiB, 15360 MiB, 100 %
2026/09/30 03:55:11.020, 10477 MiB, 15360 MiB, 100 %
2026/09/30 03:55:12.023, 10477 MiB, 15360 MiB, 100 %
2026/09/30 03:55:13.025, 10477 MiB, 15360 MiB, 100 %
2026/09/30 03:55:14.028, 10477 MiB, 15360 MiB, 100 %
2026/09/30 03:55:15.030, 10477 MiB, 15360 MiB, 100 %
2026/09/30 03:55:16.032, 10477 MiB, 15360 MiB, 100 %
2026/09/30 03:55:17.034, 10477 MiB, 15360 MiB, 100 %
2026/09/30 03:55:18.036, 10477 MiB, 15360 MiB, 100 %
2026/09/30 03:55:19.039, 10477 MiB, 15360 MiB, 100 %
2026/09/30 03:55:20.041, 10477 MiB, 15360 MiB, 100 %
2026/09/30 03:55:21.044, 10477 MiB, 15360 MiB, 100 %
2026/09/30 03:55:22.048, 10477 MiB, 15360 MiB, 100 %
2026/09/30 03:55:23.054, 10477 MiB, 15360 MiB, 100 %
2026/09/30 03:55:24.060, 10477 MiB, 15360 MiB, 100 %
2026/09/30 03:55:25.064, 10477 MiB, 15360 MiB, 100 %
2026/09/30 03:55:26.069, 10477 MiB, 15360 MiB, 100 %
2026/09/30 03:55:27.071, 10477 MiB, 15360 MiB, 100 %
2026/09/30 03:55:28.074, 10477 MiB, 15360 MiB, 100 %
2026/09/30 03:55:29.075, 10477 MiB, 15360 MiB, 100 %
2026/09/30 03:55:30.078, 10477 MiB, 15360 MiB, 100 %
2026/09/30 03:55:31.080, 10477 MiB, 15360 MiB, 100 %
2026/09/30 03:55:32.081, 10477 MiB, 15360 MiB, 100 %
2026/09/30 03:55:33.083, 10477 MiB, 15360 MiB, 100 %
2026/09/30 03:55:34.086, 10477 MiB, 15360 MiB, 100 %
2026/09/30 03:55:35.089, 10477 MiB, 15360 MiB, 100 %
2026/09/30 03:55:36.096, 10477 MiB, 15360 MiB, 100 %
2026/09/30 03:55:37.104, 10477 MiB, 15360 MiB, 100 %
2026/09/30 03:55:38.111, 10477 MiB, 15360 MiB, 100 %
2026/09/30 03:55:39.116, 10477 MiB, 15360 MiB, 100 %
2026/09/30 03:55:40.118, 10477 MiB, 15360 MiB, 100 %
2026/09/30 03:55:41.121, 10477 MiB, 15360 MiB, 100 %
2026/09/30 03:55:42.124, 10477 MiB, 15360 MiB, 100 %
2026/09/30 03:55:43.126, 10477 MiB, 15360 MiB, 100 %
2026/09/30 03:55:44.129, 10477 MiB, 15360 MiB, 100 %
2026/09/30 03:55:45.131, 10477 MiB, 15360 MiB, 100 %
2026/09/30 03:55:46.133, 10477 MiB, 15360 MiB, 100 %
2026/09/30 03:55:47.136, 10477 MiB, 15360 MiB, 100 %
2026/09/30 03:55:48.138, 10477 MiB, 15360 MiB, 100 %
2026/09/30 03:55:49.141, 10477 MiB, 15360 MiB, 100 %
2026/09/30 03:55:50.144, 10477 MiB, 15360 MiB, 100 %
2026/09/30 03:55:51.152, 10477 MiB, 15360 MiB, 100 %
2026/09/30 03:55:52.160, 10477 MiB, 15360 MiB, 100 %
2026/09/30 03:55:53.167, 10477 MiB, 15360 MiB, 100 %
2026/09/30 03:55:54.169, 10477 MiB, 15360 MiB, 100 %
2026/09/30 03:55:55.171, 10477 MiB, 15360 MiB, 100 %
2026/09/30 03:55:56.174, 10477 MiB, 15360 MiB, 100 %
2026/09/30 03:55:57.176, 10477 MiB, 15360 MiB, 100 %
2026/09/30 03:55:58.178, 10477 MiB, 15360 MiB, 100 %
2026/09/30 03:55:59.180, 10477 MiB, 15360 MiB, 100 %
2026/09/30 03:56:00.183, 10477 MiB, 15360 MiB, 100 %
2026/09/30 03:56:01.185, 10477 MiB, 15360 MiB, 100 %
2026/09/30 03:56:02.187, 10477 MiB, 15360 MiB, 100 %
2026/09/30 03:56:03.190, 10477 MiB, 15360 MiB, 100 %
2026/09/30 03:56:04.198, 10477 MiB, 15360 MiB, 100 %
2026/09/30 03:56:05.202, 10477 MiB, 15360 MiB, 100 %
2026/09/30 03:56:06.206, 10477 MiB, 15360 MiB, 100 %
2026/09/30 03:56:07.208, 10477 MiB, 15360 MiB, 100 %
2026/09/30 03:56:08.211, 10477 MiB, 15360 MiB, 100 %
2026/09/30 03:56:09.213, 10477 MiB, 15360 MiB, 100 %
2026/09/30 03:56:10.216, 10477 MiB, 15360 MiB, 100 %
2026/09/30 03:56:11.219, 10477 MiB, 15360 MiB, 100 %
2026/09/30 03:56:12.224, 10477 MiB, 15360 MiB, 100 %
2026/09/30 03:56:13.228, 10477 MiB, 15360 MiB, 100 %
2026/09/30 03:56:14.231, 10477 MiB, 15360 MiB, 100 %
2026/09/30 03:56:15.233, 10477 MiB, 15360 MiB, 100 %
2026/09/30 03:56:16.236, 10477 MiB, 15360 MiB, 100 %
2026/09/30 03:56:17.241, 10477 MiB, 15360 MiB, 100 %
2026/09/30 03:56:18.245, 10477 MiB, 15360 MiB, 100 %
2026/09/30 03:56:19.249, 10477 MiB, 15360 MiB, 100 %
2026/09/30 03:56:20.257, 10477 MiB, 15360 MiB, 100 %
2026/09/30 03:56:21.259, 10477 MiB, 15360 MiB, 100 %
2026/09/30 03:56:22.261, 10477 MiB, 15360 MiB, 100 %
2026/09/30 03:56:23.264, 10477 MiB, 15360 MiB, 100 %
2026/09/30 03:56:24.266, 10477 MiB, 15360 MiB, 100 %
2026/09/30 03:56:25.268, 10477 MiB, 15360 MiB, 100 %
2026/09/30 03:56:26.271, 10477 MiB, 15360 MiB, 100 %
2026/09/30 03:56:27.273, 10477 MiB, 15360 MiB, 100 %
2026/09/30 03:56:28.277, 10477 MiB, 15360 MiB, 100 %
2026/09/30 03:56:29.280, 10477 MiB, 15360 MiB, 100 %
2026/09/30 03:56:30.283, 10477 MiB, 15360 MiB, 100 %
2026/09/30 03:56:31.291, 10477 MiB, 15360 MiB, 100 %
2026/09/30 03:56:32.301, 10477 MiB, 15360 MiB, 100 %
2026/09/30 03:56:33.304, 10477 MiB, 15360 MiB, 100 %
2026/09/30 03:56:34.306, 10477 MiB, 15360 MiB, 100 %
2026/09/30 03:56:35.308, 10477 MiB, 15360 MiB, 100 %
2026/09/30 03:56:36.310, 10477 MiB, 15360 MiB, 100 %
2026/09/30 03:56:37.312, 10477 MiB, 15360 MiB, 100 %
2026/09/30 03:56:38.314, 10477 MiB, 15360 MiB, 100 %
2026/09/30 03:56:39.317, 10477 MiB, 15360 MiB, 100 %
2026/09/30 03:56:40.319, 10477 MiB, 15360 MiB, 100 %
2026/09/30 03:56:41.321, 10477 MiB, 15360 MiB, 100 %
2026/09/30 03:56:42.323, 10477 MiB, 15360 MiB, 100 %
2026/09/30 03:56:43.326, 10477 MiB, 15360 MiB, 100 %
2026/09/30 03:56:44.329, 10477 MiB, 15360 MiB, 100 %
2026/09/30 03:56:45.335, 10477 MiB, 15360 MiB, 100 %
2026/09/30 03:56:46.339, 10477 MiB, 15360 MiB, 100 %
2026/09/30 03:56:47.346, 10477 MiB, 15360 MiB, 100 %
2026/09/30 03:56:48.352, 10477 MiB, 15360 MiB, 100 %
2026/09/30 03:56:49.355, 10477 MiB, 15360 MiB, 100 %
2026/09/30 03:56:50.357, 10477 MiB, 15360 MiB, 100 %
2026/09/30 03:56:51.360, 10477 MiB, 15360 MiB, 100 %
2026/09/30 03:56:52.362, 10477 MiB, 15360 MiB, 100 %
2026/09/30 03:56:53.364, 10477 MiB, 15360 MiB, 100 %
2026/09/30 03:56:54.366, 10477 MiB, 15360 MiB, 100 %
2026/09/30 03:56:55.368, 10477 MiB, 15360 MiB, 100 %
2026/09/30 03:56:56.371, 10477 MiB, 15360 MiB, 100 %
2026/09/30 03:56:57.373, 10477 MiB, 15360 MiB, 100 %
2026/09/30 03:56:58.376, 10477 MiB, 15360 MiB, 100 %
2026/09/30 03:56:59.379, 10477 MiB, 15360 MiB, 100 %
2026/09/30 03:57:00.383, 10477 MiB, 15360 MiB, 100 %
2026/09/30 03:57:01.387, 10477 MiB, 15360 MiB, 100 %
2026/09/30 03:57:02.392, 10477 MiB, 15360 MiB, 100 %
2026/09/30 03:57:03.395, 10477 MiB, 15360 MiB, 100 %
2026/09/30 03:57:04.397, 10477 MiB, 15360 MiB, 100 %
2026/09/30 03:57:05.399, 10477 MiB, 15360 MiB, 100 %
2026/09/30 03:57:06.402, 10477 MiB, 15360 MiB, 100 %
2026/09/30 03:57:07.404, 10477 MiB, 15360 MiB, 100 %
2026/09/30 03:57:08.406, 10477 MiB, 15360 MiB, 100 %
2026/09/30 03:57:09.411, 10477 MiB, 15360 MiB, 100 %
2026/09/30 03:57:10.414, 10477 MiB, 15360 MiB, 100 %
2026/09/30 03:57:11.416, 10477 MiB, 15360 MiB, 100 %
2026/09/30 03:57:12.419, 10477 MiB, 15360 MiB, 100 %
2026/09/30 03:57:13.427, 10477 MiB, 15360 MiB, 100 %
2026/09/30 03:57:14.433, 10477 MiB, 15360 MiB, 100 %
2026/09/30 03:57:15.440, 10477 MiB, 15360 MiB, 100 %
2026/09/30 03:57:16.452, 10477 MiB, 15360 MiB, 100 %
2026/09/30 03:57:17.454, 10477 MiB, 15360 MiB, 100 %
2026/09/30 03:57:18.456, 10477 MiB, 15360 MiB, 100 %
2026/09/30 03:57:19.458, 10477 MiB, 15360 MiB, 100 %
2026/09/30 03:57:20.461, 10477 MiB, 15360 MiB, 100 %
2026/09/30 03:57:21.463, 10477 MiB, 15360 MiB, 100 %
2026/09/30 03:57:22.466, 10477 MiB, 15360 MiB, 100 %
2026/09/30 03:57:23.468, 10477 MiB, 15360 MiB, 100 %
2026/09/30 03:57:24.470, 10477 MiB, 15360 MiB, 100 %
2026/09/30 03:57:25.472, 10477 MiB, 15360 MiB, 100 %
2026/09/30 03:57:26.476, 10477 MiB, 15360 MiB, 100 %
2026/09/30 03:57:27.479, 10477 MiB, 15360 MiB, 100 %
2026/09/30 03:57:28.482, 10477 MiB, 15360 MiB, 100 %
2026/09/30 03:57:29.487, 10477 MiB, 15360 MiB, 100 %
2026/09/30 03:57:30.493, 10477 MiB, 15360 MiB, 96 %
2026/09/30 03:57:31.496, 10477 MiB, 15360 MiB, 100 %
2026/09/30 03:57:32.499, 10477 MiB, 15360 MiB, 100 %
2026/09/30 03:57:33.502, 10477 MiB, 15360 MiB, 100 %
2026/09/30 03:57:34.510, 10477 MiB, 15360 MiB, 100 %
2026/09/30 03:57:35.512, 10477 MiB, 15360 MiB, 100 %
2026/09/30 03:57:36.515, 10477 MiB, 15360 MiB, 100 %
2026/09/30 03:57:37.517, 10477 MiB, 15360 MiB, 100 %
2026/09/30 03:57:38.521, 10477 MiB, 15360 MiB, 100 %
2026/09/30 03:57:39.527, 10477 MiB, 15360 MiB, 100 %
2026/09/30 03:57:40.530, 10477 MiB, 15360 MiB, 100 %
2026/09/30 03:57:41.537, 10477 MiB, 15360 MiB, 100 %
2026/09/30 03:57:42.540, 10477 MiB, 15360 MiB, 100 %
2026/09/30 03:57:43.544, 10477 MiB, 15360 MiB, 100 %
2026/09/30 03:57:44.546, 10477 MiB, 15360 MiB, 100 %
2026/09/30 03:57:45.548, 10477 MiB, 15360 MiB, 100 %
2026/09/30 03:57:46.550, 10477 MiB, 15360 MiB, 100 %
2026/09/30 03:57:47.553, 10477 MiB, 15360 MiB, 100 %
2026/09/30 03:57:48.555, 10477 MiB, 15360 MiB, 100 %
2026/09/30 03:57:49.557, 10477 MiB, 15360 MiB, 100 %
2026/09/30 03:57:50.559, 10477 MiB, 15360 MiB, 100 %
2026/09/30 03:57:51.561, 10477 MiB, 15360 MiB, 100 %
2026/09/30 03:57:52.565, 10477 MiB, 15360 MiB, 100 %
2026/09/30 03:57:53.569, 10477 MiB, 15360 MiB, 100 %
2026/09/30 03:57:54.572, 10477 MiB, 15360 MiB, 100 %
2026/09/30 03:57:55.579, 10477 MiB, 15360 MiB, 100 %
2026/09/30 03:57:56.587, 10477 MiB, 15360 MiB, 100 %
2026/09/30 03:57:57.593, 10477 MiB, 15360 MiB, 100 %
2026/09/30 03:57:58.600, 10477 MiB, 15360 MiB, 100 %
2026/09/30 03:57:59.602, 10477 MiB, 15360 MiB, 100 %
2026/09/30 03:58:00.604, 10477 MiB, 15360 MiB, 100 %
2026/09/30 03:58:01.607, 10477 MiB, 15360 MiB, 100 %
2026/09/30 03:58:02.609, 10477 MiB, 15360 MiB, 100 %
2026/09/30 03:58:03.611, 10477 MiB, 15360 MiB, 100 %
2026/09/30 03:58:04.613, 10477 MiB, 15360 MiB, 100 %
2026/09/30 03:58:05.615, 10477 MiB, 15360 MiB, 100 %
2026/09/30 03:58:06.618, 10477 MiB, 15360 MiB, 100 %
2026/09/30 03:58:07.621, 10477 MiB, 15360 MiB, 100 %
2026/09/30 03:58:08.625, 10477 MiB, 15360 MiB, 100 %
2026/09/30 03:58:09.630, 10477 MiB, 15360 MiB, 100 %
2026/09/30 03:58:10.638, 10477 MiB, 15360 MiB, 100 %
2026/09/30 03:58:11.641, 10477 MiB, 15360 MiB, 100 %
2026/09/30 03:58:12.643, 10477 MiB, 15360 MiB, 100 %
2026/09/30 03:58:13.645, 10477 MiB, 15360 MiB, 100 %
2026/09/30 03:58:14.647, 10477 MiB, 15360 MiB, 100 %
2026/09/30 03:58:15.655, 10477 MiB, 15360 MiB, 100 %
2026/09/30 03:58:16.658, 10477 MiB, 15360 MiB, 100 %
2026/09/30 03:58:17.660, 10477 MiB, 15360 MiB, 100 %
2026/09/30 03:58:18.662, 10477 MiB, 15360 MiB, 100 %
2026/09/30 03:58:19.664, 10477 MiB, 15360 MiB, 100 %
2026/09/30 03:58:20.666, 10477 MiB, 15360 MiB, 100 %
2026/09/30 03:58:21.669, 10477 MiB, 15360 MiB, 100 %
2026/09/30 03:58:22.676, 10477 MiB, 15360 MiB, 100 %
2026/09/30 03:58:23.680, 10477 MiB, 15360 MiB, 100 %
2026/09/30 03:58:24.683, 10477 MiB, 15360 MiB, 100 %
2026/09/30 03:58:25.685, 10477 MiB, 15360 MiB, 100 %
2026/09/30 03:58:26.687, 10477 MiB, 15360 MiB, 100 %
2026/09/30 03:58:27.692, 10477 MiB, 15360 MiB, 92 %
2026/09/30 03:58:28.694, 10477 MiB, 15360 MiB, 100 %
2026/09/30 03:58:29.696, 10477 MiB, 15360 MiB, 100 %
2026/09/30 03:58:30.698, 10477 MiB, 15360 MiB, 100 %
2026/09/30 03:58:31.700, 10477 MiB, 15360 MiB, 100 %
2026/09/30 03:58:32.702, 10477 MiB, 15360 MiB, 97 %
2026/09/30 03:58:33.704, 10477 MiB, 15360 MiB, 100 %
2026/09/30 03:58:34.707, 10477 MiB, 15360 MiB, 100 %
2026/09/30 03:58:35.710, 10477 MiB, 15360 MiB, 100 %
2026/09/30 03:58:36.718, 10477 MiB, 15360 MiB, 100 %
2026/09/30 03:58:37.722, 10477 MiB, 15360 MiB, 100 %
2026/09/30 03:58:38.726, 10477 MiB, 15360 MiB, 100 %
2026/09/30 03:58:39.732, 10477 MiB, 15360 MiB, 100 %
2026/09/30 03:58:40.734, 10477 MiB, 15360 MiB, 100 %
2026/09/30 03:58:41.736, 10477 MiB, 15360 MiB, 100 %
2026/09/30 03:58:42.739, 10477 MiB, 15360 MiB, 100 %
2026/09/30 03:58:43.741, 10477 MiB, 15360 MiB, 100 %
2026/09/30 03:58:44.743, 10477 MiB, 15360 MiB, 100 %
2026/09/30 03:58:45.745, 10477 MiB, 15360 MiB, 100 %
2026/09/30 03:58:46.747, 10477 MiB, 15360 MiB, 100 %
2026/09/30 03:58:47.751, 10477 MiB, 15360 MiB, 100 %
2026/09/30 03:58:48.753, 10477 MiB, 15360 MiB, 100 %
2026/09/30 03:58:49.759, 10477 MiB, 15360 MiB, 100 %
2026/09/30 03:58:50.764, 10477 MiB, 15360 MiB, 100 %
2026/09/30 03:58:51.768, 10477 MiB, 15360 MiB, 100 %
2026/09/30 03:58:52.774, 10477 MiB, 15360 MiB, 100 %
2026/09/30 03:58:53.776, 10477 MiB, 15360 MiB, 100 %
2026/09/30 03:58:54.780, 10477 MiB, 15360 MiB, 100 %
2026/09/30 03:58:55.782, 10477 MiB, 15360 MiB, 100 %
2026/09/30 03:58:56.784, 10477 MiB, 15360 MiB, 100 %
2026/09/30 03:58:57.787, 10477 MiB, 15360 MiB, 100 %
2026/09/30 03:58:58.790, 10477 MiB, 15360 MiB, 100 %
2026/09/30 03:58:59.792, 10477 MiB, 15360 MiB, 100 %
2026/09/30 03:59:00.794, 10477 MiB, 15360 MiB, 100 %
2026/09/30 03:59:01.796, 10477 MiB, 15360 MiB, 100 %
2026/09/30 03:59:02.798, 10477 MiB, 15360 MiB, 100 %
2026/09/30 03:59:03.802, 10477 MiB, 15360 MiB, 100 %
2026/09/30 03:59:04.810, 10477 MiB, 15360 MiB, 100 %
2026/09/30 03:59:05.814, 10477 MiB, 15360 MiB, 100 %
2026/09/30 03:59:06.824, 10477 MiB, 15360 MiB, 93 %
2026/09/30 03:59:07.827, 10477 MiB, 15360 MiB, 100 %
2026/09/30 03:59:08.829, 10477 MiB, 15360 MiB, 100 %
2026/09/30 03:59:09.832, 10477 MiB, 15360 MiB, 100 %
2026/09/30 03:59:10.834, 10477 MiB, 15360 MiB, 100 %
2026/09/30 03:59:11.837, 10477 MiB, 15360 MiB, 100 %
2026/09/30 03:59:12.839, 10477 MiB, 15360 MiB, 100 %
2026/09/30 03:59:13.841, 10477 MiB, 15360 MiB, 100 %
2026/09/30 03:59:14.844, 10477 MiB, 15360 MiB, 100 %
2026/09/30 03:59:15.846, 10477 MiB, 15360 MiB, 100 %
2026/09/30 03:59:16.852, 10477 MiB, 15360 MiB, 100 %
2026/09/30 03:59:17.860, 10477 MiB, 15360 MiB, 100 %
2026/09/30 03:59:18.867, 10477 MiB, 15360 MiB, 100 %
2026/09/30 03:59:19.873, 10477 MiB, 15360 MiB, 100 %
2026/09/30 03:59:20.877, 10477 MiB, 15360 MiB, 100 %
2026/09/30 03:59:21.880, 10477 MiB, 15360 MiB, 100 %
2026/09/30 03:59:22.882, 10477 MiB, 15360 MiB, 100 %
2026/09/30 03:59:23.884, 10477 MiB, 15360 MiB, 100 %
2026/09/30 03:59:24.887, 10477 MiB, 15360 MiB, 100 %
2026/09/30 03:59:25.889, 10477 MiB, 15360 MiB, 100 %
2026/09/30 03:59:26.891, 10477 MiB, 15360 MiB, 100 %
2026/09/30 03:59:27.893, 10477 MiB, 15360 MiB, 100 %
2026/09/30 03:59:28.896, 10477 MiB, 15360 MiB, 100 %
2026/09/30 03:59:29.898, 10477 MiB, 15360 MiB, 100 %
2026/09/30 03:59:30.900, 10477 MiB, 15360 MiB, 100 %
2026/09/30 03:59:31.903, 10477 MiB, 15360 MiB, 100 %
2026/09/30 03:59:32.909, 10477 MiB, 15360 MiB, 100 %
2026/09/30 03:59:33.914, 10477 MiB, 15360 MiB, 100 %
2026/09/30 03:59:34.919, 10477 MiB, 15360 MiB, 100 %
2026/09/30 03:59:35.924, 10477 MiB, 15360 MiB, 100 %
2026/09/30 03:59:36.926, 10477 MiB, 15360 MiB, 100 %
2026/09/30 03:59:37.929, 10477 MiB, 15360 MiB, 100 %
2026/09/30 03:59:38.931, 10477 MiB, 15360 MiB, 100 %
2026/09/30 03:59:39.934, 10477 MiB, 15360 MiB, 100 %
2026/09/30 03:59:40.941, 10477 MiB, 15360 MiB, 100 %
2026/09/30 03:59:41.943, 10477 MiB, 15360 MiB, 100 %
2026/09/30 03:59:42.946, 10477 MiB, 15360 MiB, 100 %
2026/09/30 03:59:43.948, 10477 MiB, 15360 MiB, 100 %
2026/09/30 03:59:44.951, 10477 MiB, 15360 MiB, 100 %
2026/09/30 03:59:45.955, 10477 MiB, 15360 MiB, 100 %
2026/09/30 03:59:46.961, 10477 MiB, 15360 MiB, 100 %
2026/09/30 03:59:47.970, 10477 MiB, 15360 MiB, 100 %
2026/09/30 03:59:48.973, 10477 MiB, 15360 MiB, 100 %
2026/09/30 03:59:49.975, 10477 MiB, 15360 MiB, 100 %
2026/09/30 03:59:50.978, 10477 MiB, 15360 MiB, 100 %
2026/09/30 03:59:51.980, 10477 MiB, 15360 MiB, 100 %
2026/09/30 03:59:52.983, 10477 MiB, 15360 MiB, 100 %
2026/09/30 03:59:53.985, 10477 MiB, 15360 MiB, 100 %
2026/09/30 03:59:54.988, 10477 MiB, 15360 MiB, 100 %
2026/09/30 03:59:55.990, 10477 MiB, 15360 MiB, 100 %
2026/09/30 03:59:56.992, 10477 MiB, 15360 MiB, 84 %
2026/09/30 03:59:57.996, 10477 MiB, 15360 MiB, 100 %
2026/09/30 03:59:58.998, 10477 MiB, 15360 MiB, 100 %
2026/09/30 04:00:00.001, 10477 MiB, 15360 MiB, 100 %
2026/09/30 04:00:01.005, 10477 MiB, 15360 MiB, 94 %
2026/09/30 04:00:02.012, 10477 MiB, 15360 MiB, 100 %
2026/09/30 04:00:03.018, 10477 MiB, 15360 MiB, 100 %
2026/09/30 04:00:04.022, 10477 MiB, 15360 MiB, 100 %
2026/09/30 04:00:05.025, 10477 MiB, 15360 MiB, 100 %
2026/09/30 04:00:06.031, 10477 MiB, 15360 MiB, 100 %
2026/09/30 04:00:07.033, 10477 MiB, 15360 MiB, 100 %
2026/09/30 04:00:08.036, 10477 MiB, 15360 MiB, 100 %
2026/09/30 04:00:09.038, 10477 MiB, 15360 MiB, 100 %
2026/09/30 04:00:10.041, 10477 MiB, 15360 MiB, 100 %
2026/09/30 04:00:11.044, 10477 MiB, 15360 MiB, 100 %
2026/09/30 04:00:12.046, 10477 MiB, 15360 MiB, 100 %
2026/09/30 04:00:13.049, 10477 MiB, 15360 MiB, 100 %
2026/09/30 04:00:14.052, 10477 MiB, 15360 MiB, 100 %
2026/09/30 04:00:15.056, 10477 MiB, 15360 MiB, 100 %
2026/09/30 04:00:16.059, 10477 MiB, 15360 MiB, 100 %
2026/09/30 04:00:17.063, 10477 MiB, 15360 MiB, 100 %
2026/09/30 04:00:18.069, 10477 MiB, 15360 MiB, 100 %
2026/09/30 04:00:19.071, 10477 MiB, 15360 MiB, 99 %
2026/09/30 04:00:20.073, 10477 MiB, 15360 MiB, 100 %
2026/09/30 04:00:21.076, 10477 MiB, 15360 MiB, 100 %
2026/09/30 04:00:22.078, 10477 MiB, 15360 MiB, 100 %
2026/09/30 04:00:23.081, 10477 MiB, 15360 MiB, 100 %
2026/09/30 04:00:24.083, 10477 MiB, 15360 MiB, 100 %
2026/09/30 04:00:25.085, 10477 MiB, 15360 MiB, 100 %
2026/09/30 04:00:26.087, 10477 MiB, 15360 MiB, 100 %
2026/09/30 04:00:27.089, 10477 MiB, 15360 MiB, 100 %
2026/09/30 04:00:28.093, 10477 MiB, 15360 MiB, 100 %
2026/09/30 04:00:29.096, 10477 MiB, 15360 MiB, 100 %
2026/09/30 04:00:30.100, 10477 MiB, 15360 MiB, 100 %
2026/09/30 04:00:31.103, 10477 MiB, 15360 MiB, 100 %
2026/09/30 04:00:32.106, 10477 MiB, 15360 MiB, 100 %
2026/09/30 04:00:33.108, 10477 MiB, 15360 MiB, 100 %
2026/09/30 04:00:34.110, 10477 MiB, 15360 MiB, 100 %
2026/09/30 04:00:35.112, 10477 MiB, 15360 MiB, 100 %
2026/09/30 04:00:36.114, 10477 MiB, 15360 MiB, 100 %
2026/09/30 04:00:37.117, 10477 MiB, 15360 MiB, 100 %
2026/09/30 04:00:38.119, 10477 MiB, 15360 MiB, 100 %
2026/09/30 04:00:39.121, 10477 MiB, 15360 MiB, 100 %
2026/09/30 04:00:40.123, 10477 MiB, 15360 MiB, 100 %
2026/09/30 04:00:41.125, 10477 MiB, 15360 MiB, 100 %
2026/09/30 04:00:42.129, 10477 MiB, 15360 MiB, 100 %
2026/09/30 04:00:43.136, 10477 MiB, 15360 MiB, 100 %
2026/09/30 04:00:44.142, 10477 MiB, 15360 MiB, 100 %
2026/09/30 04:00:45.145, 10477 MiB, 15360 MiB, 100 %
2026/09/30 04:00:46.147, 10477 MiB, 15360 MiB, 100 %
2026/09/30 04:00:47.150, 10477 MiB, 15360 MiB, 100 %
2026/09/30 04:00:48.153, 10477 MiB, 15360 MiB, 100 %
2026/09/30 04:00:49.156, 10477 MiB, 15360 MiB, 100 %
2026/09/30 04:00:50.159, 10477 MiB, 15360 MiB, 100 %
2026/09/30 04:00:51.163, 10477 MiB, 15360 MiB, 100 %
2026/09/30 04:00:52.166, 10477 MiB, 15360 MiB, 100 %
2026/09/30 04:00:53.169, 10477 MiB, 15360 MiB, 100 %
2026/09/30 04:00:54.172, 10477 MiB, 15360 MiB, 100 %
2026/09/30 04:00:55.174, 10477 MiB, 15360 MiB, 100 %
2026/09/30 04:00:56.179, 10477 MiB, 15360 MiB, 100 %
2026/09/30 04:00:57.184, 10477 MiB, 15360 MiB, 100 %
2026/09/30 04:00:58.191, 10477 MiB, 15360 MiB, 100 %
2026/09/30 04:00:59.196, 10477 MiB, 15360 MiB, 100 %
2026/09/30 04:01:00.198, 10477 MiB, 15360 MiB, 100 %
2026/09/30 04:01:01.201, 10477 MiB, 15360 MiB, 100 %
2026/09/30 04:01:02.205, 10477 MiB, 15360 MiB, 100 %
2026/09/30 04:01:03.207, 10477 MiB, 15360 MiB, 100 %
2026/09/30 04:01:04.210, 10477 MiB, 15360 MiB, 100 %
2026/09/30 04:01:05.212, 10477 MiB, 15360 MiB, 100 %
2026/09/30 04:01:06.214, 10477 MiB, 15360 MiB, 100 %
2026/09/30 04:01:07.217, 10477 MiB, 15360 MiB, 100 %
2026/09/30 04:01:08.219, 10477 MiB, 15360 MiB, 100 %
2026/09/30 04:01:09.223, 10477 MiB, 15360 MiB, 100 %
2026/09/30 04:01:10.228, 10477 MiB, 15360 MiB, 100 %
2026/09/30 04:01:11.235, 10477 MiB, 15360 MiB, 100 %
2026/09/30 04:01:12.240, 10477 MiB, 15360 MiB, 100 %
2026/09/30 04:01:13.246, 10477 MiB, 15360 MiB, 100 %
2026/09/30 04:01:14.248, 10477 MiB, 15360 MiB, 100 %
2026/09/30 04:01:15.250, 10477 MiB, 15360 MiB, 100 %
2026/09/30 04:01:16.252, 10477 MiB, 15360 MiB, 100 %
2026/09/30 04:01:17.257, 10477 MiB, 15360 MiB, 100 %
2026/09/30 04:01:18.260, 10477 MiB, 15360 MiB, 100 %
2026/09/30 04:01:19.267, 10477 MiB, 15360 MiB, 100 %
2026/09/30 04:01:20.269, 10477 MiB, 15360 MiB, 100 %
2026/09/30 04:01:21.272, 10477 MiB, 15360 MiB, 100 %
2026/09/30 04:01:22.274, 10477 MiB, 15360 MiB, 100 %
2026/09/30 04:01:23.277, 10477 MiB, 15360 MiB, 100 %
2026/09/30 04:01:24.280, 10477 MiB, 15360 MiB, 100 %
2026/09/30 04:01:25.285, 10477 MiB, 15360 MiB, 100 %
2026/09/30 04:01:26.288, 10477 MiB, 15360 MiB, 100 %
2026/09/30 04:01:27.294, 10477 MiB, 15360 MiB, 100 %
2026/09/30 04:01:28.296, 10477 MiB, 15360 MiB, 100 %
2026/09/30 04:01:29.299, 10477 MiB, 15360 MiB, 100 %
2026/09/30 04:01:30.302, 10477 MiB, 15360 MiB, 100 %
2026/09/30 04:01:31.304, 10477 MiB, 15360 MiB, 100 %
2026/09/30 04:01:32.306, 10477 MiB, 15360 MiB, 100 %
2026/09/30 04:01:33.308, 10477 MiB, 15360 MiB, 100 %
2026/09/30 04:01:34.310, 10477 MiB, 15360 MiB, 100 %
2026/09/30 04:01:35.312, 10477 MiB, 15360 MiB, 100 %
2026/09/30 04:01:36.315, 10477 MiB, 15360 MiB, 100 %
2026/09/30 04:01:37.320, 10477 MiB, 15360 MiB, 100 %
2026/09/30 04:01:38.325, 10477 MiB, 15360 MiB, 100 %
2026/09/30 04:01:39.331, 10477 MiB, 15360 MiB, 100 %
2026/09/30 04:01:40.338, 10477 MiB, 15360 MiB, 100 %
2026/09/30 04:01:41.344, 10477 MiB, 15360 MiB, 100 %
2026/09/30 04:01:42.348, 10477 MiB, 15360 MiB, 100 %
2026/09/30 04:01:43.354, 10477 MiB, 15360 MiB, 100 %
2026/09/30 04:01:44.357, 10477 MiB, 15360 MiB, 100 %
2026/09/30 04:01:45.359, 10477 MiB, 15360 MiB, 100 %
2026/09/30 04:01:46.362, 10477 MiB, 15360 MiB, 100 %
2026/09/30 04:01:47.364, 10477 MiB, 15360 MiB, 100 %
2026/09/30 04:01:48.367, 10477 MiB, 15360 MiB, 100 %
2026/09/30 04:01:49.369, 10477 MiB, 15360 MiB, 100 %
2026/09/30 04:01:50.371, 10477 MiB, 15360 MiB, 100 %
2026/09/30 04:01:51.375, 10477 MiB, 15360 MiB, 100 %
2026/09/30 04:01:52.381, 10477 MiB, 15360 MiB, 100 %
2026/09/30 04:01:53.387, 10477 MiB, 15360 MiB, 100 %
2026/09/30 04:01:54.393, 10477 MiB, 15360 MiB, 100 %
2026/09/30 04:01:55.404, 10477 MiB, 15360 MiB, 94 %
2026/09/30 04:01:56.406, 10477 MiB, 15360 MiB, 100 %
2026/09/30 04:01:57.408, 10477 MiB, 15360 MiB, 100 %
2026/09/30 04:01:58.410, 10477 MiB, 15360 MiB, 100 %
2026/09/30 04:01:59.412, 10477 MiB, 15360 MiB, 100 %
2026/09/30 04:02:00.414, 10477 MiB, 15360 MiB, 100 %
2026/09/30 04:02:01.417, 10477 MiB, 15360 MiB, 100 %
2026/09/30 04:02:02.420, 10477 MiB, 15360 MiB, 100 %
2026/09/30 04:02:03.422, 10477 MiB, 15360 MiB, 100 %
2026/09/30 04:02:04.425, 10477 MiB, 15360 MiB, 100 %
2026/09/30 04:02:05.428, 10477 MiB, 15360 MiB, 100 %
2026/09/30 04:02:06.432, 10477 MiB, 15360 MiB, 100 %
2026/09/30 04:02:07.435, 10477 MiB, 15360 MiB, 100 %
2026/09/30 04:02:08.443, 10477 MiB, 15360 MiB, 100 %
2026/09/30 04:02:09.448, 10477 MiB, 15360 MiB, 100 %
2026/09/30 04:02:10.450, 10477 MiB, 15360 MiB, 100 %
2026/09/30 04:02:11.453, 10477 MiB, 15360 MiB, 100 %
2026/09/30 04:02:12.455, 10477 MiB, 15360 MiB, 100 %
2026/09/30 04:02:13.457, 10477 MiB, 15360 MiB, 100 %
2026/09/30 04:02:14.459, 10477 MiB, 15360 MiB, 100 %
2026/09/30 04:02:15.461, 10477 MiB, 15360 MiB, 98 %
2026/09/30 04:02:16.463, 10477 MiB, 15360 MiB, 100 %
2026/09/30 04:02:17.466, 10477 MiB, 15360 MiB, 100 %
2026/09/30 04:02:18.468, 10477 MiB, 15360 MiB, 100 %
2026/09/30 04:02:19.472, 10477 MiB, 15360 MiB, 100 %
2026/09/30 04:02:20.477, 10477 MiB, 15360 MiB, 100 %
2026/09/30 04:02:21.482, 10477 MiB, 15360 MiB, 100 %
2026/09/30 04:02:22.485, 10477 MiB, 15360 MiB, 100 %
2026/09/30 04:02:23.489, 10477 MiB, 15360 MiB, 100 %
2026/09/30 04:02:24.494, 10477 MiB, 15360 MiB, 100 %
2026/09/30 04:02:25.496, 10477 MiB, 15360 MiB, 75 %
2026/09/30 04:02:26.499, 10477 MiB, 15360 MiB, 100 %
2026/09/30 04:02:27.502, 10477 MiB, 15360 MiB, 100 %
2026/09/30 04:02:28.504, 10477 MiB, 15360 MiB, 100 %
2026/09/30 04:02:29.506, 10477 MiB, 15360 MiB, 100 %
2026/09/30 04:02:30.509, 10477 MiB, 15360 MiB, 100 %
2026/09/30 04:02:31.511, 10477 MiB, 15360 MiB, 100 %
2026/09/30 04:02:32.514, 10477 MiB, 15360 MiB, 100 %
2026/09/30 04:02:33.517, 10477 MiB, 15360 MiB, 100 %
2026/09/30 04:02:34.523, 10477 MiB, 15360 MiB, 100 %
2026/09/30 04:02:35.527, 10477 MiB, 15360 MiB, 100 %
2026/09/30 04:02:36.534, 10477 MiB, 15360 MiB, 98 %
2026/09/30 04:02:37.542, 10477 MiB, 15360 MiB, 100 %
2026/09/30 04:02:38.545, 10477 MiB, 15360 MiB, 100 %
2026/09/30 04:02:39.548, 10477 MiB, 15360 MiB, 100 %
2026/09/30 04:02:40.550, 10477 MiB, 15360 MiB, 100 %
2026/09/30 04:02:41.552, 10477 MiB, 15360 MiB, 100 %
2026/09/30 04:02:42.554, 10477 MiB, 15360 MiB, 100 %
2026/09/30 04:02:43.556, 10477 MiB, 15360 MiB, 100 %
2026/09/30 04:02:44.559, 10477 MiB, 15360 MiB, 100 %
2026/09/30 04:02:45.562, 10477 MiB, 15360 MiB, 100 %
2026/09/30 04:02:46.564, 10477 MiB, 15360 MiB, 100 %
2026/09/30 04:02:47.567, 10477 MiB, 15360 MiB, 100 %
2026/09/30 04:02:48.570, 10477 MiB, 15360 MiB, 100 %
2026/09/30 04:02:49.574, 10477 MiB, 15360 MiB, 100 %
2026/09/30 04:02:50.580, 10477 MiB, 15360 MiB, 100 %
2026/09/30 04:02:51.584, 10477 MiB, 15360 MiB, 100 %
2026/09/30 04:02:52.586, 10477 MiB, 15360 MiB, 100 %
2026/09/30 04:02:53.590, 10477 MiB, 15360 MiB, 100 %
2026/09/30 04:02:54.592, 10477 MiB, 15360 MiB, 100 %
2026/09/30 04:02:55.596, 10477 MiB, 15360 MiB, 100 %
2026/09/30 04:02:56.598, 10477 MiB, 15360 MiB, 100 %
2026/09/30 04:02:57.600, 10477 MiB, 15360 MiB, 99 %
2026/09/30 04:02:58.602, 10477 MiB, 15360 MiB, 100 %
2026/09/30 04:02:59.605, 10477 MiB, 15360 MiB, 100 %
2026/09/30 04:03:00.612, 10477 MiB, 15360 MiB, 100 %
2026/09/30 04:03:01.620, 10477 MiB, 15360 MiB, 100 %
2026/09/30 04:03:02.623, 10477 MiB, 15360 MiB, 100 %
2026/09/30 04:03:03.632, 10477 MiB, 15360 MiB, 100 %
2026/09/30 04:03:04.638, 10477 MiB, 15360 MiB, 100 %
2026/09/30 04:03:05.645, 10477 MiB, 15360 MiB, 100 %
2026/09/30 04:03:06.647, 10477 MiB, 15360 MiB, 100 %
2026/09/30 04:03:07.650, 10477 MiB, 15360 MiB, 100 %
2026/09/30 04:03:08.652, 10477 MiB, 15360 MiB, 100 %
2026/09/30 04:03:09.654, 10477 MiB, 15360 MiB, 100 %
2026/09/30 04:03:10.657, 10477 MiB, 15360 MiB, 100 %
2026/09/30 04:03:11.659, 10477 MiB, 15360 MiB, 100 %
2026/09/30 04:03:12.661, 10477 MiB, 15360 MiB, 100 %
2026/09/30 04:03:13.664, 10477 MiB, 15360 MiB, 99 %
2026/09/30 04:03:14.666, 10477 MiB, 15360 MiB, 100 %
2026/09/30 04:03:15.670, 10477 MiB, 15360 MiB, 100 %
2026/09/30 04:03:16.678, 10477 MiB, 15360 MiB, 100 %
2026/09/30 04:03:17.684, 10477 MiB, 15360 MiB, 100 %
2026/09/30 04:03:18.694, 10477 MiB, 15360 MiB, 100 %
2026/09/30 04:03:19.700, 10477 MiB, 15360 MiB, 98 %
2026/09/30 04:03:20.704, 10477 MiB, 15360 MiB, 100 %
2026/09/30 04:03:21.707, 10477 MiB, 15360 MiB, 100 %
2026/09/30 04:03:22.709, 10477 MiB, 15360 MiB, 100 %
2026/09/30 04:03:23.712, 10477 MiB, 15360 MiB, 100 %
2026/09/30 04:03:24.714, 10477 MiB, 15360 MiB, 100 %
2026/09/30 04:03:25.717, 10477 MiB, 15360 MiB, 100 %
2026/09/30 04:03:26.721, 10477 MiB, 15360 MiB, 100 %
2026/09/30 04:03:27.723, 10477 MiB, 15360 MiB, 100 %
2026/09/30 04:03:28.726, 10477 MiB, 15360 MiB, 100 %
2026/09/30 04:03:29.730, 10477 MiB, 15360 MiB, 100 %
2026/09/30 04:03:30.737, 10477 MiB, 15360 MiB, 100 %
2026/09/30 04:03:31.745, 10477 MiB, 15360 MiB, 100 %
2026/09/30 04:03:32.749, 10477 MiB, 15360 MiB, 100 %
2026/09/30 04:03:33.751, 10477 MiB, 15360 MiB, 100 %
2026/09/30 04:03:34.753, 10477 MiB, 15360 MiB, 100 %
2026/09/30 04:03:35.755, 10477 MiB, 15360 MiB, 100 %
2026/09/30 04:03:36.757, 10477 MiB, 15360 MiB, 100 %
2026/09/30 04:03:37.760, 10477 MiB, 15360 MiB, 100 %
2026/09/30 04:03:38.762, 10477 MiB, 15360 MiB, 100 %
2026/09/30 04:03:39.765, 10477 MiB, 15360 MiB, 100 %
2026/09/30 04:03:40.768, 10477 MiB, 15360 MiB, 100 %
2026/09/30 04:03:41.770, 10477 MiB, 15360 MiB, 100 %
2026/09/30 04:03:42.772, 10477 MiB, 15360 MiB, 100 %
2026/09/30 04:03:43.778, 10477 MiB, 15360 MiB, 100 %
2026/09/30 04:03:44.781, 10477 MiB, 15360 MiB, 100 %
2026/09/30 04:03:45.790, 10477 MiB, 15360 MiB, 100 %
2026/09/30 04:03:46.793, 10477 MiB, 15360 MiB, 100 %
2026/09/30 04:03:47.795, 10477 MiB, 15360 MiB, 100 %
2026/09/30 04:03:48.799, 10477 MiB, 15360 MiB, 100 %
2026/09/30 04:03:49.802, 10477 MiB, 15360 MiB, 100 %
2026/09/30 04:03:50.805, 10477 MiB, 15360 MiB, 98 %
2026/09/30 04:03:51.809, 10477 MiB, 15360 MiB, 100 %
2026/09/30 04:03:52.812, 10477 MiB, 15360 MiB, 100 %
2026/09/30 04:03:53.814, 10477 MiB, 15360 MiB, 100 %
2026/09/30 04:03:54.817, 10477 MiB, 15360 MiB, 100 %
2026/09/30 04:03:55.819, 10477 MiB, 15360 MiB, 99 %
2026/09/30 04:03:56.823, 10477 MiB, 15360 MiB, 100 %
2026/09/30 04:03:57.826, 10477 MiB, 15360 MiB, 100 %
2026/09/30 04:03:58.829, 10477 MiB, 15360 MiB, 100 %
2026/09/30 04:03:59.836, 10477 MiB, 15360 MiB, 100 %
2026/09/30 04:04:00.844, 10477 MiB, 15360 MiB, 100 %
2026/09/30 04:04:01.847, 10477 MiB, 15360 MiB, 100 %
2026/09/30 04:04:02.849, 10477 MiB, 15360 MiB, 100 %
2026/09/30 04:04:03.851, 10477 MiB, 15360 MiB, 100 %
2026/09/30 04:04:04.853, 10477 MiB, 15360 MiB, 100 %
2026/09/30 04:04:05.855, 10477 MiB, 15360 MiB, 100 %
2026/09/30 04:04:06.858, 10477 MiB, 15360 MiB, 100 %
2026/09/30 04:04:07.861, 10477 MiB, 15360 MiB, 100 %
2026/09/30 04:04:08.865, 10477 MiB, 15360 MiB, 100 %
2026/09/30 04:04:09.867, 10477 MiB, 15360 MiB, 100 %
2026/09/30 04:04:10.870, 10477 MiB, 15360 MiB, 100 %
2026/09/30 04:04:11.874, 10477 MiB, 15360 MiB, 100 %
2026/09/30 04:04:12.878, 10477 MiB, 15360 MiB, 100 %
2026/09/30 04:04:13.880, 10477 MiB, 15360 MiB, 100 %
2026/09/30 04:04:14.882, 10477 MiB, 15360 MiB, 100 %
2026/09/30 04:04:15.885, 10477 MiB, 15360 MiB, 100 %
2026/09/30 04:04:16.889, 10477 MiB, 15360 MiB, 100 %
2026/09/30 04:04:17.892, 10477 MiB, 15360 MiB, 100 %
2026/09/30 04:04:18.899, 10477 MiB, 15360 MiB, 100 %
2026/09/30 04:04:19.901, 10477 MiB, 15360 MiB, 100 %
2026/09/30 04:04:20.904, 10477 MiB, 15360 MiB, 100 %
2026/09/30 04:04:21.906, 10477 MiB, 15360 MiB, 100 %
2026/09/30 04:04:22.911, 10477 MiB, 15360 MiB, 100 %
2026/09/30 04:04:23.913, 10477 MiB, 15360 MiB, 100 %
2026/09/30 04:04:24.916, 10477 MiB, 15360 MiB, 100 %
2026/09/30 04:04:25.923, 10477 MiB, 15360 MiB, 100 %
2026/09/30 04:04:26.931, 10477 MiB, 15360 MiB, 100 %
2026/09/30 04:04:27.938, 10477 MiB, 15360 MiB, 100 %
2026/09/30 04:04:28.950, 10477 MiB, 15360 MiB, 100 %
2026/09/30 04:04:29.952, 10477 MiB, 15360 MiB, 100 %
2026/09/30 04:04:30.954, 10477 MiB, 15360 MiB, 100 %
2026/09/30 04:04:31.956, 10477 MiB, 15360 MiB, 100 %
2026/09/30 04:04:32.958, 10477 MiB, 15360 MiB, 100 %
2026/09/30 04:04:33.961, 10477 MiB, 15360 MiB, 100 %
2026/09/30 04:04:34.963, 10477 MiB, 15360 MiB, 100 %
2026/09/30 04:04:35.965, 10477 MiB, 15360 MiB, 100 %
2026/09/30 04:04:36.967, 10477 MiB, 15360 MiB, 100 %
2026/09/30 04:04:37.969, 10477 MiB, 15360 MiB, 100 %
2026/09/30 04:04:38.973, 10477 MiB, 15360 MiB, 100 %
2026/09/30 04:04:39.977, 10477 MiB, 15360 MiB, 100 %
2026/09/30 04:04:40.981, 10477 MiB, 15360 MiB, 100 %
2026/09/30 04:04:41.987, 10477 MiB, 15360 MiB, 100 %
2026/09/30 04:04:42.991, 10477 MiB, 15360 MiB, 100 %
2026/09/30 04:04:43.994, 10477 MiB, 15360 MiB, 100 %
2026/09/30 04:04:44.996, 10477 MiB, 15360 MiB, 100 %
2026/09/30 04:04:45.998, 10477 MiB, 15360 MiB, 100 %
2026/09/30 04:04:47.002, 10477 MiB, 15360 MiB, 100 %
2026/09/30 04:04:48.004, 10477 MiB, 15360 MiB, 100 %
2026/09/30 04:04:49.006, 10477 MiB, 15360 MiB, 100 %
2026/09/30 04:04:50.009, 10477 MiB, 15360 MiB, 100 %
2026/09/30 04:04:51.011, 10477 MiB, 15360 MiB, 100 %
2026/09/30 04:04:52.014, 10477 MiB, 15360 MiB, 100 %
2026/09/30 04:04:53.017, 10477 MiB, 15360 MiB, 100 %
2026/09/30 04:04:54.025, 10477 MiB, 15360 MiB, 100 %
2026/09/30 04:04:55.029, 10477 MiB, 15360 MiB, 100 %
2026/09/30 04:04:56.035, 10477 MiB, 15360 MiB, 100 %
2026/09/30 04:04:57.040, 10477 MiB, 15360 MiB, 100 %
2026/09/30 04:04:58.043, 10477 MiB, 15360 MiB, 100 %
2026/09/30 04:04:59.049, 10477 MiB, 15360 MiB, 100 %
2026/09/30 04:05:00.051, 10477 MiB, 15360 MiB, 100 %
2026/09/30 04:05:01.053, 10477 MiB, 15360 MiB, 100 %
2026/09/30 04:05:02.055, 10477 MiB, 15360 MiB, 100 %
2026/09/30 04:05:03.059, 10477 MiB, 15360 MiB, 100 %
2026/09/30 04:05:04.061, 10477 MiB, 15360 MiB, 100 %
2026/09/30 04:05:05.063, 10477 MiB, 15360 MiB, 100 %
2026/09/30 04:05:06.066, 10477 MiB, 15360 MiB, 100 %
2026/09/30 04:05:07.069, 10477 MiB, 15360 MiB, 100 %
2026/09/30 04:05:08.075, 10477 MiB, 15360 MiB, 100 %
2026/09/30 04:05:09.083, 10477 MiB, 15360 MiB, 100 %
2026/09/30 04:05:10.088, 10477 MiB, 15360 MiB, 100 %
2026/09/30 04:05:11.092, 10477 MiB, 15360 MiB, 100 %
2026/09/30 04:05:12.096, 10477 MiB, 15360 MiB, 100 %
2026/09/30 04:05:13.098, 10477 MiB, 15360 MiB, 100 %
2026/09/30 04:05:14.100, 10477 MiB, 15360 MiB, 100 %
2026/09/30 04:05:15.103, 10477 MiB, 15360 MiB, 100 %
2026/09/30 04:05:16.105, 10477 MiB, 15360 MiB, 100 %
2026/09/30 04:05:17.107, 10477 MiB, 15360 MiB, 100 %
2026/09/30 04:05:18.110, 10477 MiB, 15360 MiB, 100 %
2026/09/30 04:05:19.112, 10477 MiB, 15360 MiB, 100 %
2026/09/30 04:05:20.114, 10477 MiB, 15360 MiB, 100 %
2026/09/30 04:05:21.119, 10477 MiB, 15360 MiB, 100 %
2026/09/30 04:05:22.125, 10477 MiB, 15360 MiB, 100 %
2026/09/30 04:05:23.133, 10477 MiB, 15360 MiB, 100 %
2026/09/30 04:05:24.139, 10477 MiB, 15360 MiB, 100 %
2026/09/30 04:05:25.144, 10477 MiB, 15360 MiB, 100 %
2026/09/30 04:05:26.146, 10477 MiB, 15360 MiB, 100 %
2026/09/30 04:05:27.149, 10477 MiB, 15360 MiB, 100 %
2026/09/30 04:05:28.151, 10477 MiB, 15360 MiB, 100 %
2026/09/30 04:05:29.154, 10477 MiB, 15360 MiB, 100 %
2026/09/30 04:05:30.157, 10477 MiB, 15360 MiB, 100 %
2026/09/30 04:05:31.159, 10477 MiB, 15360 MiB, 100 %
2026/09/30 04:05:32.161, 10477 MiB, 15360 MiB, 100 %
2026/09/30 04:05:33.163, 10477 MiB, 15360 MiB, 100 %
2026/09/30 04:05:34.165, 10477 MiB, 15360 MiB, 100 %
2026/09/30 04:05:35.173, 10477 MiB, 15360 MiB, 100 %
2026/09/30 04:05:36.181, 10477 MiB, 15360 MiB, 100 %
2026/09/30 04:05:37.185, 10477 MiB, 15360 MiB, 100 %
2026/09/30 04:05:38.188, 10477 MiB, 15360 MiB, 100 %
2026/09/30 04:05:39.192, 10477 MiB, 15360 MiB, 100 %
2026/09/30 04:05:40.194, 10477 MiB, 15360 MiB, 100 %
2026/09/30 04:05:41.196, 10477 MiB, 15360 MiB, 100 %
2026/09/30 04:05:42.199, 10477 MiB, 15360 MiB, 100 %
2026/09/30 04:05:43.201, 10477 MiB, 15360 MiB, 100 %
2026/09/30 04:05:44.204, 10477 MiB, 15360 MiB, 100 %
2026/09/30 04:05:45.206, 10477 MiB, 15360 MiB, 100 %
2026/09/30 04:05:46.210, 10477 MiB, 15360 MiB, 100 %
2026/09/30 04:05:47.212, 10477 MiB, 15360 MiB, 100 %
2026/09/30 04:05:48.216, 10477 MiB, 15360 MiB, 92 %
2026/09/30 04:05:49.220, 10477 MiB, 15360 MiB, 100 %
2026/09/30 04:05:50.223, 10477 MiB, 15360 MiB, 100 %
2026/09/30 04:05:51.232, 10477 MiB, 15360 MiB, 100 %
2026/09/30 04:05:52.236, 10477 MiB, 15360 MiB, 100 %
2026/09/30 04:05:53.239, 10477 MiB, 15360 MiB, 100 %
2026/09/30 04:05:54.241, 10477 MiB, 15360 MiB, 100 %
2026/09/30 04:05:55.244, 10477 MiB, 15360 MiB, 100 %
2026/09/30 04:05:56.246, 10477 MiB, 15360 MiB, 100 %
2026/09/30 04:05:57.248, 10477 MiB, 15360 MiB, 100 %
2026/09/30 04:05:58.250, 10477 MiB, 15360 MiB, 100 %
2026/09/30 04:05:59.252, 10477 MiB, 15360 MiB, 100 %
2026/09/30 04:06:00.254, 10477 MiB, 15360 MiB, 100 %
2026/09/30 04:06:01.256, 10477 MiB, 15360 MiB, 100 %
2026/09/30 04:06:02.260, 10477 MiB, 15360 MiB, 100 %
2026/09/30 04:06:03.263, 10477 MiB, 15360 MiB, 100 %
2026/09/30 04:06:04.267, 10477 MiB, 15360 MiB, 100 %
2026/09/30 04:06:05.270, 10477 MiB, 15360 MiB, 100 %
2026/09/30 04:06:06.273, 10477 MiB, 15360 MiB, 100 %
2026/09/30 04:06:07.276, 10477 MiB, 15360 MiB, 100 %
2026/09/30 04:06:08.279, 10477 MiB, 15360 MiB, 100 %
2026/09/30 04:06:09.281, 10477 MiB, 15360 MiB, 100 %
2026/09/30 04:06:10.284, 10477 MiB, 15360 MiB, 100 %
2026/09/30 04:06:11.286, 10477 MiB, 15360 MiB, 100 %
2026/09/30 04:06:12.288, 10477 MiB, 15360 MiB, 100 %
2026/09/30 04:06:13.290, 10477 MiB, 15360 MiB, 100 %
2026/09/30 04:06:14.293, 10477 MiB, 15360 MiB, 100 %
2026/09/30 04:06:15.299, 10477 MiB, 15360 MiB, 100 %
2026/09/30 04:06:16.302, 10477 MiB, 15360 MiB, 100 %
2026/09/30 04:06:17.306, 10477 MiB, 15360 MiB, 100 %
2026/09/30 04:06:18.311, 10477 MiB, 15360 MiB, 100 %
2026/09/30 04:06:19.320, 10477 MiB, 15360 MiB, 100 %
2026/09/30 04:06:20.324, 10477 MiB, 15360 MiB, 99 %
2026/09/30 04:06:21.327, 10477 MiB, 15360 MiB, 100 %
2026/09/30 04:06:22.330, 10477 MiB, 15360 MiB, 100 %
2026/09/30 04:06:23.332, 10477 MiB, 15360 MiB, 100 %
2026/09/30 04:06:24.334, 10477 MiB, 15360 MiB, 100 %
2026/09/30 04:06:25.338, 10477 MiB, 15360 MiB, 100 %
2026/09/30 04:06:26.340, 10477 MiB, 15360 MiB, 100 %
2026/09/30 04:06:27.343, 10477 MiB, 15360 MiB, 100 %
2026/09/30 04:06:28.345, 10477 MiB, 15360 MiB, 100 %
2026/09/30 04:06:29.348, 10477 MiB, 15360 MiB, 100 %
2026/09/30 04:06:30.353, 10477 MiB, 15360 MiB, 100 %
2026/09/30 04:06:31.356, 10479 MiB, 15360 MiB, 100 %
2026/09/30 04:06:32.363, 10479 MiB, 15360 MiB, 100 %
2026/09/30 04:06:33.371, 10479 MiB, 15360 MiB, 100 %
2026/09/30 04:06:34.376, 10479 MiB, 15360 MiB, 100 %
2026/09/30 04:06:35.378, 10479 MiB, 15360 MiB, 100 %
2026/09/30 04:06:36.380, 10479 MiB, 15360 MiB, 100 %
2026/09/30 04:06:37.382, 10479 MiB, 15360 MiB, 100 %
2026/09/30 04:06:38.385, 10479 MiB, 15360 MiB, 100 %
2026/09/30 04:06:39.387, 10479 MiB, 15360 MiB, 100 %
2026/09/30 04:06:40.390, 10479 MiB, 15360 MiB, 100 %
2026/09/30 04:06:41.393, 10479 MiB, 15360 MiB, 100 %
2026/09/30 04:06:42.399, 10479 MiB, 15360 MiB, 100 %
2026/09/30 04:06:43.402, 10479 MiB, 15360 MiB, 83 %
2026/09/30 04:06:44.405, 10479 MiB, 15360 MiB, 100 %
2026/09/30 04:06:45.408, 10479 MiB, 15360 MiB, 100 %
2026/09/30 04:06:46.411, 10479 MiB, 15360 MiB, 100 %
2026/09/30 04:06:47.419, 10479 MiB, 15360 MiB, 100 %
2026/09/30 04:06:48.423, 10479 MiB, 15360 MiB, 100 %
2026/09/30 04:06:49.425, 10479 MiB, 15360 MiB, 98 %
2026/09/30 04:06:50.428, 10479 MiB, 15360 MiB, 100 %
2026/09/30 04:06:51.430, 10479 MiB, 15360 MiB, 100 %
2026/09/30 04:06:52.432, 10479 MiB, 15360 MiB, 100 %
2026/09/30 04:06:53.434, 10479 MiB, 15360 MiB, 100 %
2026/09/30 04:06:54.437, 10479 MiB, 15360 MiB, 100 %
2026/09/30 04:06:55.439, 10479 MiB, 15360 MiB, 100 %
2026/09/30 04:06:56.443, 10479 MiB, 15360 MiB, 100 %
2026/09/30 04:06:57.445, 10479 MiB, 15360 MiB, 100 %
2026/09/30 04:06:58.448, 10479 MiB, 15360 MiB, 100 %
2026/09/30 04:06:59.451, 10479 MiB, 15360 MiB, 100 %
2026/09/30 04:07:00.455, 10479 MiB, 15360 MiB, 100 %
2026/09/30 04:07:01.458, 10479 MiB, 15360 MiB, 100 %
2026/09/30 04:07:02.462, 10479 MiB, 15360 MiB, 100 %
2026/09/30 04:07:03.465, 10479 MiB, 15360 MiB, 100 %
2026/09/30 04:07:04.472, 10479 MiB, 15360 MiB, 100 %
2026/09/30 04:07:05.475, 10479 MiB, 15360 MiB, 100 %
2026/09/30 04:07:06.480, 10479 MiB, 15360 MiB, 100 %
2026/09/30 04:07:07.484, 10479 MiB, 15360 MiB, 100 %
2026/09/30 04:07:08.487, 10479 MiB, 15360 MiB, 100 %
2026/09/30 04:07:09.490, 10479 MiB, 15360 MiB, 100 %
2026/09/30 04:07:10.492, 10479 MiB, 15360 MiB, 100 %
2026/09/30 04:07:11.496, 10479 MiB, 15360 MiB, 100 %
2026/09/30 04:07:12.500, 10479 MiB, 15360 MiB, 100 %
2026/09/30 04:07:13.508, 10479 MiB, 15360 MiB, 100 %
2026/09/30 04:07:14.513, 10479 MiB, 15360 MiB, 100 %
2026/09/30 04:07:15.517, 10479 MiB, 15360 MiB, 100 %
2026/09/30 04:07:16.522, 10479 MiB, 15360 MiB, 100 %
2026/09/30 04:07:17.524, 10479 MiB, 15360 MiB, 100 %
2026/09/30 04:07:18.527, 10479 MiB, 15360 MiB, 100 %
2026/09/30 04:07:19.529, 10479 MiB, 15360 MiB, 100 %
2026/09/30 04:07:20.531, 10479 MiB, 15360 MiB, 100 %
2026/09/30 04:07:21.533, 10479 MiB, 15360 MiB, 98 %
2026/09/30 04:07:22.536, 10479 MiB, 15360 MiB, 100 %
2026/09/30 04:07:23.538, 10479 MiB, 15360 MiB, 100 %
2026/09/30 04:07:24.540, 10479 MiB, 15360 MiB, 100 %
2026/09/30 04:07:25.543, 10479 MiB, 15360 MiB, 100 %
2026/09/30 04:07:26.546, 10479 MiB, 15360 MiB, 100 %
2026/09/30 04:07:27.553, 10479 MiB, 15360 MiB, 100 %
2026/09/30 04:07:28.561, 10479 MiB, 15360 MiB, 100 %
2026/09/30 04:07:29.564, 10479 MiB, 15360 MiB, 100 %
2026/09/30 04:07:30.566, 10479 MiB, 15360 MiB, 100 %
2026/09/30 04:07:31.571, 10479 MiB, 15360 MiB, 100 %
2026/09/30 04:07:32.573, 10479 MiB, 15360 MiB, 100 %
2026/09/30 04:07:33.575, 10479 MiB, 15360 MiB, 100 %
2026/09/30 04:07:34.579, 10479 MiB, 15360 MiB, 100 %
2026/09/30 04:07:35.582, 10479 MiB, 15360 MiB, 100 %
2026/09/30 04:07:36.584, 10479 MiB, 15360 MiB, 100 %
2026/09/30 04:07:37.588, 10479 MiB, 15360 MiB, 100 %
2026/09/30 04:07:38.591, 10479 MiB, 15360 MiB, 100 %
2026/09/30 04:07:39.593, 10479 MiB, 15360 MiB, 100 %
2026/09/30 04:07:40.597, 10479 MiB, 15360 MiB, 100 %
2026/09/30 04:07:41.603, 10479 MiB, 15360 MiB, 100 %
2026/09/30 04:07:42.607, 10479 MiB, 15360 MiB, 100 %
2026/09/30 04:07:43.611, 10479 MiB, 15360 MiB, 100 %
2026/09/30 04:07:44.613, 10479 MiB, 15360 MiB, 100 %
2026/09/30 04:07:45.617, 10479 MiB, 15360 MiB, 100 %
2026/09/30 04:07:46.619, 10479 MiB, 15360 MiB, 100 %
2026/09/30 04:07:47.621, 10479 MiB, 15360 MiB, 100 %
2026/09/30 04:07:48.624, 10479 MiB, 15360 MiB, 100 %
2026/09/30 04:07:49.626, 10479 MiB, 15360 MiB, 100 %
2026/09/30 04:07:50.629, 10479 MiB, 15360 MiB, 100 %
2026/09/30 04:07:51.631, 10479 MiB, 15360 MiB, 100 %
2026/09/30 04:07:52.633, 10479 MiB, 15360 MiB, 100 %
2026/09/30 04:07:53.635, 10479 MiB, 15360 MiB, 100 %
2026/09/30 04:07:54.638, 10479 MiB, 15360 MiB, 100 %
2026/09/30 04:07:55.641, 10479 MiB, 15360 MiB, 100 %
2026/09/30 04:07:56.646, 10479 MiB, 15360 MiB, 100 %
2026/09/30 04:07:57.652, 10479 MiB, 15360 MiB, 100 %
2026/09/30 04:07:58.655, 10479 MiB, 15360 MiB, 100 %
2026/09/30 04:07:59.657, 10479 MiB, 15360 MiB, 100 %
2026/09/30 04:08:00.660, 10479 MiB, 15360 MiB, 100 %
2026/09/30 04:08:01.662, 10479 MiB, 15360 MiB, 100 %
2026/09/30 04:08:02.664, 10479 MiB, 15360 MiB, 100 %
2026/09/30 04:08:03.666, 10479 MiB, 15360 MiB, 100 %
2026/09/30 04:08:04.668, 10479 MiB, 15360 MiB, 100 %
2026/09/30 04:08:05.671, 10479 MiB, 15360 MiB, 100 %
2026/09/30 04:08:06.673, 10479 MiB, 15360 MiB, 100 %
2026/09/30 04:08:07.676, 10479 MiB, 15360 MiB, 100 %
2026/09/30 04:08:08.679, 10479 MiB, 15360 MiB, 100 %
2026/09/30 04:08:09.682, 10479 MiB, 15360 MiB, 100 %
2026/09/30 04:08:10.685, 10479 MiB, 15360 MiB, 100 %
2026/09/30 04:08:11.692, 10479 MiB, 15360 MiB, 100 %
2026/09/30 04:08:12.694, 10479 MiB, 15360 MiB, 100 %
2026/09/30 04:08:13.696, 10479 MiB, 15360 MiB, 100 %
2026/09/30 04:08:14.698, 10479 MiB, 15360 MiB, 100 %
2026/09/30 04:08:15.700, 10479 MiB, 15360 MiB, 100 %
2026/09/30 04:08:16.703, 10479 MiB, 15360 MiB, 100 %
2026/09/30 04:08:17.705, 10479 MiB, 15360 MiB, 100 %
2026/09/30 04:08:18.708, 10479 MiB, 15360 MiB, 100 %
2026/09/30 04:08:19.710, 10479 MiB, 15360 MiB, 100 %
2026/09/30 04:08:20.712, 10479 MiB, 15360 MiB, 100 %
2026/09/30 04:08:21.716, 10479 MiB, 15360 MiB, 100 %
2026/09/30 04:08:22.720, 10479 MiB, 15360 MiB, 100 %
2026/09/30 04:08:23.729, 10479 MiB, 15360 MiB, 100 %
2026/09/30 04:08:24.734, 10479 MiB, 15360 MiB, 100 %
2026/09/30 04:08:25.738, 10479 MiB, 15360 MiB, 100 %
2026/09/30 04:08:26.740, 10479 MiB, 15360 MiB, 100 %
2026/09/30 04:08:27.743, 10479 MiB, 15360 MiB, 100 %
2026/09/30 04:08:28.745, 10479 MiB, 15360 MiB, 100 %
2026/09/30 04:08:29.747, 10479 MiB, 15360 MiB, 100 %
2026/09/30 04:08:30.750, 10479 MiB, 15360 MiB, 100 %
2026/09/30 04:08:31.752, 10479 MiB, 15360 MiB, 100 %
2026/09/30 04:08:32.755, 10479 MiB, 15360 MiB, 98 %
2026/09/30 04:08:33.758, 10479 MiB, 15360 MiB, 100 %
2026/09/30 04:08:34.761, 10479 MiB, 15360 MiB, 100 %
2026/09/30 04:08:35.764, 10479 MiB, 15360 MiB, 100 %
2026/09/30 04:08:36.773, 10479 MiB, 15360 MiB, 100 %
2026/09/30 04:08:37.780, 10479 MiB, 15360 MiB, 100 %
2026/09/30 04:08:38.786, 10479 MiB, 15360 MiB, 100 %
2026/09/30 04:08:39.791, 10479 MiB, 15360 MiB, 100 %
2026/09/30 04:08:40.793, 10479 MiB, 15360 MiB, 100 %
2026/09/30 04:08:41.797, 10479 MiB, 15360 MiB, 100 %
2026/09/30 04:08:42.799, 10479 MiB, 15360 MiB, 100 %
2026/09/30 04:08:43.802, 10479 MiB, 15360 MiB, 100 %
2026/09/30 04:08:44.805, 10479 MiB, 15360 MiB, 100 %
2026/09/30 04:08:45.808, 10479 MiB, 15360 MiB, 100 %
2026/09/30 04:08:46.811, 10479 MiB, 15360 MiB, 100 %
2026/09/30 04:08:47.815, 10479 MiB, 15360 MiB, 100 %
2026/09/30 04:08:48.819, 10479 MiB, 15360 MiB, 100 %
2026/09/30 04:08:49.829, 10479 MiB, 15360 MiB, 100 %
2026/09/30 04:08:50.834, 10479 MiB, 15360 MiB, 100 %
2026/09/30 04:08:51.838, 10479 MiB, 15360 MiB, 96 %
2026/09/30 04:08:52.841, 10479 MiB, 15360 MiB, 100 %
2026/09/30 04:08:53.844, 10479 MiB, 15360 MiB, 100 %
2026/09/30 04:08:54.846, 10479 MiB, 15360 MiB, 100 %
2026/09/30 04:08:55.848, 10479 MiB, 15360 MiB, 100 %
2026/09/30 04:08:56.854, 10479 MiB, 15360 MiB, 100 %
2026/09/30 04:08:57.856, 10479 MiB, 15360 MiB, 100 %
2026/09/30 04:08:58.858, 10479 MiB, 15360 MiB, 100 %
2026/09/30 04:08:59.860, 10479 MiB, 15360 MiB, 100 %
2026/09/30 04:09:00.862, 10479 MiB, 15360 MiB, 100 %
2026/09/30 04:09:01.864, 10479 MiB, 15360 MiB, 100 %
2026/09/30 04:09:02.866, 10479 MiB, 15360 MiB, 100 %
2026/09/30 04:09:03.869, 10479 MiB, 15360 MiB, 100 %
2026/09/30 04:09:04.876, 10479 MiB, 15360 MiB, 100 %
2026/09/30 04:09:05.880, 10479 MiB, 15360 MiB, 100 %
2026/09/30 04:09:06.883, 10479 MiB, 15360 MiB, 100 %
2026/09/30 04:09:07.890, 10479 MiB, 15360 MiB, 100 %
2026/09/30 04:09:08.893, 10479 MiB, 15360 MiB, 100 %
2026/09/30 04:09:09.895, 10479 MiB, 15360 MiB, 100 %
2026/09/30 04:09:10.897, 10479 MiB, 15360 MiB, 100 %
2026/09/30 04:09:11.900, 10479 MiB, 15360 MiB, 100 %
2026/09/30 04:09:12.904, 10479 MiB, 15360 MiB, 100 %
2026/09/30 04:09:13.912, 10479 MiB, 15360 MiB, 100 %
2026/09/30 04:09:14.914, 10479 MiB, 15360 MiB, 100 %
2026/09/30 04:09:15.917, 10479 MiB, 15360 MiB, 100 %
2026/09/30 04:09:16.919, 10479 MiB, 15360 MiB, 100 %
2026/09/30 04:09:17.922, 10479 MiB, 15360 MiB, 100 %
2026/09/30 04:09:18.936, 10479 MiB, 15360 MiB, 100 %
2026/09/30 04:09:19.941, 10479 MiB, 15360 MiB, 100 %
2026/09/30 04:09:20.947, 10479 MiB, 15360 MiB, 100 %
2026/09/30 04:09:21.949, 10479 MiB, 15360 MiB, 100 %
2026/09/30 04:09:22.952, 10479 MiB, 15360 MiB, 100 %
2026/09/30 04:09:23.954, 10479 MiB, 15360 MiB, 100 %
2026/09/30 04:09:24.956, 10479 MiB, 15360 MiB, 100 %
2026/09/30 04:09:25.959, 10479 MiB, 15360 MiB, 100 %
2026/09/30 04:09:26.961, 10479 MiB, 15360 MiB, 100 %
2026/09/30 04:09:27.964, 10479 MiB, 15360 MiB, 100 %
2026/09/30 04:09:28.966, 10479 MiB, 15360 MiB, 100 %
2026/09/30 04:09:29.968, 10479 MiB, 15360 MiB, 100 %
2026/09/30 04:09:30.971, 10479 MiB, 15360 MiB, 100 %
2026/09/30 04:09:31.974, 10479 MiB, 15360 MiB, 100 %
2026/09/30 04:09:32.981, 10479 MiB, 15360 MiB, 100 %
2026/09/30 04:09:33.985, 10479 MiB, 15360 MiB, 100 %
2026/09/30 04:09:34.989, 10479 MiB, 15360 MiB, 100 %
2026/09/30 04:09:35.993, 10479 MiB, 15360 MiB, 100 %
2026/09/30 04:09:36.996, 10479 MiB, 15360 MiB, 100 %
2026/09/30 04:09:37.999, 10479 MiB, 15360 MiB, 100 %
2026/09/30 04:09:39.006, 10479 MiB, 15360 MiB, 100 %
2026/09/30 04:09:40.008, 10479 MiB, 15360 MiB, 100 %
2026/09/30 04:09:41.010, 10479 MiB, 15360 MiB, 100 %
2026/09/30 04:09:42.013, 10479 MiB, 15360 MiB, 100 %
2026/09/30 04:09:43.015, 10479 MiB, 15360 MiB, 100 %
2026/09/30 04:09:44.018, 10479 MiB, 15360 MiB, 100 %
2026/09/30 04:09:45.021, 10479 MiB, 15360 MiB, 100 %
2026/09/30 04:09:46.024, 10479 MiB, 15360 MiB, 100 %
2026/09/30 04:09:47.030, 10479 MiB, 15360 MiB, 100 %
2026/09/30 04:09:48.039, 10479 MiB, 15360 MiB, 100 %
2026/09/30 04:09:49.046, 10479 MiB, 15360 MiB, 100 %
2026/09/30 04:09:50.050, 10479 MiB, 15360 MiB, 100 %
2026/09/30 04:09:51.052, 10479 MiB, 15360 MiB, 100 %
2026/09/30 04:09:52.055, 10479 MiB, 15360 MiB, 100 %
2026/09/30 04:09:53.057, 10479 MiB, 15360 MiB, 100 %
2026/09/30 04:09:54.059, 10479 MiB, 15360 MiB, 100 %
2026/09/30 04:09:55.063, 10479 MiB, 15360 MiB, 100 %
2026/09/30 04:09:56.067, 10479 MiB, 15360 MiB, 100 %
2026/09/30 04:09:57.069, 10479 MiB, 15360 MiB, 100 %
2026/09/30 04:09:58.072, 10479 MiB, 15360 MiB, 100 %
2026/09/30 04:09:59.076, 10479 MiB, 15360 MiB, 100 %
2026/09/30 04:10:00.083, 10479 MiB, 15360 MiB, 100 %
2026/09/30 04:10:01.089, 10479 MiB, 15360 MiB, 100 %
2026/09/30 04:10:02.098, 10479 MiB, 15360 MiB, 100 %
2026/09/30 04:10:03.103, 10479 MiB, 15360 MiB, 100 %
2026/09/30 04:10:04.107, 10479 MiB, 15360 MiB, 100 %
2026/09/30 04:10:05.112, 10479 MiB, 15360 MiB, 100 %
2026/09/30 04:10:06.115, 10479 MiB, 15360 MiB, 100 %
2026/09/30 04:10:07.117, 10479 MiB, 15360 MiB, 100 %
2026/09/30 04:10:08.120, 10479 MiB, 15360 MiB, 100 %
2026/09/30 04:10:09.122, 10479 MiB, 15360 MiB, 96 %
2026/09/30 04:10:10.124, 10479 MiB, 15360 MiB, 100 %
2026/09/30 04:10:11.126, 10479 MiB, 15360 MiB, 100 %
2026/09/30 04:10:12.128, 10479 MiB, 15360 MiB, 100 %
2026/09/30 04:10:13.132, 10479 MiB, 15360 MiB, 100 %
2026/09/30 04:10:14.139, 10479 MiB, 15360 MiB, 100 %
2026/09/30 04:10:15.145, 10479 MiB, 15360 MiB, 100 %
2026/09/30 04:10:16.149, 10479 MiB, 15360 MiB, 100 %
2026/09/30 04:10:17.156, 10479 MiB, 15360 MiB, 100 %
2026/09/30 04:10:18.158, 10479 MiB, 15360 MiB, 100 %
2026/09/30 04:10:19.161, 10479 MiB, 15360 MiB, 100 %
2026/09/30 04:10:20.163, 10479 MiB, 15360 MiB, 100 %
2026/09/30 04:10:21.165, 10479 MiB, 15360 MiB, 100 %
2026/09/30 04:10:22.168, 10479 MiB, 15360 MiB, 100 %
2026/09/30 04:10:23.171, 10479 MiB, 15360 MiB, 100 %
2026/09/30 04:10:24.173, 10479 MiB, 15360 MiB, 100 %
2026/09/30 04:10:25.176, 10479 MiB, 15360 MiB, 100 %
2026/09/30 04:10:26.178, 10479 MiB, 15360 MiB, 100 %
2026/09/30 04:10:27.182, 10479 MiB, 15360 MiB, 100 %
2026/09/30 04:10:28.186, 10479 MiB, 15360 MiB, 100 %
2026/09/30 04:10:29.191, 10479 MiB, 15360 MiB, 100 %
2026/09/30 04:10:30.197, 10479 MiB, 15360 MiB, 93 %
2026/09/30 04:10:31.202, 10479 MiB, 15360 MiB, 100 %
2026/09/30 04:10:32.206, 10479 MiB, 15360 MiB, 100 %
2026/09/30 04:10:33.208, 10479 MiB, 15360 MiB, 100 %
2026/09/30 04:10:34.210, 10479 MiB, 15360 MiB, 100 %
2026/09/30 04:10:35.212, 10479 MiB, 15360 MiB, 100 %
2026/09/30 04:10:36.214, 10479 MiB, 15360 MiB, 100 %
2026/09/30 04:10:37.216, 10479 MiB, 15360 MiB, 100 %
2026/09/30 04:10:38.219, 10479 MiB, 15360 MiB, 100 %
2026/09/30 04:10:39.221, 10479 MiB, 15360 MiB, 100 %
2026/09/30 04:10:40.223, 10479 MiB, 15360 MiB, 100 %
2026/09/30 04:10:41.227, 10479 MiB, 15360 MiB, 100 %
2026/09/30 04:10:42.232, 10479 MiB, 15360 MiB, 100 %
2026/09/30 04:10:43.236, 10479 MiB, 15360 MiB, 100 %
2026/09/30 04:10:44.253, 10479 MiB, 15360 MiB, 100 %
2026/09/30 04:10:45.259, 10479 MiB, 15360 MiB, 100 %
2026/09/30 04:10:46.262, 10479 MiB, 15360 MiB, 100 %
2026/09/30 04:10:47.265, 10479 MiB, 15360 MiB, 100 %
2026/09/30 04:10:48.267, 10479 MiB, 15360 MiB, 100 %
2026/09/30 04:10:49.269, 10479 MiB, 15360 MiB, 100 %
2026/09/30 04:10:50.272, 10479 MiB, 15360 MiB, 100 %
2026/09/30 04:10:51.275, 10479 MiB, 15360 MiB, 100 %
2026/09/30 04:10:52.278, 10479 MiB, 15360 MiB, 100 %
2026/09/30 04:10:53.280, 10479 MiB, 15360 MiB, 100 %
2026/09/30 04:10:54.282, 10479 MiB, 15360 MiB, 100 %
2026/09/30 04:10:55.286, 10479 MiB, 15360 MiB, 100 %
2026/09/30 04:10:56.292, 10479 MiB, 15360 MiB, 100 %
2026/09/30 04:10:57.298, 10479 MiB, 15360 MiB, 100 %
2026/09/30 04:10:58.305, 10479 MiB, 15360 MiB, 100 %
2026/09/30 04:10:59.307, 10479 MiB, 15360 MiB, 100 %
2026/09/30 04:11:00.310, 10479 MiB, 15360 MiB, 100 %
2026/09/30 04:11:01.312, 10479 MiB, 15360 MiB, 100 %
2026/09/30 04:11:02.315, 10479 MiB, 15360 MiB, 100 %
2026/09/30 04:11:03.317, 10479 MiB, 15360 MiB, 100 %
2026/09/30 04:11:04.319, 10479 MiB, 15360 MiB, 100 %
2026/09/30 04:11:05.323, 10479 MiB, 15360 MiB, 100 %
2026/09/30 04:11:06.325, 10479 MiB, 15360 MiB, 100 %
2026/09/30 04:11:07.327, 10479 MiB, 15360 MiB, 100 %
2026/09/30 04:11:08.329, 10479 MiB, 15360 MiB, 100 %
2026/09/30 04:11:09.332, 10479 MiB, 15360 MiB, 100 %
2026/09/30 04:11:10.340, 10479 MiB, 15360 MiB, 100 %
2026/09/30 04:11:11.344, 10479 MiB, 15360 MiB, 100 %
2026/09/30 04:11:12.353, 10479 MiB, 15360 MiB, 100 %
2026/09/30 04:11:13.359, 10479 MiB, 15360 MiB, 100 %
2026/09/30 04:11:14.362, 10479 MiB, 15360 MiB, 100 %
2026/09/30 04:11:15.364, 10479 MiB, 15360 MiB, 100 %
2026/09/30 04:11:16.367, 10479 MiB, 15360 MiB, 100 %
2026/09/30 04:11:17.369, 10479 MiB, 15360 MiB, 100 %
2026/09/30 04:11:18.372, 10479 MiB, 15360 MiB, 100 %
2026/09/30 04:11:19.375, 10479 MiB, 15360 MiB, 100 %
2026/09/30 04:11:20.379, 10479 MiB, 15360 MiB, 100 %
2026/09/30 04:11:21.381, 10479 MiB, 15360 MiB, 100 %
2026/09/30 04:11:22.387, 10479 MiB, 15360 MiB, 100 %
2026/09/30 04:11:23.391, 10479 MiB, 15360 MiB, 85 %
2026/09/30 04:11:24.394, 10479 MiB, 15360 MiB, 100 %
2026/09/30 04:11:25.397, 10479 MiB, 15360 MiB, 100 %
2026/09/30 04:11:26.401, 10479 MiB, 15360 MiB, 100 %
2026/09/30 04:11:27.406, 10479 MiB, 15360 MiB, 100 %
2026/09/30 04:11:28.408, 10479 MiB, 15360 MiB, 100 %
2026/09/30 04:11:29.411, 10479 MiB, 15360 MiB, 100 %
2026/09/30 04:11:30.414, 10479 MiB, 15360 MiB, 100 %
2026/09/30 04:11:31.416, 10479 MiB, 15360 MiB, 100 %
2026/09/30 04:11:32.418, 10479 MiB, 15360 MiB, 100 %
2026/09/30 04:11:33.422, 10479 MiB, 15360 MiB, 100 %
2026/09/30 04:11:34.425, 10479 MiB, 15360 MiB, 100 %
2026/09/30 04:11:35.427, 10479 MiB, 15360 MiB, 100 %
2026/09/30 04:11:36.429, 10479 MiB, 15360 MiB, 100 %
2026/09/30 04:11:37.432, 10479 MiB, 15360 MiB, 100 %
2026/09/30 04:11:38.437, 10479 MiB, 15360 MiB, 100 %
2026/09/30 04:11:39.445, 10479 MiB, 15360 MiB, 100 %
2026/09/30 04:11:40.456, 10479 MiB, 15360 MiB, 100 %
2026/09/30 04:11:41.459, 10479 MiB, 15360 MiB, 100 %
2026/09/30 04:11:42.461, 10479 MiB, 15360 MiB, 100 %
2026/09/30 04:11:43.465, 10479 MiB, 15360 MiB, 100 %
2026/09/30 04:11:44.468, 10479 MiB, 15360 MiB, 100 %
2026/09/30 04:11:45.470, 10479 MiB, 15360 MiB, 100 %
2026/09/30 04:11:46.472, 10479 MiB, 15360 MiB, 100 %
2026/09/30 04:11:47.475, 10479 MiB, 15360 MiB, 100 %
2026/09/30 04:11:48.478, 10479 MiB, 15360 MiB, 100 %
2026/09/30 04:11:49.480, 10479 MiB, 15360 MiB, 100 %
2026/09/30 04:11:50.482, 10479 MiB, 15360 MiB, 100 %
2026/09/30 04:11:51.485, 10479 MiB, 15360 MiB, 100 %
2026/09/30 04:11:52.489, 10479 MiB, 15360 MiB, 100 %
2026/09/30 04:11:53.500, 10479 MiB, 15360 MiB, 100 %
2026/09/30 04:11:54.507, 10479 MiB, 15360 MiB, 98 %
2026/09/30 04:11:55.509, 10479 MiB, 15360 MiB, 100 %
2026/09/30 04:11:56.512, 10479 MiB, 15360 MiB, 100 %
2026/09/30 04:11:57.514, 10479 MiB, 15360 MiB, 100 %
2026/09/30 04:11:58.517, 10479 MiB, 15360 MiB, 100 %
2026/09/30 04:11:59.519, 10479 MiB, 15360 MiB, 100 %
2026/09/30 04:12:00.522, 10479 MiB, 15360 MiB, 100 %
2026/09/30 04:12:01.524, 10479 MiB, 15360 MiB, 100 %
2026/09/30 04:12:02.527, 10479 MiB, 15360 MiB, 100 %
2026/09/30 04:12:03.530, 10479 MiB, 15360 MiB, 100 %
2026/09/30 04:12:04.533, 10479 MiB, 15360 MiB, 100 %
2026/09/30 04:12:05.536, 10479 MiB, 15360 MiB, 100 %
2026/09/30 04:12:06.540, 10479 MiB, 15360 MiB, 100 %
2026/09/30 04:12:07.543, 10479 MiB, 15360 MiB, 100 %
2026/09/30 04:12:08.546, 10479 MiB, 15360 MiB, 100 %
2026/09/30 04:12:09.552, 10479 MiB, 15360 MiB, 100 %
2026/09/30 04:12:10.554, 10479 MiB, 15360 MiB, 100 %
2026/09/30 04:12:11.556, 10479 MiB, 15360 MiB, 100 %
2026/09/30 04:12:12.559, 10479 MiB, 15360 MiB, 100 %
2026/09/30 04:12:13.561, 10479 MiB, 15360 MiB, 100 %
2026/09/30 04:12:14.563, 10479 MiB, 15360 MiB, 100 %
2026/09/30 04:12:15.565, 10479 MiB, 15360 MiB, 100 %
2026/09/30 04:12:16.567, 10479 MiB, 15360 MiB, 100 %
2026/09/30 04:12:17.570, 10479 MiB, 15360 MiB, 100 %
2026/09/30 04:12:18.572, 10479 MiB, 15360 MiB, 100 %
2026/09/30 04:12:19.575, 10479 MiB, 15360 MiB, 100 %
2026/09/30 04:12:20.578, 10479 MiB, 15360 MiB, 100 %
2026/09/30 04:12:21.588, 10479 MiB, 15360 MiB, 100 %
2026/09/30 04:12:22.594, 10479 MiB, 15360 MiB, 100 %
2026/09/30 04:12:23.597, 10479 MiB, 15360 MiB, 100 %
2026/09/30 04:12:24.599, 10479 MiB, 15360 MiB, 100 %
2026/09/30 04:12:25.602, 10479 MiB, 15360 MiB, 100 %
2026/09/30 04:12:26.604, 10479 MiB, 15360 MiB, 100 %
2026/09/30 04:12:27.606, 10479 MiB, 15360 MiB, 100 %
2026/09/30 04:12:28.609, 10479 MiB, 15360 MiB, 100 %
2026/09/30 04:12:29.612, 10479 MiB, 15360 MiB, 100 %
2026/09/30 04:12:30.614, 10479 MiB, 15360 MiB, 100 %
2026/09/30 04:12:31.618, 10479 MiB, 15360 MiB, 100 %
2026/09/30 04:12:32.621, 10479 MiB, 15360 MiB, 100 %
2026/09/30 04:12:33.623, 10479 MiB, 15360 MiB, 100 %
2026/09/30 04:12:34.627, 10479 MiB, 15360 MiB, 100 %
2026/09/30 04:12:35.633, 10479 MiB, 15360 MiB, 100 %
2026/09/30 04:12:36.641, 10479 MiB, 15360 MiB, 100 %
2026/09/30 04:12:37.645, 10479 MiB, 15360 MiB, 100 %
2026/09/30 04:12:38.648, 10479 MiB, 15360 MiB, 100 %
2026/09/30 04:12:39.650, 10479 MiB, 15360 MiB, 100 %
2026/09/30 04:12:40.652, 10479 MiB, 15360 MiB, 100 %
2026/09/30 04:12:41.654, 10479 MiB, 15360 MiB, 100 %
2026/09/30 04:12:42.657, 10479 MiB, 15360 MiB, 100 %
2026/09/30 04:12:43.659, 10479 MiB, 15360 MiB, 100 %
2026/09/30 04:12:44.662, 10479 MiB, 15360 MiB, 100 %
2026/09/30 04:12:45.664, 10479 MiB, 15360 MiB, 100 %
2026/09/30 04:12:46.666, 10479 MiB, 15360 MiB, 100 %
2026/09/30 04:12:47.670, 10479 MiB, 15360 MiB, 100 %
2026/09/30 04:12:48.676, 10479 MiB, 15360 MiB, 100 %
2026/09/30 04:12:49.680, 10479 MiB, 15360 MiB, 100 %
2026/09/30 04:12:50.685, 10479 MiB, 15360 MiB, 100 %
2026/09/30 04:12:51.689, 10479 MiB, 15360 MiB, 100 %
2026/09/30 04:12:52.692, 10479 MiB, 15360 MiB, 100 %
2026/09/30 04:12:53.694, 10479 MiB, 15360 MiB, 100 %
2026/09/30 04:12:54.697, 10479 MiB, 15360 MiB, 100 %
2026/09/30 04:12:55.700, 10479 MiB, 15360 MiB, 100 %
2026/09/30 04:12:56.702, 10479 MiB, 15360 MiB, 100 %
2026/09/30 04:12:57.706, 10479 MiB, 15360 MiB, 100 %
2026/09/30 04:12:58.711, 10479 MiB, 15360 MiB, 100 %
2026/09/30 04:12:59.714, 10479 MiB, 15360 MiB, 100 %
2026/09/30 04:13:00.716, 10479 MiB, 15360 MiB, 100 %
2026/09/30 04:13:01.719, 10479 MiB, 15360 MiB, 100 %
2026/09/30 04:13:02.731, 10479 MiB, 15360 MiB, 100 %
2026/09/30 04:13:03.737, 10479 MiB, 15360 MiB, 100 %
2026/09/30 04:13:04.743, 10479 MiB, 15360 MiB, 100 %
2026/09/30 04:13:05.746, 10479 MiB, 15360 MiB, 100 %
2026/09/30 04:13:06.749, 10479 MiB, 15360 MiB, 100 %
2026/09/30 04:13:07.751, 10479 MiB, 15360 MiB, 100 %
2026/09/30 04:13:08.754, 10479 MiB, 15360 MiB, 100 %
2026/09/30 04:13:09.756, 10479 MiB, 15360 MiB, 100 %
2026/09/30 04:13:10.758, 10479 MiB, 15360 MiB, 100 %
2026/09/30 04:13:11.761, 10479 MiB, 15360 MiB, 100 %
2026/09/30 04:13:12.764, 10479 MiB, 15360 MiB, 100 %
2026/09/30 04:13:13.766, 10479 MiB, 15360 MiB, 100 %
2026/09/30 04:13:14.769, 10479 MiB, 15360 MiB, 100 %
2026/09/30 04:13:15.774, 10479 MiB, 15360 MiB, 100 %
2026/09/30 04:13:16.779, 10479 MiB, 15360 MiB, 100 %
2026/09/30 04:13:17.784, 10479 MiB, 15360 MiB, 100 %
2026/09/30 04:13:18.788, 10479 MiB, 15360 MiB, 100 %
2026/09/30 04:13:19.790, 10479 MiB, 15360 MiB, 100 %
2026/09/30 04:13:20.792, 10479 MiB, 15360 MiB, 96 %
2026/09/30 04:13:21.795, 10479 MiB, 15360 MiB, 100 %
2026/09/30 04:13:22.798, 10479 MiB, 15360 MiB, 100 %
2026/09/30 04:13:23.805, 10479 MiB, 15360 MiB, 100 %
2026/09/30 04:13:24.811, 10479 MiB, 15360 MiB, 100 %
2026/09/30 04:13:25.814, 10479 MiB, 15360 MiB, 100 %
2026/09/30 04:13:26.816, 10479 MiB, 15360 MiB, 100 %
2026/09/30 04:13:27.819, 10479 MiB, 15360 MiB, 100 %
2026/09/30 04:13:28.822, 10479 MiB, 15360 MiB, 100 %
2026/09/30 04:13:29.826, 10479 MiB, 15360 MiB, 100 %
2026/09/30 04:13:30.831, 10479 MiB, 15360 MiB, 100 %
2026/09/30 04:13:31.835, 10479 MiB, 15360 MiB, 100 %
2026/09/30 04:13:32.842, 10479 MiB, 15360 MiB, 100 %
2026/09/30 04:13:33.844, 10479 MiB, 15360 MiB, 100 %
2026/09/30 04:13:34.846, 10479 MiB, 15360 MiB, 100 %
2026/09/30 04:13:35.849, 10479 MiB, 15360 MiB, 100 %
2026/09/30 04:13:36.852, 10479 MiB, 15360 MiB, 100 %
2026/09/30 04:13:37.854, 10479 MiB, 15360 MiB, 100 %
2026/09/30 04:13:38.857, 10479 MiB, 15360 MiB, 100 %
2026/09/30 04:13:39.859, 10479 MiB, 15360 MiB, 100 %
2026/09/30 04:13:40.862, 10479 MiB, 15360 MiB, 100 %
2026/09/30 04:13:41.864, 10479 MiB, 15360 MiB, 100 %
2026/09/30 04:13:42.866, 10479 MiB, 15360 MiB, 100 %
2026/09/30 04:13:43.870, 10479 MiB, 15360 MiB, 100 %
2026/09/30 04:13:44.873, 10479 MiB, 15360 MiB, 100 %
2026/09/30 04:13:45.877, 10479 MiB, 15360 MiB, 100 %
2026/09/30 04:13:46.884, 10479 MiB, 15360 MiB, 100 %
2026/09/30 04:13:47.886, 10479 MiB, 15360 MiB, 100 %
2026/09/30 04:13:48.888, 10479 MiB, 15360 MiB, 100 %
2026/09/30 04:13:49.894, 10479 MiB, 15360 MiB, 100 %
2026/09/30 04:13:50.897, 10479 MiB, 15360 MiB, 100 %
2026/09/30 04:13:51.899, 10479 MiB, 15360 MiB, 100 %
2026/09/30 04:13:52.902, 10479 MiB, 15360 MiB, 100 %
2026/09/30 04:13:53.904, 10479 MiB, 15360 MiB, 100 %
2026/09/30 04:13:54.906, 10479 MiB, 15360 MiB, 100 %
2026/09/30 04:13:55.909, 10479 MiB, 15360 MiB, 100 %
2026/09/30 04:13:56.912, 10479 MiB, 15360 MiB, 100 %
2026/09/30 04:13:57.917, 10479 MiB, 15360 MiB, 100 %
2026/09/30 04:13:58.924, 10479 MiB, 15360 MiB, 98 %
2026/09/30 04:13:59.930, 10479 MiB, 15360 MiB, 100 %
2026/09/30 04:14:00.934, 10479 MiB, 15360 MiB, 100 %
2026/09/30 04:14:01.937, 10479 MiB, 15360 MiB, 100 %
2026/09/30 04:14:02.939, 10479 MiB, 15360 MiB, 100 %
2026/09/30 04:14:03.941, 10479 MiB, 15360 MiB, 100 %
2026/09/30 04:14:04.943, 10479 MiB, 15360 MiB, 100 %
2026/09/30 04:14:05.947, 10479 MiB, 15360 MiB, 100 %
2026/09/30 04:14:06.949, 10479 MiB, 15360 MiB, 100 %
2026/09/30 04:14:07.953, 10479 MiB, 15360 MiB, 100 %
2026/09/30 04:14:08.955, 10479 MiB, 15360 MiB, 100 %
2026/09/30 04:14:09.957, 10479 MiB, 15360 MiB, 100 %
2026/09/30 04:14:10.962, 10479 MiB, 15360 MiB, 100 %
2026/09/30 04:14:11.967, 10479 MiB, 15360 MiB, 100 %
2026/09/30 04:14:12.974, 10479 MiB, 15360 MiB, 100 %
2026/09/30 04:14:13.981, 10479 MiB, 15360 MiB, 100 %
2026/09/30 04:14:14.988, 10479 MiB, 15360 MiB, 100 %
2026/09/30 04:14:15.990, 10479 MiB, 15360 MiB, 100 %
2026/09/30 04:14:16.993, 10479 MiB, 15360 MiB, 100 %
2026/09/30 04:14:17.995, 10479 MiB, 15360 MiB, 100 %
2026/09/30 04:14:18.998, 10479 MiB, 15360 MiB, 100 %
2026/09/30 04:14:20.001, 10479 MiB, 15360 MiB, 100 %
2026/09/30 04:14:21.004, 10479 MiB, 15360 MiB, 100 %
2026/09/30 04:14:22.006, 10479 MiB, 15360 MiB, 100 %
2026/09/30 04:14:23.010, 10479 MiB, 15360 MiB, 100 %
2026/09/30 04:14:24.012, 10479 MiB, 15360 MiB, 100 %
2026/09/30 04:14:25.015, 10479 MiB, 15360 MiB, 100 %
2026/09/30 04:14:26.018, 10479 MiB, 15360 MiB, 100 %
2026/09/30 04:14:27.028, 10479 MiB, 15360 MiB, 100 %
2026/09/30 04:14:28.031, 10479 MiB, 15360 MiB, 100 %
2026/09/30 04:14:29.036, 10479 MiB, 15360 MiB, 100 %
2026/09/30 04:14:30.039, 10479 MiB, 15360 MiB, 100 %
2026/09/30 04:14:31.042, 10479 MiB, 15360 MiB, 100 %
2026/09/30 04:14:32.044, 10479 MiB, 15360 MiB, 100 %
2026/09/30 04:14:33.047, 10479 MiB, 15360 MiB, 100 %
2026/09/30 04:14:34.049, 10479 MiB, 15360 MiB, 96 %
2026/09/30 04:14:35.051, 10479 MiB, 15360 MiB, 100 %
2026/09/30 04:14:36.054, 10479 MiB, 15360 MiB, 100 %
2026/09/30 04:14:37.058, 10479 MiB, 15360 MiB, 100 %
2026/09/30 04:14:38.061, 10479 MiB, 15360 MiB, 100 %
2026/09/30 04:14:39.067, 10479 MiB, 15360 MiB, 100 %
2026/09/30 04:14:40.074, 10479 MiB, 15360 MiB, 100 %
2026/09/30 04:14:41.081, 10479 MiB, 15360 MiB, 100 %
2026/09/30 04:14:42.084, 10479 MiB, 15360 MiB, 100 %
2026/09/30 04:14:43.088, 10479 MiB, 15360 MiB, 100 %
2026/09/30 04:14:44.090, 10479 MiB, 15360 MiB, 100 %
2026/09/30 04:14:45.092, 10479 MiB, 15360 MiB, 100 %
2026/09/30 04:14:46.094, 10479 MiB, 15360 MiB, 100 %
2026/09/30 04:14:47.097, 10479 MiB, 15360 MiB, 100 %
2026/09/30 04:14:48.100, 10479 MiB, 15360 MiB, 100 %
2026/09/30 04:14:49.102, 10479 MiB, 15360 MiB, 100 %
2026/09/30 04:14:50.104, 10479 MiB, 15360 MiB, 100 %
2026/09/30 04:14:51.106, 10479 MiB, 15360 MiB, 100 %
2026/09/30 04:14:52.109, 10479 MiB, 15360 MiB, 100 %
2026/09/30 04:14:53.113, 10479 MiB, 15360 MiB, 100 %
2026/09/30 04:14:54.119, 10479 MiB, 15360 MiB, 100 %
2026/09/30 04:14:55.129, 10479 MiB, 15360 MiB, 100 %
2026/09/30 04:14:56.137, 10479 MiB, 15360 MiB, 98 %
2026/09/30 04:14:57.141, 10479 MiB, 15360 MiB, 100 %
2026/09/30 04:14:58.143, 10479 MiB, 15360 MiB, 100 %
2026/09/30 04:14:59.146, 12813 MiB, 15360 MiB, 100 %
2026/09/30 04:15:00.150, 12813 MiB, 15360 MiB, 100 %
2026/09/30 04:15:01.155, 12813 MiB, 15360 MiB, 100 %
2026/09/30 04:15:02.158, 12813 MiB, 15360 MiB, 100 %
2026/09/30 04:15:03.160, 12813 MiB, 15360 MiB, 100 %
2026/09/30 04:15:04.163, 12813 MiB, 15360 MiB, 100 %
2026/09/30 04:15:05.165, 12813 MiB, 15360 MiB, 100 %
2026/09/30 04:15:06.167, 12813 MiB, 15360 MiB, 100 %
2026/09/30 04:15:07.170, 12813 MiB, 15360 MiB, 100 %
2026/09/30 04:15:08.175, 12813 MiB, 15360 MiB, 100 %
2026/09/30 04:15:09.185, 12813 MiB, 15360 MiB, 100 %
2026/09/30 04:15:10.192, 12813 MiB, 15360 MiB, 100 %
2026/09/30 04:15:11.196, 10475 MiB, 15360 MiB, 100 %
2026/09/30 04:15:12.199, 10475 MiB, 15360 MiB, 100 %
2026/09/30 04:15:13.201, 10475 MiB, 15360 MiB, 100 %
2026/09/30 04:15:14.203, 10475 MiB, 15360 MiB, 100 %
2026/09/30 04:15:15.205, 10475 MiB, 15360 MiB, 100 %
2026/09/30 04:15:16.208, 10475 MiB, 15360 MiB, 100 %
2026/09/30 04:15:17.210, 10475 MiB, 15360 MiB, 100 %
2026/09/30 04:15:18.212, 10475 MiB, 15360 MiB, 100 %
2026/09/30 04:15:19.215, 10475 MiB, 15360 MiB, 100 %
2026/09/30 04:15:20.217, 10475 MiB, 15360 MiB, 100 %
2026/09/30 04:15:21.220, 10475 MiB, 15360 MiB, 100 %
2026/09/30 04:15:22.226, 10475 MiB, 15360 MiB, 100 %
2026/09/30 04:15:23.232, 10475 MiB, 15360 MiB, 100 %
2026/09/30 04:15:24.241, 10475 MiB, 15360 MiB, 100 %
2026/09/30 04:15:25.244, 10477 MiB, 15360 MiB, 100 %
2026/09/30 04:15:26.247, 10479 MiB, 15360 MiB, 100 %
2026/09/30 04:15:27.249, 10479 MiB, 15360 MiB, 100 %
2026/09/30 04:15:28.251, 10479 MiB, 15360 MiB, 100 %
2026/09/30 04:15:29.254, 10479 MiB, 15360 MiB, 100 %
2026/09/30 04:15:30.256, 10479 MiB, 15360 MiB, 100 %
2026/09/30 04:15:31.258, 10479 MiB, 15360 MiB, 97 %
2026/09/30 04:15:32.260, 10479 MiB, 15360 MiB, 100 %
2026/09/30 04:15:33.263, 10479 MiB, 15360 MiB, 100 %
2026/09/30 04:15:34.265, 10479 MiB, 15360 MiB, 100 %
2026/09/30 04:15:35.271, 10479 MiB, 15360 MiB, 100 %
2026/09/30 04:15:36.277, 10479 MiB, 15360 MiB, 100 %
2026/09/30 04:15:37.285, 10479 MiB, 15360 MiB, 100 %
2026/09/30 04:15:38.291, 10479 MiB, 15360 MiB, 100 %
2026/09/30 04:15:39.300, 10479 MiB, 15360 MiB, 100 %
2026/09/30 04:15:40.304, 10479 MiB, 15360 MiB, 100 %
2026/09/30 04:15:41.306, 10479 MiB, 15360 MiB, 100 %
2026/09/30 04:15:42.310, 10479 MiB, 15360 MiB, 100 %
2026/09/30 04:15:43.312, 10479 MiB, 15360 MiB, 100 %
2026/09/30 04:15:44.315, 10479 MiB, 15360 MiB, 100 %
2026/09/30 04:15:45.317, 10479 MiB, 15360 MiB, 100 %
2026/09/30 04:15:46.320, 10479 MiB, 15360 MiB, 100 %
2026/09/30 04:15:47.322, 10479 MiB, 15360 MiB, 100 %
2026/09/30 04:15:48.324, 10479 MiB, 15360 MiB, 100 %
2026/09/30 04:15:49.327, 10479 MiB, 15360 MiB, 100 %
2026/09/30 04:15:50.335, 10479 MiB, 15360 MiB, 100 %
2026/09/30 04:15:51.339, 10481 MiB, 15360 MiB, 100 %
2026/09/30 04:15:52.342, 10481 MiB, 15360 MiB, 100 %
2026/09/30 04:15:53.348, 10481 MiB, 15360 MiB, 100 %
2026/09/30 04:15:54.350, 10481 MiB, 15360 MiB, 100 %
2026/09/30 04:15:55.352, 10481 MiB, 15360 MiB, 100 %
2026/09/30 04:15:56.354, 10481 MiB, 15360 MiB, 100 %
2026/09/30 04:15:57.357, 10481 MiB, 15360 MiB, 100 %
2026/09/30 04:15:58.359, 10481 MiB, 15360 MiB, 100 %
2026/09/30 04:15:59.361, 10481 MiB, 15360 MiB, 100 %
2026/09/30 04:16:00.363, 10481 MiB, 15360 MiB, 100 %
2026/09/30 04:16:01.366, 10481 MiB, 15360 MiB, 100 %
2026/09/30 04:16:02.369, 10481 MiB, 15360 MiB, 98 %
2026/09/30 04:16:03.373, 10481 MiB, 15360 MiB, 100 %
2026/09/30 04:16:04.376, 10481 MiB, 15360 MiB, 100 %
2026/09/30 04:16:05.379, 10481 MiB, 15360 MiB, 100 %
2026/09/30 04:16:06.382, 10481 MiB, 15360 MiB, 100 %
2026/09/30 04:16:07.384, 10481 MiB, 15360 MiB, 100 %
2026/09/30 04:16:08.387, 10481 MiB, 15360 MiB, 100 %
2026/09/30 04:16:09.390, 10481 MiB, 15360 MiB, 100 %
2026/09/30 04:16:10.394, 10481 MiB, 15360 MiB, 100 %
2026/09/30 04:16:11.397, 10481 MiB, 15360 MiB, 100 %
2026/09/30 04:16:12.399, 10481 MiB, 15360 MiB, 100 %
2026/09/30 04:16:13.402, 10481 MiB, 15360 MiB, 100 %
2026/09/30 04:16:14.405, 10481 MiB, 15360 MiB, 100 %
2026/09/30 04:16:15.408, 10481 MiB, 15360 MiB, 100 %
2026/09/30 04:16:16.412, 10481 MiB, 15360 MiB, 100 %
2026/09/30 04:16:17.419, 10481 MiB, 15360 MiB, 100 %
2026/09/30 04:16:18.424, 10481 MiB, 15360 MiB, 95 %
2026/09/30 04:16:19.428, 10481 MiB, 15360 MiB, 100 %
2026/09/30 04:16:20.431, 10481 MiB, 15360 MiB, 100 %
2026/09/30 04:16:21.438, 10481 MiB, 15360 MiB, 100 %
2026/09/30 04:16:22.440, 10481 MiB, 15360 MiB, 100 %
2026/09/30 04:16:23.442, 10481 MiB, 15360 MiB, 100 %
2026/09/30 04:16:24.444, 10481 MiB, 15360 MiB, 100 %
2026/09/30 04:16:25.447, 10481 MiB, 15360 MiB, 100 %
2026/09/30 04:16:26.449, 10481 MiB, 15360 MiB, 100 %
2026/09/30 04:16:27.451, 10481 MiB, 15360 MiB, 100 %
2026/09/30 04:16:28.453, 10481 MiB, 15360 MiB, 100 %
2026/09/30 04:16:29.456, 10481 MiB, 15360 MiB, 100 %
2026/09/30 04:16:30.458, 10481 MiB, 15360 MiB, 100 %
2026/09/30 04:16:31.462, 10481 MiB, 15360 MiB, 100 %
2026/09/30 04:16:32.467, 10481 MiB, 15360 MiB, 100 %
2026/09/30 04:16:33.473, 10481 MiB, 15360 MiB, 100 %
2026/09/30 04:16:34.480, 10481 MiB, 15360 MiB, 100 %
2026/09/30 04:16:35.484, 10481 MiB, 15360 MiB, 100 %
2026/09/30 04:16:36.486, 10481 MiB, 15360 MiB, 100 %
2026/09/30 04:16:37.489, 10481 MiB, 15360 MiB, 100 %
2026/09/30 04:16:38.491, 10481 MiB, 15360 MiB, 100 %
2026/09/30 04:16:39.495, 10481 MiB, 15360 MiB, 100 %
2026/09/30 04:16:40.500, 10481 MiB, 15360 MiB, 100 %
2026/09/30 04:16:41.502, 10481 MiB, 15360 MiB, 100 %
2026/09/30 04:16:42.504, 10481 MiB, 15360 MiB, 100 %
2026/09/30 04:16:43.506, 10481 MiB, 15360 MiB, 100 %
2026/09/30 04:16:44.509, 10481 MiB, 15360 MiB, 100 %
2026/09/30 04:16:45.513, 10481 MiB, 15360 MiB, 100 %
2026/09/30 04:16:46.517, 10481 MiB, 15360 MiB, 100 %
2026/09/30 04:16:47.522, 10481 MiB, 15360 MiB, 100 %
2026/09/30 04:16:48.528, 10481 MiB, 15360 MiB, 100 %
2026/09/30 04:16:49.535, 10481 MiB, 15360 MiB, 100 %
2026/09/30 04:16:50.537, 10481 MiB, 15360 MiB, 100 %
2026/09/30 04:16:51.540, 10481 MiB, 15360 MiB, 100 %
2026/09/30 04:16:52.542, 10481 MiB, 15360 MiB, 100 %
2026/09/30 04:16:53.545, 10481 MiB, 15360 MiB, 100 %
2026/09/30 04:16:54.547, 10481 MiB, 15360 MiB, 100 %
2026/09/30 04:16:55.550, 10481 MiB, 15360 MiB, 100 %
2026/09/30 04:16:56.552, 10481 MiB, 15360 MiB, 100 %
2026/09/30 04:16:57.554, 10481 MiB, 15360 MiB, 100 %
2026/09/30 04:16:58.557, 10481 MiB, 15360 MiB, 100 %
2026/09/30 04:16:59.559, 10481 MiB, 15360 MiB, 100 %
2026/09/30 04:17:00.567, 10481 MiB, 15360 MiB, 100 %
2026/09/30 04:17:01.572, 10481 MiB, 15360 MiB, 100 %
2026/09/30 04:17:02.578, 10481 MiB, 15360 MiB, 100 %
2026/09/30 04:17:03.583, 10481 MiB, 15360 MiB, 100 %
2026/09/30 04:17:04.587, 10481 MiB, 15360 MiB, 100 %
2026/09/30 04:17:05.589, 10481 MiB, 15360 MiB, 100 %
2026/09/30 04:17:06.591, 10481 MiB, 15360 MiB, 100 %
2026/09/30 04:17:07.593, 10481 MiB, 15360 MiB, 100 %
2026/09/30 04:17:08.597, 10481 MiB, 15360 MiB, 100 %
2026/09/30 04:17:09.600, 10481 MiB, 15360 MiB, 100 %
2026/09/30 04:17:10.602, 10481 MiB, 15360 MiB, 100 %
2026/09/30 04:17:11.604, 10481 MiB, 15360 MiB, 100 %
2026/09/30 04:17:12.606, 10481 MiB, 15360 MiB, 100 %
2026/09/30 04:17:13.610, 10481 MiB, 15360 MiB, 100 %
2026/09/30 04:17:14.613, 10481 MiB, 15360 MiB, 100 %
2026/09/30 04:17:15.620, 10481 MiB, 15360 MiB, 100 %
2026/09/30 04:17:16.628, 10481 MiB, 15360 MiB, 100 %
2026/09/30 04:17:17.635, 10481 MiB, 15360 MiB, 100 %
2026/09/30 04:17:18.638, 10481 MiB, 15360 MiB, 100 %
2026/09/30 04:17:19.641, 10481 MiB, 15360 MiB, 100 %
2026/09/30 04:17:20.643, 10481 MiB, 15360 MiB, 100 %
2026/09/30 04:17:21.645, 10481 MiB, 15360 MiB, 100 %
2026/09/30 04:17:22.648, 10481 MiB, 15360 MiB, 100 %
2026/09/30 04:17:23.650, 10481 MiB, 15360 MiB, 100 %
2026/09/30 04:17:24.652, 10481 MiB, 15360 MiB, 100 %
2026/09/30 04:17:25.655, 10481 MiB, 15360 MiB, 100 %
2026/09/30 04:17:26.657, 10481 MiB, 15360 MiB, 100 %
2026/09/30 04:17:27.661, 10481 MiB, 15360 MiB, 100 %
2026/09/30 04:17:28.665, 10481 MiB, 15360 MiB, 93 %
2026/09/30 04:17:29.669, 10481 MiB, 15360 MiB, 100 %
2026/09/30 04:17:30.672, 10481 MiB, 15360 MiB, 100 %
2026/09/30 04:17:31.679, 10481 MiB, 15360 MiB, 100 %
2026/09/30 04:17:32.681, 10481 MiB, 15360 MiB, 100 %
2026/09/30 04:17:33.683, 10481 MiB, 15360 MiB, 100 %
2026/09/30 04:17:34.685, 10481 MiB, 15360 MiB, 100 %
2026/09/30 04:17:35.687, 10481 MiB, 15360 MiB, 100 %
2026/09/30 04:17:36.690, 10481 MiB, 15360 MiB, 100 %
2026/09/30 04:17:37.692, 10481 MiB, 15360 MiB, 100 %
2026/09/30 04:17:38.695, 10481 MiB, 15360 MiB, 100 %
2026/09/30 04:17:39.697, 10481 MiB, 15360 MiB, 100 %
2026/09/30 04:17:40.700, 10481 MiB, 15360 MiB, 100 %
2026/09/30 04:17:41.703, 10481 MiB, 15360 MiB, 100 %
2026/09/30 04:17:42.706, 10481 MiB, 15360 MiB, 100 %
2026/09/30 04:17:43.712, 10481 MiB, 15360 MiB, 100 %
2026/09/30 04:17:44.718, 10481 MiB, 15360 MiB, 100 %
2026/09/30 04:17:45.721, 10481 MiB, 15360 MiB, 100 %
2026/09/30 04:17:46.723, 10481 MiB, 15360 MiB, 100 %
2026/09/30 04:17:47.726, 10481 MiB, 15360 MiB, 100 %
2026/09/30 04:17:48.729, 10481 MiB, 15360 MiB, 100 %
2026/09/30 04:17:49.731, 10481 MiB, 15360 MiB, 100 %
2026/09/30 04:17:50.734, 10481 MiB, 15360 MiB, 100 %
2026/09/30 04:17:51.736, 10481 MiB, 15360 MiB, 100 %
2026/09/30 04:17:52.738, 10481 MiB, 15360 MiB, 100 %
2026/09/30 04:17:53.743, 10481 MiB, 15360 MiB, 100 %
2026/09/30 04:17:54.746, 10481 MiB, 15360 MiB, 100 %
2026/09/30 04:17:55.753, 10481 MiB, 15360 MiB, 100 %
2026/09/30 04:17:56.759, 10481 MiB, 15360 MiB, 100 %
2026/09/30 04:17:57.766, 10481 MiB, 15360 MiB, 100 %
2026/09/30 04:17:58.773, 10481 MiB, 15360 MiB, 100 %
2026/09/30 04:17:59.775, 10481 MiB, 15360 MiB, 100 %
2026/09/30 04:18:00.778, 10481 MiB, 15360 MiB, 100 %
2026/09/30 04:18:01.781, 10481 MiB, 15360 MiB, 100 %
2026/09/30 04:18:02.783, 10481 MiB, 15360 MiB, 100 %
2026/09/30 04:18:03.786, 10481 MiB, 15360 MiB, 100 %
2026/09/30 04:18:04.788, 10481 MiB, 15360 MiB, 100 %
2026/09/30 04:18:05.791, 10481 MiB, 15360 MiB, 100 %
2026/09/30 04:18:06.795, 10481 MiB, 15360 MiB, 100 %
2026/09/30 04:18:07.797, 10481 MiB, 15360 MiB, 100 %
2026/09/30 04:18:08.801, 10481 MiB, 15360 MiB, 100 %
2026/09/30 04:18:09.806, 10481 MiB, 15360 MiB, 93 %
2026/09/30 04:18:10.811, 10481 MiB, 15360 MiB, 100 %
2026/09/30 04:18:11.813, 10481 MiB, 15360 MiB, 100 %
2026/09/30 04:18:12.819, 10481 MiB, 15360 MiB, 100 %
2026/09/30 04:18:13.823, 10481 MiB, 15360 MiB, 100 %
2026/09/30 04:18:14.826, 10481 MiB, 15360 MiB, 100 %
2026/09/30 04:18:15.829, 10481 MiB, 15360 MiB, 100 %
2026/09/30 04:18:16.831, 10481 MiB, 15360 MiB, 100 %
2026/09/30 04:18:17.834, 10481 MiB, 15360 MiB, 100 %
2026/09/30 04:18:18.837, 10481 MiB, 15360 MiB, 100 %
2026/09/30 04:18:19.840, 10481 MiB, 15360 MiB, 100 %
2026/09/30 04:18:20.846, 10481 MiB, 15360 MiB, 100 %
2026/09/30 04:18:21.848, 10481 MiB, 15360 MiB, 100 %
2026/09/30 04:18:22.851, 10481 MiB, 15360 MiB, 100 %
2026/09/30 04:18:23.862, 10481 MiB, 15360 MiB, 100 %
2026/09/30 04:18:24.870, 10481 MiB, 15360 MiB, 100 %
2026/09/30 04:18:25.875, 10481 MiB, 15360 MiB, 100 %
2026/09/30 04:18:26.877, 10481 MiB, 15360 MiB, 100 %
2026/09/30 04:18:27.880, 10481 MiB, 15360 MiB, 100 %
2026/09/30 04:18:28.882, 10481 MiB, 15360 MiB, 100 %
2026/09/30 04:18:29.884, 10481 MiB, 15360 MiB, 100 %
2026/09/30 04:18:30.887, 10481 MiB, 15360 MiB, 100 %
2026/09/30 04:18:31.890, 10481 MiB, 15360 MiB, 100 %
2026/09/30 04:18:32.892, 10481 MiB, 15360 MiB, 100 %
2026/09/30 04:18:33.894, 10481 MiB, 15360 MiB, 100 %
2026/09/30 04:18:34.896, 10481 MiB, 15360 MiB, 100 %
2026/09/30 04:18:35.899, 10481 MiB, 15360 MiB, 100 %
2026/09/30 04:18:36.902, 10481 MiB, 15360 MiB, 100 %
2026/09/30 04:18:37.912, 10481 MiB, 15360 MiB, 100 %
2026/09/30 04:18:38.917, 10481 MiB, 15360 MiB, 100 %
2026/09/30 04:18:39.922, 10481 MiB, 15360 MiB, 100 %
2026/09/30 04:18:40.926, 10481 MiB, 15360 MiB, 100 %
2026/09/30 04:18:41.928, 10481 MiB, 15360 MiB, 100 %
2026/09/30 04:18:42.930, 10481 MiB, 15360 MiB, 100 %
2026/09/30 04:18:43.934, 10481 MiB, 15360 MiB, 100 %
2026/09/30 04:18:44.939, 10481 MiB, 15360 MiB, 100 %
2026/09/30 04:18:45.942, 10481 MiB, 15360 MiB, 100 %
2026/09/30 04:18:46.944, 10481 MiB, 15360 MiB, 100 %
2026/09/30 04:18:47.946, 10481 MiB, 15360 MiB, 100 %
2026/09/30 04:18:48.949, 10481 MiB, 15360 MiB, 100 %
2026/09/30 04:18:49.951, 10481 MiB, 15360 MiB, 100 %
2026/09/30 04:18:50.953, 10481 MiB, 15360 MiB, 100 %
2026/09/30 04:18:51.957, 10481 MiB, 15360 MiB, 100 %
2026/09/30 04:18:52.960, 10481 MiB, 15360 MiB, 100 %
2026/09/30 04:18:53.963, 10481 MiB, 15360 MiB, 100 %
2026/09/30 04:18:54.966, 10481 MiB, 15360 MiB, 100 %
2026/09/30 04:18:55.969, 10481 MiB, 15360 MiB, 100 %
2026/09/30 04:18:56.971, 10481 MiB, 15360 MiB, 100 %
2026/09/30 04:18:57.973, 10481 MiB, 15360 MiB, 100 %
2026/09/30 04:18:58.977, 10481 MiB, 15360 MiB, 100 %
2026/09/30 04:18:59.981, 10481 MiB, 15360 MiB, 100 %
2026/09/30 04:19:00.984, 10481 MiB, 15360 MiB, 28 %
2026/09/30 04:19:01.986, 10481 MiB, 15360 MiB, 100 %
2026/09/30 04:19:02.990, 10481 MiB, 15360 MiB, 100 %
2026/09/30 04:19:03.992, 10481 MiB, 15360 MiB, 100 %
2026/09/30 04:19:04.995, 10481 MiB, 15360 MiB, 100 %
2026/09/30 04:19:06.001, 10481 MiB, 15360 MiB, 100 %
2026/09/30 04:19:07.007, 10481 MiB, 15360 MiB, 95 %
2026/09/30 04:19:08.010, 10481 MiB, 15360 MiB, 100 %
2026/09/30 04:19:09.014, 10481 MiB, 15360 MiB, 100 %
2026/09/30 04:19:10.016, 10481 MiB, 15360 MiB, 100 %
2026/09/30 04:19:11.018, 10481 MiB, 15360 MiB, 100 %
2026/09/30 04:19:12.020, 10481 MiB, 15360 MiB, 100 %
2026/09/30 04:19:13.022, 10481 MiB, 15360 MiB, 100 %
2026/09/30 04:19:14.025, 10481 MiB, 15360 MiB, 100 %
2026/09/30 04:19:15.027, 10481 MiB, 15360 MiB, 100 %
2026/09/30 04:19:16.029, 10481 MiB, 15360 MiB, 100 %
2026/09/30 04:19:17.032, 10481 MiB, 15360 MiB, 100 %
2026/09/30 04:19:18.035, 10481 MiB, 15360 MiB, 100 %
2026/09/30 04:19:19.038, 10481 MiB, 15360 MiB, 100 %
2026/09/30 04:19:20.045, 10481 MiB, 15360 MiB, 100 %
2026/09/30 04:19:21.048, 10481 MiB, 15360 MiB, 100 %
2026/09/30 04:19:22.056, 10481 MiB, 15360 MiB, 100 %
2026/09/30 04:19:23.062, 10481 MiB, 15360 MiB, 100 %
2026/09/30 04:19:24.065, 10481 MiB, 15360 MiB, 100 %
2026/09/30 04:19:25.067, 10481 MiB, 15360 MiB, 100 %
2026/09/30 04:19:26.071, 10481 MiB, 15360 MiB, 100 %
2026/09/30 04:19:27.073, 10481 MiB, 15360 MiB, 100 %
2026/09/30 04:19:28.075, 10481 MiB, 15360 MiB, 100 %
2026/09/30 04:19:29.079, 10481 MiB, 15360 MiB, 100 %
2026/09/30 04:19:30.082, 10481 MiB, 15360 MiB, 100 %
2026/09/30 04:19:31.084, 10481 MiB, 15360 MiB, 100 %
2026/09/30 04:19:32.087, 10481 MiB, 15360 MiB, 100 %
2026/09/30 04:19:33.090, 10481 MiB, 15360 MiB, 100 %
2026/09/30 04:19:34.093, 10481 MiB, 15360 MiB, 100 %
2026/09/30 04:19:35.098, 10481 MiB, 15360 MiB, 100 %
2026/09/30 04:19:36.101, 10481 MiB, 15360 MiB, 100 %
2026/09/30 04:19:37.103, 10481 MiB, 15360 MiB, 100 %
2026/09/30 04:19:38.106, 10481 MiB, 15360 MiB, 100 %
2026/09/30 04:19:39.109, 10481 MiB, 15360 MiB, 100 %
2026/09/30 04:19:40.111, 10481 MiB, 15360 MiB, 100 %
2026/09/30 04:19:41.114, 10481 MiB, 15360 MiB, 100 %
2026/09/30 04:19:42.116, 10481 MiB, 15360 MiB, 96 %
2026/09/30 04:19:43.119, 10481 MiB, 15360 MiB, 100 %
2026/09/30 04:19:44.122, 10481 MiB, 15360 MiB, 100 %
2026/09/30 04:19:45.124, 10481 MiB, 15360 MiB, 100 %
2026/09/30 04:19:46.126, 10481 MiB, 15360 MiB, 100 %
2026/09/30 04:19:47.130, 10481 MiB, 15360 MiB, 100 %
2026/09/30 04:19:48.136, 10481 MiB, 15360 MiB, 100 %
2026/09/30 04:19:49.141, 10481 MiB, 15360 MiB, 100 %
2026/09/30 04:19:50.148, 10481 MiB, 15360 MiB, 100 %
2026/09/30 04:19:51.151, 10481 MiB, 15360 MiB, 100 %
2026/09/30 04:19:52.153, 10481 MiB, 15360 MiB, 100 %
2026/09/30 04:19:53.155, 10481 MiB, 15360 MiB, 100 %
2026/09/30 04:19:54.158, 10481 MiB, 15360 MiB, 100 %
2026/09/30 04:19:55.161, 10481 MiB, 15360 MiB, 100 %
2026/09/30 04:19:56.163, 10481 MiB, 15360 MiB, 100 %
2026/09/30 04:19:57.165, 10481 MiB, 15360 MiB, 100 %
2026/09/30 04:19:58.168, 10481 MiB, 15360 MiB, 100 %
2026/09/30 04:19:59.171, 10481 MiB, 15360 MiB, 100 %
2026/09/30 04:20:00.173, 10481 MiB, 15360 MiB, 100 %
2026/09/30 04:20:01.178, 10481 MiB, 15360 MiB, 100 %
2026/09/30 04:20:02.187, 10481 MiB, 15360 MiB, 100 %
2026/09/30 04:20:03.193, 10481 MiB, 15360 MiB, 100 %
2026/09/30 04:20:04.196, 10481 MiB, 15360 MiB, 100 %
2026/09/30 04:20:05.202, 10481 MiB, 15360 MiB, 100 %
2026/09/30 04:20:06.205, 10481 MiB, 15360 MiB, 100 %
2026/09/30 04:20:07.207, 10481 MiB, 15360 MiB, 100 %
2026/09/30 04:20:08.210, 10481 MiB, 15360 MiB, 100 %
2026/09/30 04:20:09.212, 10481 MiB, 15360 MiB, 100 %
2026/09/30 04:20:10.214, 10481 MiB, 15360 MiB, 96 %
2026/09/30 04:20:11.217, 10483 MiB, 15360 MiB, 100 %
2026/09/30 04:20:12.219, 10483 MiB, 15360 MiB, 100 %
2026/09/30 04:20:13.222, 10483 MiB, 15360 MiB, 96 %
2026/09/30 04:20:14.224, 10483 MiB, 15360 MiB, 100 %
2026/09/30 04:20:15.227, 10483 MiB, 15360 MiB, 100 %
2026/09/30 04:20:16.234, 10483 MiB, 15360 MiB, 98 %
2026/09/30 04:20:17.237, 10483 MiB, 15360 MiB, 100 %
2026/09/30 04:20:18.244, 10483 MiB, 15360 MiB, 100 %
2026/09/30 04:20:19.246, 10483 MiB, 15360 MiB, 100 %
2026/09/30 04:20:20.249, 10483 MiB, 15360 MiB, 100 %
2026/09/30 04:20:21.253, 10483 MiB, 15360 MiB, 100 %
2026/09/30 04:20:22.256, 10483 MiB, 15360 MiB, 100 %
2026/09/30 04:20:23.262, 10483 MiB, 15360 MiB, 100 %
2026/09/30 04:20:24.265, 10483 MiB, 15360 MiB, 100 %
2026/09/30 04:20:25.267, 10483 MiB, 15360 MiB, 100 %
2026/09/30 04:20:26.270, 10483 MiB, 15360 MiB, 100 %
2026/09/30 04:20:27.272, 10483 MiB, 15360 MiB, 100 %
2026/09/30 04:20:28.274, 10483 MiB, 15360 MiB, 100 %
2026/09/30 04:20:29.278, 10483 MiB, 15360 MiB, 95 %
2026/09/30 04:20:30.285, 10483 MiB, 15360 MiB, 100 %
2026/09/30 04:20:31.293, 10483 MiB, 15360 MiB, 100 %
2026/09/30 04:20:32.302, 10483 MiB, 15360 MiB, 100 %
2026/09/30 04:20:33.304, 10483 MiB, 15360 MiB, 100 %
2026/09/30 04:20:34.306, 10483 MiB, 15360 MiB, 100 %
2026/09/30 04:20:35.308, 10483 MiB, 15360 MiB, 100 %
2026/09/30 04:20:36.311, 10483 MiB, 15360 MiB, 100 %
2026/09/30 04:20:37.313, 10483 MiB, 15360 MiB, 100 %
2026/09/30 04:20:38.315, 10483 MiB, 15360 MiB, 100 %
2026/09/30 04:20:39.318, 10483 MiB, 15360 MiB, 100 %
2026/09/30 04:20:40.320, 10483 MiB, 15360 MiB, 100 %
2026/09/30 04:20:41.322, 10483 MiB, 15360 MiB, 100 %
2026/09/30 04:20:42.326, 10483 MiB, 15360 MiB, 100 %
2026/09/30 04:20:43.329, 10483 MiB, 15360 MiB, 100 %
2026/09/30 04:20:44.336, 10483 MiB, 15360 MiB, 100 %
2026/09/30 04:20:45.344, 10483 MiB, 15360 MiB, 100 %
2026/09/30 04:20:46.355, 10483 MiB, 15360 MiB, 100 %
2026/09/30 04:20:47.360, 10483 MiB, 15360 MiB, 100 %
2026/09/30 04:20:48.363, 10483 MiB, 15360 MiB, 100 %
2026/09/30 04:20:49.365, 10483 MiB, 15360 MiB, 100 %
2026/09/30 04:20:50.367, 10483 MiB, 15360 MiB, 100 %
2026/09/30 04:20:51.370, 10483 MiB, 15360 MiB, 100 %
2026/09/30 04:20:52.373, 10483 MiB, 15360 MiB, 100 %
2026/09/30 04:20:53.375, 10483 MiB, 15360 MiB, 100 %
2026/09/30 04:20:54.377, 10483 MiB, 15360 MiB, 100 %
2026/09/30 04:20:55.380, 10483 MiB, 15360 MiB, 100 %
2026/09/30 04:20:56.382, 10483 MiB, 15360 MiB, 100 %
2026/09/30 04:20:57.385, 10483 MiB, 15360 MiB, 100 %
2026/09/30 04:20:58.390, 10483 MiB, 15360 MiB, 100 %
2026/09/30 04:20:59.395, 10483 MiB, 15360 MiB, 100 %
2026/09/30 04:21:00.404, 10483 MiB, 15360 MiB, 100 %
2026/09/30 04:21:01.410, 10483 MiB, 15360 MiB, 100 %
2026/09/30 04:21:02.414, 10483 MiB, 15360 MiB, 100 %
2026/09/30 04:21:03.416, 10483 MiB, 15360 MiB, 100 %
2026/09/30 04:21:04.419, 10483 MiB, 15360 MiB, 100 %
2026/09/30 04:21:05.421, 10483 MiB, 15360 MiB, 100 %
2026/09/30 04:21:06.424, 10483 MiB, 15360 MiB, 100 %
2026/09/30 04:21:07.426, 10483 MiB, 15360 MiB, 100 %
2026/09/30 04:21:08.428, 10483 MiB, 15360 MiB, 100 %
2026/09/30 04:21:09.431, 10483 MiB, 15360 MiB, 100 %
2026/09/30 04:21:10.433, 10483 MiB, 15360 MiB, 100 %
2026/09/30 04:21:11.437, 10483 MiB, 15360 MiB, 100 %
2026/09/30 04:21:12.443, 10483 MiB, 15360 MiB, 100 %
2026/09/30 04:21:13.447, 10483 MiB, 15360 MiB, 100 %
2026/09/30 04:21:14.450, 10483 MiB, 15360 MiB, 93 %
2026/09/30 04:21:15.452, 10483 MiB, 15360 MiB, 100 %
2026/09/30 04:21:16.457, 10483 MiB, 15360 MiB, 100 %
2026/09/30 04:21:17.460, 10483 MiB, 15360 MiB, 100 %
2026/09/30 04:21:18.462, 10483 MiB, 15360 MiB, 100 %
2026/09/30 04:21:19.464, 10483 MiB, 15360 MiB, 100 %
2026/09/30 04:21:20.467, 10483 MiB, 15360 MiB, 100 %
2026/09/30 04:21:21.469, 10483 MiB, 15360 MiB, 100 %
2026/09/30 04:21:22.472, 10483 MiB, 15360 MiB, 100 %
2026/09/30 04:21:23.475, 10483 MiB, 15360 MiB, 100 %
2026/09/30 04:21:24.477, 10483 MiB, 15360 MiB, 100 %
2026/09/30 04:21:25.480, 10483 MiB, 15360 MiB, 100 %
2026/09/30 04:21:26.484, 10483 MiB, 15360 MiB, 100 %
2026/09/30 04:21:27.487, 10483 MiB, 15360 MiB, 100 %
2026/09/30 04:21:28.489, 10483 MiB, 15360 MiB, 100 %
2026/09/30 04:21:29.496, 10483 MiB, 15360 MiB, 100 %
2026/09/30 04:21:30.498, 10483 MiB, 15360 MiB, 96 %
2026/09/30 04:21:31.500, 10483 MiB, 15360 MiB, 100 %
2026/09/30 04:21:32.503, 10483 MiB, 15360 MiB, 100 %
2026/09/30 04:21:33.506, 10483 MiB, 15360 MiB, 100 %
2026/09/30 04:21:34.508, 12823 MiB, 15360 MiB, 100 %
2026/09/30 04:21:35.510, 12823 MiB, 15360 MiB, 100 %
2026/09/30 04:21:36.513, 12823 MiB, 15360 MiB, 100 %
2026/09/30 04:21:37.515, 12823 MiB, 15360 MiB, 100 %
2026/09/30 04:21:38.518, 12823 MiB, 15360 MiB, 100 %
2026/09/30 04:21:39.525, 12823 MiB, 15360 MiB, 100 %
2026/09/30 04:21:40.529, 12823 MiB, 15360 MiB, 100 %
2026/09/30 04:21:41.533, 12823 MiB, 15360 MiB, 100 %
2026/09/30 04:21:42.542, 12823 MiB, 15360 MiB, 100 %
2026/09/30 04:21:43.549, 12823 MiB, 15360 MiB, 100 %
2026/09/30 04:21:44.551, 12823 MiB, 15360 MiB, 100 %
2026/09/30 04:21:45.553, 10493 MiB, 15360 MiB, 99 %
2026/09/30 04:21:46.555, 10493 MiB, 15360 MiB, 100 %
2026/09/30 04:21:47.558, 10493 MiB, 15360 MiB, 100 %
2026/09/30 04:21:48.560, 10493 MiB, 15360 MiB, 100 %
2026/09/30 04:21:49.565, 10493 MiB, 15360 MiB, 100 %
2026/09/30 04:21:50.567, 10493 MiB, 15360 MiB, 100 %
2026/09/30 04:21:51.570, 10493 MiB, 15360 MiB, 100 %
2026/09/30 04:21:52.573, 10493 MiB, 15360 MiB, 100 %
2026/09/30 04:21:53.577, 10493 MiB, 15360 MiB, 100 %
2026/09/30 04:21:54.581, 10493 MiB, 15360 MiB, 100 %
2026/09/30 04:21:55.584, 10493 MiB, 15360 MiB, 100 %
2026/09/30 04:21:56.586, 10493 MiB, 15360 MiB, 100 %
2026/09/30 04:21:57.591, 10493 MiB, 15360 MiB, 100 %
2026/09/30 04:21:58.593, 10493 MiB, 15360 MiB, 100 %
2026/09/30 04:21:59.595, 10499 MiB, 15360 MiB, 100 %
2026/09/30 04:22:00.597, 10499 MiB, 15360 MiB, 100 %
2026/09/30 04:22:01.601, 10499 MiB, 15360 MiB, 100 %
2026/09/30 04:22:02.606, 10499 MiB, 15360 MiB, 100 %
2026/09/30 04:22:03.608, 10499 MiB, 15360 MiB, 100 %
2026/09/30 04:22:04.611, 10499 MiB, 15360 MiB, 100 %
2026/09/30 04:22:05.614, 10499 MiB, 15360 MiB, 100 %
2026/09/30 04:22:06.616, 10499 MiB, 15360 MiB, 100 %
2026/09/30 04:22:07.619, 10499 MiB, 15360 MiB, 100 %
2026/09/30 04:22:08.623, 10499 MiB, 15360 MiB, 100 %
2026/09/30 04:22:09.633, 10499 MiB, 15360 MiB, 100 %
2026/09/30 04:22:10.642, 10499 MiB, 15360 MiB, 100 %
2026/09/30 04:22:11.650, 10499 MiB, 15360 MiB, 100 %
2026/09/30 04:22:12.652, 10499 MiB, 15360 MiB, 98 %
2026/09/30 04:22:13.654, 10499 MiB, 15360 MiB, 100 %
2026/09/30 04:22:14.657, 10499 MiB, 15360 MiB, 100 %
2026/09/30 04:22:15.660, 10499 MiB, 15360 MiB, 100 %
2026/09/30 04:22:16.662, 10499 MiB, 15360 MiB, 100 %
2026/09/30 04:22:17.665, 10499 MiB, 15360 MiB, 100 %
2026/09/30 04:22:18.667, 10499 MiB, 15360 MiB, 100 %
2026/09/30 04:22:19.670, 10499 MiB, 15360 MiB, 100 %
2026/09/30 04:22:20.672, 10499 MiB, 15360 MiB, 100 %
2026/09/30 04:22:21.676, 10499 MiB, 15360 MiB, 100 %
2026/09/30 04:22:22.680, 10499 MiB, 15360 MiB, 100 %
2026/09/30 04:22:23.688, 10499 MiB, 15360 MiB, 100 %
2026/09/30 04:22:24.693, 10499 MiB, 15360 MiB, 100 %
2026/09/30 04:22:25.699, 10499 MiB, 15360 MiB, 100 %
2026/09/30 04:22:26.705, 10499 MiB, 15360 MiB, 100 %
2026/09/30 04:22:27.707, 10499 MiB, 15360 MiB, 100 %
2026/09/30 04:22:28.709, 10499 MiB, 15360 MiB, 100 %
2026/09/30 04:22:29.711, 10499 MiB, 15360 MiB, 100 %
2026/09/30 04:22:30.713, 10499 MiB, 15360 MiB, 100 %
2026/09/30 04:22:31.716, 10499 MiB, 15360 MiB, 100 %
2026/09/30 04:22:32.719, 10499 MiB, 15360 MiB, 100 %
2026/09/30 04:22:33.722, 10499 MiB, 15360 MiB, 100 %
2026/09/30 04:22:34.724, 10499 MiB, 15360 MiB, 100 %
2026/09/30 04:22:35.727, 10499 MiB, 15360 MiB, 100 %
2026/09/30 04:22:36.733, 10499 MiB, 15360 MiB, 100 %
2026/09/30 04:22:37.739, 10499 MiB, 15360 MiB, 100 %
2026/09/30 04:22:38.742, 10499 MiB, 15360 MiB, 100 %
2026/09/30 04:22:39.746, 10499 MiB, 15360 MiB, 100 %
2026/09/30 04:22:40.749, 10499 MiB, 15360 MiB, 100 %
2026/09/30 04:22:41.751, 10499 MiB, 15360 MiB, 100 %
2026/09/30 04:22:42.755, 10499 MiB, 15360 MiB, 100 %
2026/09/30 04:22:43.758, 10499 MiB, 15360 MiB, 100 %
2026/09/30 04:22:44.760, 10499 MiB, 15360 MiB, 100 %
2026/09/30 04:22:45.763, 10499 MiB, 15360 MiB, 100 %
2026/09/30 04:22:46.766, 10499 MiB, 15360 MiB, 100 %
2026/09/30 04:22:47.769, 10499 MiB, 15360 MiB, 100 %
2026/09/30 04:22:48.772, 10499 MiB, 15360 MiB, 100 %
2026/09/30 04:22:49.775, 10499 MiB, 15360 MiB, 100 %
2026/09/30 04:22:50.779, 10499 MiB, 15360 MiB, 100 %
2026/09/30 04:22:51.787, 10499 MiB, 15360 MiB, 100 %
2026/09/30 04:22:52.794, 10499 MiB, 15360 MiB, 100 %
2026/09/30 04:22:53.800, 10499 MiB, 15360 MiB, 100 %
2026/09/30 04:22:54.803, 10499 MiB, 15360 MiB, 98 %
2026/09/30 04:22:55.805, 10499 MiB, 15360 MiB, 100 %
2026/09/30 04:22:56.808, 10499 MiB, 15360 MiB, 100 %
2026/09/30 04:22:57.810, 10499 MiB, 15360 MiB, 100 %
2026/09/30 04:22:58.813, 10499 MiB, 15360 MiB, 100 %
2026/09/30 04:22:59.816, 10499 MiB, 15360 MiB, 100 %
2026/09/30 04:23:00.818, 10499 MiB, 15360 MiB, 100 %
2026/09/30 04:23:01.823, 10499 MiB, 15360 MiB, 100 %
2026/09/30 04:23:02.825, 10499 MiB, 15360 MiB, 100 %
2026/09/30 04:23:03.829, 10499 MiB, 15360 MiB, 100 %
2026/09/30 04:23:04.833, 10499 MiB, 15360 MiB, 100 %
2026/09/30 04:23:05.836, 10499 MiB, 15360 MiB, 100 %
2026/09/30 04:23:06.840, 10499 MiB, 15360 MiB, 100 %
2026/09/30 04:23:07.842, 10499 MiB, 15360 MiB, 100 %
2026/09/30 04:23:08.845, 10499 MiB, 15360 MiB, 100 %
2026/09/30 04:23:09.848, 10499 MiB, 15360 MiB, 100 %
2026/09/30 04:23:10.850, 10499 MiB, 15360 MiB, 100 %
2026/09/30 04:23:11.853, 10499 MiB, 15360 MiB, 100 %
2026/09/30 04:23:12.856, 10499 MiB, 15360 MiB, 100 %
2026/09/30 04:23:13.859, 10499 MiB, 15360 MiB, 100 %
2026/09/30 04:23:14.862, 10499 MiB, 15360 MiB, 100 %
2026/09/30 04:23:15.865, 10499 MiB, 15360 MiB, 100 %
2026/09/30 04:23:16.868, 10499 MiB, 15360 MiB, 100 %
2026/09/30 04:23:17.871, 10499 MiB, 15360 MiB, 100 %
2026/09/30 04:23:18.880, 10499 MiB, 15360 MiB, 100 %
2026/09/30 04:23:19.885, 10499 MiB, 15360 MiB, 97 %
2026/09/30 04:23:20.890, 10499 MiB, 15360 MiB, 100 %
2026/09/30 04:23:21.893, 10499 MiB, 15360 MiB, 100 %
2026/09/30 04:23:22.895, 10499 MiB, 15360 MiB, 100 %
2026/09/30 04:23:23.897, 10499 MiB, 15360 MiB, 100 %
2026/09/30 04:23:24.899, 10499 MiB, 15360 MiB, 100 %
2026/09/30 04:23:25.902, 10499 MiB, 15360 MiB, 100 %
2026/09/30 04:23:26.904, 10499 MiB, 15360 MiB, 99 %
2026/09/30 04:23:27.906, 10499 MiB, 15360 MiB, 100 %
2026/09/30 04:23:28.909, 10499 MiB, 15360 MiB, 100 %
2026/09/30 04:23:29.911, 10499 MiB, 15360 MiB, 100 %
2026/09/30 04:23:30.914, 10499 MiB, 15360 MiB, 100 %
2026/09/30 04:23:31.925, 10499 MiB, 15360 MiB, 100 %
2026/09/30 04:23:32.929, 10499 MiB, 15360 MiB, 100 %
2026/09/30 04:23:33.939, 10499 MiB, 15360 MiB, 100 %
2026/09/30 04:23:34.945, 10499 MiB, 15360 MiB, 100 %
2026/09/30 04:23:35.949, 10499 MiB, 15360 MiB, 100 %
2026/09/30 04:23:36.952, 10499 MiB, 15360 MiB, 100 %
2026/09/30 04:23:37.956, 10499 MiB, 15360 MiB, 100 %
2026/09/30 04:23:38.958, 10499 MiB, 15360 MiB, 100 %
2026/09/30 04:23:39.961, 10499 MiB, 15360 MiB, 100 %
2026/09/30 04:23:40.965, 10499 MiB, 15360 MiB, 100 %
2026/09/30 04:23:41.967, 10499 MiB, 15360 MiB, 100 %
2026/09/30 04:23:42.970, 10499 MiB, 15360 MiB, 100 %
2026/09/30 04:23:43.973, 10499 MiB, 15360 MiB, 100 %
2026/09/30 04:23:44.979, 10499 MiB, 15360 MiB, 100 %
2026/09/30 04:23:45.982, 10499 MiB, 15360 MiB, 100 %
2026/09/30 04:23:46.988, 10499 MiB, 15360 MiB, 100 %
2026/09/30 04:23:47.994, 10499 MiB, 15360 MiB, 100 %
2026/09/30 04:23:49.001, 10499 MiB, 15360 MiB, 100 %
2026/09/30 04:23:50.010, 10499 MiB, 15360 MiB, 100 %
2026/09/30 04:23:51.017, 10499 MiB, 15360 MiB, 100 %
2026/09/30 04:23:52.022, 10499 MiB, 15360 MiB, 100 %
2026/09/30 04:23:53.026, 10499 MiB, 15360 MiB, 98 %
2026/09/30 04:23:54.028, 10499 MiB, 15360 MiB, 100 %
2026/09/30 04:23:55.030, 10499 MiB, 15360 MiB, 100 %
2026/09/30 04:23:56.034, 10499 MiB, 15360 MiB, 100 %
2026/09/30 04:23:57.036, 10499 MiB, 15360 MiB, 100 %
2026/09/30 04:23:58.038, 10499 MiB, 15360 MiB, 100 %
2026/09/30 04:23:59.043, 10499 MiB, 15360 MiB, 100 %
2026/09/30 04:24:00.049, 10499 MiB, 15360 MiB, 100 %
2026/09/30 04:24:01.054, 10499 MiB, 15360 MiB, 100 %
2026/09/30 04:24:02.064, 10499 MiB, 15360 MiB, 100 %
2026/09/30 04:24:03.068, 10499 MiB, 15360 MiB, 100 %
2026/09/30 04:24:04.073, 10499 MiB, 15360 MiB, 100 %
2026/09/30 04:24:05.075, 10499 MiB, 15360 MiB, 100 %
2026/09/30 04:24:06.078, 10499 MiB, 15360 MiB, 100 %
2026/09/30 04:24:07.081, 10499 MiB, 15360 MiB, 100 %
2026/09/30 04:24:08.083, 10499 MiB, 15360 MiB, 100 %
2026/09/30 04:24:09.087, 10499 MiB, 15360 MiB, 100 %
2026/09/30 04:24:10.092, 10499 MiB, 15360 MiB, 100 %
2026/09/30 04:24:11.098, 10499 MiB, 15360 MiB, 100 %
2026/09/30 04:24:12.101, 10499 MiB, 15360 MiB, 100 %
2026/09/30 04:24:13.104, 10499 MiB, 15360 MiB, 100 %
2026/09/30 04:24:14.111, 10499 MiB, 15360 MiB, 100 %
2026/09/30 04:24:15.119, 10499 MiB, 15360 MiB, 100 %
2026/09/30 04:24:16.127, 10499 MiB, 15360 MiB, 100 %
2026/09/30 04:24:17.131, 10499 MiB, 15360 MiB, 100 %
2026/09/30 04:24:18.133, 10499 MiB, 15360 MiB, 100 %
2026/09/30 04:24:19.136, 10499 MiB, 15360 MiB, 100 %
2026/09/30 04:24:20.138, 10499 MiB, 15360 MiB, 100 %
2026/09/30 04:24:21.140, 10499 MiB, 15360 MiB, 100 %
2026/09/30 04:24:22.143, 10499 MiB, 15360 MiB, 100 %
2026/09/30 04:24:23.145, 10499 MiB, 15360 MiB, 100 %
2026/09/30 04:24:24.148, 10499 MiB, 15360 MiB, 100 %
2026/09/30 04:24:25.150, 10499 MiB, 15360 MiB, 100 %
2026/09/30 04:24:26.152, 10499 MiB, 15360 MiB, 100 %
2026/09/30 04:24:27.155, 10499 MiB, 15360 MiB, 100 %
2026/09/30 04:24:28.163, 10499 MiB, 15360 MiB, 100 %
2026/09/30 04:24:29.171, 10499 MiB, 15360 MiB, 100 %
2026/09/30 04:24:30.175, 10499 MiB, 15360 MiB, 100 %
2026/09/30 04:24:31.180, 10499 MiB, 15360 MiB, 100 %
2026/09/30 04:24:32.183, 10499 MiB, 15360 MiB, 100 %
2026/09/30 04:24:33.185, 10499 MiB, 15360 MiB, 100 %
2026/09/30 04:24:34.187, 10499 MiB, 15360 MiB, 100 %
2026/09/30 04:24:35.190, 10499 MiB, 15360 MiB, 100 %
2026/09/30 04:24:36.192, 10499 MiB, 15360 MiB, 100 %
2026/09/30 04:24:37.197, 10499 MiB, 15360 MiB, 100 %
2026/09/30 04:24:38.200, 10499 MiB, 15360 MiB, 100 %
2026/09/30 04:24:39.202, 10499 MiB, 15360 MiB, 100 %
2026/09/30 04:24:40.206, 10499 MiB, 15360 MiB, 100 %
2026/09/30 04:24:41.209, 10499 MiB, 15360 MiB, 100 %
2026/09/30 04:24:42.217, 10499 MiB, 15360 MiB, 100 %
2026/09/30 04:24:43.221, 10499 MiB, 15360 MiB, 100 %
2026/09/30 04:24:44.231, 10499 MiB, 15360 MiB, 100 %
2026/09/30 04:24:45.233, 10499 MiB, 15360 MiB, 100 %
2026/09/30 04:24:46.235, 10499 MiB, 15360 MiB, 100 %
2026/09/30 04:24:47.238, 10499 MiB, 15360 MiB, 100 %
2026/09/30 04:24:48.240, 10499 MiB, 15360 MiB, 100 %
2026/09/30 04:24:49.243, 10499 MiB, 15360 MiB, 100 %
2026/09/30 04:24:50.245, 10499 MiB, 15360 MiB, 100 %
2026/09/30 04:24:51.247, 10499 MiB, 15360 MiB, 100 %
2026/09/30 04:24:52.249, 10499 MiB, 15360 MiB, 100 %
2026/09/30 04:24:53.254, 10499 MiB, 15360 MiB, 100 %
2026/09/30 04:24:54.256, 10499 MiB, 15360 MiB, 100 %
2026/09/30 04:24:55.259, 10499 MiB, 15360 MiB, 100 %
2026/09/30 04:24:56.263, 10499 MiB, 15360 MiB, 100 %
2026/09/30 04:24:57.267, 10499 MiB, 15360 MiB, 100 %
2026/09/30 04:24:58.273, 10499 MiB, 15360 MiB, 100 %
2026/09/30 04:24:59.278, 10499 MiB, 15360 MiB, 100 %
2026/09/30 04:25:00.280, 10499 MiB, 15360 MiB, 100 %
2026/09/30 04:25:01.282, 10499 MiB, 15360 MiB, 100 %
2026/09/30 04:25:02.284, 10499 MiB, 15360 MiB, 100 %
2026/09/30 04:25:03.287, 10499 MiB, 15360 MiB, 100 %
2026/09/30 04:25:04.290, 10499 MiB, 15360 MiB, 100 %
2026/09/30 04:25:05.292, 10499 MiB, 15360 MiB, 100 %
2026/09/30 04:25:06.295, 10499 MiB, 15360 MiB, 100 %
2026/09/30 04:25:07.297, 10499 MiB, 15360 MiB, 100 %
2026/09/30 04:25:08.300, 10499 MiB, 15360 MiB, 100 %
2026/09/30 04:25:09.304, 10499 MiB, 15360 MiB, 100 %
2026/09/30 04:25:10.317, 10499 MiB, 15360 MiB, 100 %
2026/09/30 04:25:11.326, 10499 MiB, 15360 MiB, 100 %
2026/09/30 04:25:12.330, 10499 MiB, 15360 MiB, 100 %
2026/09/30 04:25:13.332, 10499 MiB, 15360 MiB, 100 %
2026/09/30 04:25:14.335, 10499 MiB, 15360 MiB, 100 %
2026/09/30 04:25:15.337, 10499 MiB, 15360 MiB, 100 %
2026/09/30 04:25:16.339, 10499 MiB, 15360 MiB, 100 %
2026/09/30 04:25:17.342, 10499 MiB, 15360 MiB, 100 %
2026/09/30 04:25:18.344, 10499 MiB, 15360 MiB, 100 %
2026/09/30 04:25:19.348, 10499 MiB, 15360 MiB, 100 %
2026/09/30 04:25:20.351, 10499 MiB, 15360 MiB, 100 %
2026/09/30 04:25:21.355, 10499 MiB, 15360 MiB, 100 %
2026/09/30 04:25:22.357, 10499 MiB, 15360 MiB, 100 %
2026/09/30 04:25:23.360, 10499 MiB, 15360 MiB, 100 %
2026/09/30 04:25:24.364, 10499 MiB, 15360 MiB, 100 %
2026/09/30 04:25:25.368, 10499 MiB, 15360 MiB, 100 %
2026/09/30 04:25:26.376, 10499 MiB, 15360 MiB, 100 %
2026/09/30 04:25:27.380, 10499 MiB, 15360 MiB, 100 %
2026/09/30 04:25:28.383, 10499 MiB, 15360 MiB, 100 %
2026/09/30 04:25:29.385, 10499 MiB, 15360 MiB, 100 %
2026/09/30 04:25:30.388, 10499 MiB, 15360 MiB, 100 %
2026/09/30 04:25:31.391, 10499 MiB, 15360 MiB, 100 %
2026/09/30 04:25:32.394, 10499 MiB, 15360 MiB, 100 %
2026/09/30 04:25:33.396, 10499 MiB, 15360 MiB, 100 %
2026/09/30 04:25:34.399, 10499 MiB, 15360 MiB, 100 %
2026/09/30 04:25:35.401, 10499 MiB, 15360 MiB, 100 %
2026/09/30 04:25:36.404, 10499 MiB, 15360 MiB, 100 %
2026/09/30 04:25:37.409, 10499 MiB, 15360 MiB, 100 %
2026/09/30 04:25:38.414, 10499 MiB, 15360 MiB, 100 %
2026/09/30 04:25:39.417, 10499 MiB, 15360 MiB, 100 %
2026/09/30 04:25:40.420, 10499 MiB, 15360 MiB, 100 %
2026/09/30 04:25:41.427, 10499 MiB, 15360 MiB, 100 %
2026/09/30 04:25:42.429, 10499 MiB, 15360 MiB, 100 %
2026/09/30 04:25:43.431, 10499 MiB, 15360 MiB, 100 %
2026/09/30 04:25:44.434, 10499 MiB, 15360 MiB, 100 %
2026/09/30 04:25:45.436, 10499 MiB, 15360 MiB, 100 %
2026/09/30 04:25:46.438, 10499 MiB, 15360 MiB, 100 %
2026/09/30 04:25:47.441, 10499 MiB, 15360 MiB, 100 %
2026/09/30 04:25:48.444, 10499 MiB, 15360 MiB, 100 %
2026/09/30 04:25:49.448, 10499 MiB, 15360 MiB, 100 %
2026/09/30 04:25:50.452, 10499 MiB, 15360 MiB, 100 %
2026/09/30 04:25:51.455, 10499 MiB, 15360 MiB, 100 %
2026/09/30 04:25:52.462, 10499 MiB, 15360 MiB, 98 %
2026/09/30 04:25:53.465, 10499 MiB, 15360 MiB, 100 %
2026/09/30 04:25:54.468, 10499 MiB, 15360 MiB, 100 %
2026/09/30 04:25:55.475, 10499 MiB, 15360 MiB, 100 %
2026/09/30 04:25:56.479, 10499 MiB, 15360 MiB, 100 %
2026/09/30 04:25:57.481, 10499 MiB, 15360 MiB, 100 %
2026/09/30 04:25:58.484, 10499 MiB, 15360 MiB, 100 %
2026/09/30 04:25:59.487, 10499 MiB, 15360 MiB, 100 %
2026/09/30 04:26:00.489, 10499 MiB, 15360 MiB, 100 %
2026/09/30 04:26:01.492, 10499 MiB, 15360 MiB, 100 %
2026/09/30 04:26:02.495, 10499 MiB, 15360 MiB, 100 %
2026/09/30 04:26:03.497, 10499 MiB, 15360 MiB, 100 %
2026/09/30 04:26:04.500, 10499 MiB, 15360 MiB, 100 %
2026/09/30 04:26:05.505, 10499 MiB, 15360 MiB, 100 %
2026/09/30 04:26:06.511, 10499 MiB, 15360 MiB, 100 %
2026/09/30 04:26:07.517, 10499 MiB, 15360 MiB, 100 %
2026/09/30 04:26:08.526, 10499 MiB, 15360 MiB, 100 %
2026/09/30 04:26:09.533, 10499 MiB, 15360 MiB, 100 %
2026/09/30 04:26:10.536, 10499 MiB, 15360 MiB, 100 %
2026/09/30 04:26:11.539, 10499 MiB, 15360 MiB, 100 %
2026/09/30 04:26:12.542, 10499 MiB, 15360 MiB, 100 %
2026/09/30 04:26:13.549, 10499 MiB, 15360 MiB, 100 %
2026/09/30 04:26:14.556, 10499 MiB, 15360 MiB, 100 %
2026/09/30 04:26:15.559, 10499 MiB, 15360 MiB, 100 %
2026/09/30 04:26:16.561, 10499 MiB, 15360 MiB, 100 %
2026/09/30 04:26:17.563, 10499 MiB, 15360 MiB, 100 %
2026/09/30 04:26:18.566, 10499 MiB, 15360 MiB, 100 %
2026/09/30 04:26:19.569, 10499 MiB, 15360 MiB, 100 %
2026/09/30 04:26:20.576, 10499 MiB, 15360 MiB, 100 %
2026/09/30 04:26:21.584, 10499 MiB, 15360 MiB, 100 %
2026/09/30 04:26:22.588, 10499 MiB, 15360 MiB, 100 %
2026/09/30 04:26:23.590, 10499 MiB, 15360 MiB, 100 %
2026/09/30 04:26:24.593, 10499 MiB, 15360 MiB, 100 %
2026/09/30 04:26:25.595, 10499 MiB, 15360 MiB, 100 %
2026/09/30 04:26:26.598, 10499 MiB, 15360 MiB, 100 %
2026/09/30 04:26:27.600, 10499 MiB, 15360 MiB, 100 %
2026/09/30 04:26:28.602, 10499 MiB, 15360 MiB, 100 %
2026/09/30 04:26:29.604, 10499 MiB, 15360 MiB, 100 %
2026/09/30 04:26:30.607, 10499 MiB, 15360 MiB, 100 %
2026/09/30 04:26:31.609, 12865 MiB, 15360 MiB, 100 %
2026/09/30 04:26:32.613, 12865 MiB, 15360 MiB, 100 %
2026/09/30 04:26:33.617, 12865 MiB, 15360 MiB, 100 %
2026/09/30 04:26:34.620, 12865 MiB, 15360 MiB, 100 %
2026/09/30 04:26:35.626, 12865 MiB, 15360 MiB, 100 %
2026/09/30 04:26:36.629, 12865 MiB, 15360 MiB, 100 %
2026/09/30 04:26:37.635, 12865 MiB, 15360 MiB, 100 %
2026/09/30 04:26:38.638, 12865 MiB, 15360 MiB, 100 %
2026/09/30 04:26:39.640, 12865 MiB, 15360 MiB, 100 %
2026/09/30 04:26:40.643, 12865 MiB, 15360 MiB, 100 %
2026/09/30 04:26:41.646, 12865 MiB, 15360 MiB, 100 %
2026/09/30 04:26:42.648, 8203 MiB, 15360 MiB, 99 %
2026/09/30 04:26:43.687, 10569 MiB, 15360 MiB, 100 %
2026/09/30 04:26:44.689, 10569 MiB, 15360 MiB, 100 %
2026/09/30 04:26:45.692, 10569 MiB, 15360 MiB, 100 %
2026/09/30 04:26:46.695, 10569 MiB, 15360 MiB, 100 %
2026/09/30 04:26:47.699, 10569 MiB, 15360 MiB, 100 %
2026/09/30 04:26:48.702, 10569 MiB, 15360 MiB, 100 %
2026/09/30 04:26:49.706, 10569 MiB, 15360 MiB, 100 %
2026/09/30 04:26:50.709, 10569 MiB, 15360 MiB, 100 %
2026/09/30 04:26:51.712, 10569 MiB, 15360 MiB, 100 %
2026/09/30 04:26:52.714, 10569 MiB, 15360 MiB, 100 %
2026/09/30 04:26:53.716, 10571 MiB, 15360 MiB, 100 %
2026/09/30 04:26:54.719, 10571 MiB, 15360 MiB, 100 %
2026/09/30 04:26:55.723, 10571 MiB, 15360 MiB, 100 %
2026/09/30 04:26:56.725, 10571 MiB, 15360 MiB, 100 %
2026/09/30 04:26:57.728, 10573 MiB, 15360 MiB, 100 %
2026/09/30 04:26:58.730, 10575 MiB, 15360 MiB, 100 %
2026/09/30 04:26:59.732, 10575 MiB, 15360 MiB, 100 %
2026/09/30 04:27:00.735, 10575 MiB, 15360 MiB, 100 %
2026/09/30 04:27:01.738, 10575 MiB, 15360 MiB, 100 %
2026/09/30 04:27:02.746, 10575 MiB, 15360 MiB, 100 %
2026/09/30 04:27:03.749, 10575 MiB, 15360 MiB, 100 %
2026/09/30 04:27:04.757, 10575 MiB, 15360 MiB, 100 %
2026/09/30 04:27:05.760, 10575 MiB, 15360 MiB, 100 %
2026/09/30 04:27:06.762, 10575 MiB, 15360 MiB, 100 %
2026/09/30 04:27:07.764, 10575 MiB, 15360 MiB, 100 %
2026/09/30 04:27:08.766, 10575 MiB, 15360 MiB, 100 %
2026/09/30 04:27:09.768, 10575 MiB, 15360 MiB, 100 %
2026/09/30 04:27:10.771, 10575 MiB, 15360 MiB, 100 %
2026/09/30 04:27:11.773, 10575 MiB, 15360 MiB, 100 %
2026/09/30 04:27:12.776, 10575 MiB, 15360 MiB, 100 %
2026/09/30 04:27:13.778, 10575 MiB, 15360 MiB, 100 %
2026/09/30 04:27:14.780, 10575 MiB, 15360 MiB, 100 %
2026/09/30 04:27:15.784, 10575 MiB, 15360 MiB, 100 %
2026/09/30 04:27:16.788, 10575 MiB, 15360 MiB, 100 %
2026/09/30 04:27:17.791, 10575 MiB, 15360 MiB, 100 %
2026/09/30 04:27:18.801, 10575 MiB, 15360 MiB, 100 %
2026/09/30 04:27:19.805, 10575 MiB, 15360 MiB, 100 %
2026/09/30 04:27:20.808, 10575 MiB, 15360 MiB, 100 %
2026/09/30 04:27:21.811, 10575 MiB, 15360 MiB, 100 %
2026/09/30 04:27:22.814, 10575 MiB, 15360 MiB, 100 %
2026/09/30 04:27:23.817, 10575 MiB, 15360 MiB, 100 %
2026/09/30 04:27:24.819, 10575 MiB, 15360 MiB, 100 %
2026/09/30 04:27:25.823, 10575 MiB, 15360 MiB, 100 %
2026/09/30 04:27:26.826, 10575 MiB, 15360 MiB, 100 %
2026/09/30 04:27:27.833, 10575 MiB, 15360 MiB, 100 %
2026/09/30 04:27:28.835, 10575 MiB, 15360 MiB, 100 %
2026/09/30 04:27:29.839, 10575 MiB, 15360 MiB, 100 %
2026/09/30 04:27:30.844, 10575 MiB, 15360 MiB, 100 %
2026/09/30 04:27:31.852, 10575 MiB, 15360 MiB, 100 %
2026/09/30 04:27:32.855, 10575 MiB, 15360 MiB, 100 %
2026/09/30 04:27:33.863, 10575 MiB, 15360 MiB, 100 %
2026/09/30 04:27:34.866, 10575 MiB, 15360 MiB, 100 %
2026/09/30 04:27:35.868, 10575 MiB, 15360 MiB, 100 %
2026/09/30 04:27:36.870, 10575 MiB, 15360 MiB, 100 %
2026/09/30 04:27:37.872, 10575 MiB, 15360 MiB, 100 %
2026/09/30 04:27:38.875, 10575 MiB, 15360 MiB, 100 %
2026/09/30 04:27:39.877, 10575 MiB, 15360 MiB, 100 %
2026/09/30 04:27:40.880, 10575 MiB, 15360 MiB, 100 %
2026/09/30 04:27:41.882, 10575 MiB, 15360 MiB, 100 %
2026/09/30 04:27:42.885, 10575 MiB, 15360 MiB, 100 %
2026/09/30 04:27:43.889, 10575 MiB, 15360 MiB, 100 %
2026/09/30 04:27:44.892, 10575 MiB, 15360 MiB, 100 %
2026/09/30 04:27:45.900, 10575 MiB, 15360 MiB, 100 %
2026/09/30 04:27:46.902, 10575 MiB, 15360 MiB, 100 %
2026/09/30 04:27:47.907, 10575 MiB, 15360 MiB, 100 %
2026/09/30 04:27:48.910, 10575 MiB, 15360 MiB, 96 %
2026/09/30 04:27:49.913, 10575 MiB, 15360 MiB, 100 %
2026/09/30 04:27:50.915, 10575 MiB, 15360 MiB, 100 %
2026/09/30 04:27:51.919, 10575 MiB, 15360 MiB, 100 %
2026/09/30 04:27:52.923, 10575 MiB, 15360 MiB, 100 %
2026/09/30 04:27:53.929, 10575 MiB, 15360 MiB, 100 %
2026/09/30 04:27:54.931, 10575 MiB, 15360 MiB, 100 %
2026/09/30 04:27:55.934, 10575 MiB, 15360 MiB, 100 %
2026/09/30 04:27:56.936, 10575 MiB, 15360 MiB, 100 %
2026/09/30 04:27:57.940, 10575 MiB, 15360 MiB, 100 %
2026/09/30 04:27:58.943, 10575 MiB, 15360 MiB, 100 %
2026/09/30 04:27:59.951, 10575 MiB, 15360 MiB, 100 %
2026/09/30 04:28:00.958, 10575 MiB, 15360 MiB, 100 %
2026/09/30 04:28:01.969, 10575 MiB, 15360 MiB, 100 %
2026/09/30 04:28:02.974, 10575 MiB, 15360 MiB, 100 %
2026/09/30 04:28:03.977, 10575 MiB, 15360 MiB, 100 %
2026/09/30 04:28:04.980, 10575 MiB, 15360 MiB, 100 %
2026/09/30 04:28:05.983, 10575 MiB, 15360 MiB, 100 %
2026/09/30 04:28:06.986, 10575 MiB, 15360 MiB, 100 %
2026/09/30 04:28:07.988, 10575 MiB, 15360 MiB, 100 %
2026/09/30 04:28:08.991, 10575 MiB, 15360 MiB, 100 %
2026/09/30 04:28:09.994, 10575 MiB, 15360 MiB, 100 %
2026/09/30 04:28:10.997, 10575 MiB, 15360 MiB, 100 %
2026/09/30 04:28:12.001, 10575 MiB, 15360 MiB, 100 %
2026/09/30 04:28:13.003, 10575 MiB, 15360 MiB, 100 %
2026/09/30 04:28:14.009, 10575 MiB, 15360 MiB, 100 %
2026/09/30 04:28:15.014, 10575 MiB, 15360 MiB, 100 %
2026/09/30 04:28:16.019, 10575 MiB, 15360 MiB, 100 %
2026/09/30 04:28:17.023, 10577 MiB, 15360 MiB, 100 %
2026/09/30 04:28:18.027, 10577 MiB, 15360 MiB, 100 %
2026/09/30 04:28:19.030, 10577 MiB, 15360 MiB, 100 %
2026/09/30 04:28:20.032, 10577 MiB, 15360 MiB, 100 %
2026/09/30 04:28:21.035, 10577 MiB, 15360 MiB, 100 %
2026/09/30 04:28:22.038, 10577 MiB, 15360 MiB, 100 %
2026/09/30 04:28:23.040, 10577 MiB, 15360 MiB, 100 %
2026/09/30 04:28:24.042, 10577 MiB, 15360 MiB, 100 %
2026/09/30 04:28:25.046, 10577 MiB, 15360 MiB, 100 %
2026/09/30 04:28:26.049, 10577 MiB, 15360 MiB, 100 %
2026/09/30 04:28:27.057, 10577 MiB, 15360 MiB, 100 %
2026/09/30 04:28:28.064, 10577 MiB, 15360 MiB, 100 %
2026/09/30 04:28:29.071, 10577 MiB, 15360 MiB, 100 %
2026/09/30 04:28:30.076, 10577 MiB, 15360 MiB, 100 %
2026/09/30 04:28:31.078, 10577 MiB, 15360 MiB, 100 %
2026/09/30 04:28:32.081, 10577 MiB, 15360 MiB, 100 %
2026/09/30 04:28:33.084, 10577 MiB, 15360 MiB, 100 %
2026/09/30 04:28:34.086, 10577 MiB, 15360 MiB, 100 %
2026/09/30 04:28:35.089, 10577 MiB, 15360 MiB, 100 %
2026/09/30 04:28:36.091, 10577 MiB, 15360 MiB, 95 %
2026/09/30 04:28:37.094, 10577 MiB, 15360 MiB, 100 %
2026/09/30 04:28:38.096, 10577 MiB, 15360 MiB, 100 %
2026/09/30 04:28:39.098, 10577 MiB, 15360 MiB, 100 %
2026/09/30 04:28:40.102, 10577 MiB, 15360 MiB, 100 %
2026/09/30 04:28:41.111, 10577 MiB, 15360 MiB, 100 %
2026/09/30 04:28:42.116, 10577 MiB, 15360 MiB, 100 %
2026/09/30 04:28:43.124, 10577 MiB, 15360 MiB, 100 %
2026/09/30 04:28:44.129, 10577 MiB, 15360 MiB, 100 %
2026/09/30 04:28:45.131, 10577 MiB, 15360 MiB, 100 %
2026/09/30 04:28:46.133, 10577 MiB, 15360 MiB, 100 %
2026/09/30 04:28:47.136, 10577 MiB, 15360 MiB, 100 %
2026/09/30 04:28:48.139, 10577 MiB, 15360 MiB, 100 %
2026/09/30 04:28:49.141, 10577 MiB, 15360 MiB, 99 %
2026/09/30 04:28:50.143, 10577 MiB, 15360 MiB, 100 %
2026/09/30 04:28:51.146, 10577 MiB, 15360 MiB, 100 %
2026/09/30 04:28:52.148, 10577 MiB, 15360 MiB, 100 %
2026/09/30 04:28:53.153, 10577 MiB, 15360 MiB, 100 %
2026/09/30 04:28:54.157, 10577 MiB, 15360 MiB, 100 %
2026/09/30 04:28:55.166, 10577 MiB, 15360 MiB, 100 %
2026/09/30 04:28:56.174, 10577 MiB, 15360 MiB, 100 %
2026/09/30 04:28:57.181, 10577 MiB, 15360 MiB, 100 %
2026/09/30 04:28:58.188, 10577 MiB, 15360 MiB, 100 %
2026/09/30 04:28:59.191, 10577 MiB, 15360 MiB, 100 %
2026/09/30 04:29:00.193, 10577 MiB, 15360 MiB, 100 %
2026/09/30 04:29:01.197, 10577 MiB, 15360 MiB, 96 %
2026/09/30 04:29:02.199, 10577 MiB, 15360 MiB, 100 %
2026/09/30 04:29:03.201, 10577 MiB, 15360 MiB, 100 %
2026/09/30 04:29:04.204, 10577 MiB, 15360 MiB, 100 %
2026/09/30 04:29:05.207, 10577 MiB, 15360 MiB, 100 %
2026/09/30 04:29:06.209, 10577 MiB, 15360 MiB, 100 %
2026/09/30 04:29:07.212, 10577 MiB, 15360 MiB, 100 %
2026/09/30 04:29:08.214, 10577 MiB, 15360 MiB, 100 %
2026/09/30 04:29:09.219, 10577 MiB, 15360 MiB, 100 %
2026/09/30 04:29:10.225, 10577 MiB, 15360 MiB, 100 %
2026/09/30 04:29:11.229, 10577 MiB, 15360 MiB, 100 %
2026/09/30 04:29:12.238, 10577 MiB, 15360 MiB, 100 %
2026/09/30 04:29:13.242, 10577 MiB, 15360 MiB, 100 %
2026/09/30 04:29:14.246, 10577 MiB, 15360 MiB, 100 %
2026/09/30 04:29:15.248, 10577 MiB, 15360 MiB, 100 %
2026/09/30 04:29:16.250, 10577 MiB, 15360 MiB, 100 %
2026/09/30 04:29:17.253, 10577 MiB, 15360 MiB, 100 %
2026/09/30 04:29:18.255, 10577 MiB, 15360 MiB, 100 %
2026/09/30 04:29:19.258, 10577 MiB, 15360 MiB, 100 %
2026/09/30 04:29:20.260, 10577 MiB, 15360 MiB, 100 %
2026/09/30 04:29:21.263, 10577 MiB, 15360 MiB, 100 %
2026/09/30 04:29:22.266, 10577 MiB, 15360 MiB, 100 %
2026/09/30 04:29:23.276, 10577 MiB, 15360 MiB, 100 %
2026/09/30 04:29:24.279, 10577 MiB, 15360 MiB, 100 %
2026/09/30 04:29:25.285, 10577 MiB, 15360 MiB, 100 %
2026/09/30 04:29:26.288, 10577 MiB, 15360 MiB, 100 %
2026/09/30 04:29:27.290, 10577 MiB, 15360 MiB, 100 %
2026/09/30 04:29:28.294, 10577 MiB, 15360 MiB, 100 %
2026/09/30 04:29:29.296, 10577 MiB, 15360 MiB, 100 %
2026/09/30 04:29:30.298, 10577 MiB, 15360 MiB, 100 %
2026/09/30 04:29:31.301, 10577 MiB, 15360 MiB, 100 %
2026/09/30 04:29:32.303, 10577 MiB, 15360 MiB, 100 %
2026/09/30 04:29:33.306, 10577 MiB, 15360 MiB, 100 %
2026/09/30 04:29:34.313, 10577 MiB, 15360 MiB, 100 %
2026/09/30 04:29:35.315, 10577 MiB, 15360 MiB, 100 %
2026/09/30 04:29:36.318, 10577 MiB, 15360 MiB, 100 %
2026/09/30 04:29:37.324, 10577 MiB, 15360 MiB, 100 %
2026/09/30 04:29:38.328, 10577 MiB, 15360 MiB, 100 %
2026/09/30 04:29:39.331, 10577 MiB, 15360 MiB, 100 %
2026/09/30 04:29:40.338, 10577 MiB, 15360 MiB, 100 %
2026/09/30 04:29:41.341, 10577 MiB, 15360 MiB, 100 %
2026/09/30 04:29:42.343, 10577 MiB, 15360 MiB, 100 %
2026/09/30 04:29:43.346, 10577 MiB, 15360 MiB, 100 %
2026/09/30 04:29:44.348, 10577 MiB, 15360 MiB, 100 %
2026/09/30 04:29:45.350, 10577 MiB, 15360 MiB, 100 %
2026/09/30 04:29:46.353, 10577 MiB, 15360 MiB, 100 %
2026/09/30 04:29:47.355, 10577 MiB, 15360 MiB, 100 %
2026/09/30 04:29:48.360, 10577 MiB, 15360 MiB, 100 %
2026/09/30 04:29:49.362, 10577 MiB, 15360 MiB, 100 %
2026/09/30 04:29:50.367, 10577 MiB, 15360 MiB, 100 %
2026/09/30 04:29:51.369, 10577 MiB, 15360 MiB, 100 %
2026/09/30 04:29:52.376, 10577 MiB, 15360 MiB, 100 %
2026/09/30 04:29:53.389, 10577 MiB, 15360 MiB, 100 %
2026/09/30 04:29:54.397, 10577 MiB, 15360 MiB, 100 %
2026/09/30 04:29:55.400, 10577 MiB, 15360 MiB, 100 %
2026/09/30 04:29:56.403, 10577 MiB, 15360 MiB, 100 %
2026/09/30 04:29:57.406, 10577 MiB, 15360 MiB, 100 %
2026/09/30 04:29:58.408, 10577 MiB, 15360 MiB, 100 %
2026/09/30 04:29:59.410, 10577 MiB, 15360 MiB, 100 %
2026/09/30 04:30:00.414, 10577 MiB, 15360 MiB, 100 %
2026/09/30 04:30:01.420, 10577 MiB, 15360 MiB, 100 %
2026/09/30 04:30:02.422, 10577 MiB, 15360 MiB, 100 %
2026/09/30 04:30:03.425, 10577 MiB, 15360 MiB, 100 %
2026/09/30 04:30:04.429, 10577 MiB, 15360 MiB, 100 %
2026/09/30 04:30:05.437, 10577 MiB, 15360 MiB, 100 %
2026/09/30 04:30:06.441, 10577 MiB, 15360 MiB, 100 %
2026/09/30 04:30:07.448, 10577 MiB, 15360 MiB, 100 %
2026/09/30 04:30:08.450, 10577 MiB, 15360 MiB, 100 %
2026/09/30 04:30:09.452, 10577 MiB, 15360 MiB, 100 %
2026/09/30 04:30:10.455, 10577 MiB, 15360 MiB, 100 %
2026/09/30 04:30:11.458, 10577 MiB, 15360 MiB, 100 %
2026/09/30 04:30:12.460, 10577 MiB, 15360 MiB, 100 %
2026/09/30 04:30:13.463, 10577 MiB, 15360 MiB, 100 %
2026/09/30 04:30:14.466, 10577 MiB, 15360 MiB, 100 %
2026/09/30 04:30:15.468, 10577 MiB, 15360 MiB, 100 %
2026/09/30 04:30:16.470, 10577 MiB, 15360 MiB, 100 %
2026/09/30 04:30:17.474, 10577 MiB, 15360 MiB, 96 %
2026/09/30 04:30:18.483, 10577 MiB, 15360 MiB, 100 %
2026/09/30 04:30:19.491, 10577 MiB, 15360 MiB, 100 %
2026/09/30 04:30:20.495, 10577 MiB, 15360 MiB, 100 %
2026/09/30 04:30:21.498, 10577 MiB, 15360 MiB, 100 %
2026/09/30 04:30:22.500, 10577 MiB, 15360 MiB, 100 %
2026/09/30 04:30:23.503, 10577 MiB, 15360 MiB, 100 %
2026/09/30 04:30:24.507, 10577 MiB, 15360 MiB, 100 %
2026/09/30 04:30:25.512, 10577 MiB, 15360 MiB, 100 %
2026/09/30 04:30:26.514, 10577 MiB, 15360 MiB, 100 %
2026/09/30 04:30:27.516, 10577 MiB, 15360 MiB, 100 %
2026/09/30 04:30:28.519, 10577 MiB, 15360 MiB, 100 %
2026/09/30 04:30:29.523, 10577 MiB, 15360 MiB, 100 %
2026/09/30 04:30:30.526, 10577 MiB, 15360 MiB, 100 %
2026/09/30 04:30:31.529, 10577 MiB, 15360 MiB, 100 %
2026/09/30 04:30:32.537, 10577 MiB, 15360 MiB, 100 %
2026/09/30 04:30:33.544, 10577 MiB, 15360 MiB, 100 %
2026/09/30 04:30:34.547, 10577 MiB, 15360 MiB, 100 %
2026/09/30 04:30:35.552, 10577 MiB, 15360 MiB, 100 %
2026/09/30 04:30:36.554, 10577 MiB, 15360 MiB, 100 %
2026/09/30 04:30:37.557, 10577 MiB, 15360 MiB, 100 %
2026/09/30 04:30:38.560, 10577 MiB, 15360 MiB, 100 %
2026/09/30 04:30:39.563, 10577 MiB, 15360 MiB, 100 %
2026/09/30 04:30:40.566, 10577 MiB, 15360 MiB, 100 %
2026/09/30 04:30:41.570, 10577 MiB, 15360 MiB, 100 %
2026/09/30 04:30:42.572, 10577 MiB, 15360 MiB, 100 %
2026/09/30 04:30:43.575, 10577 MiB, 15360 MiB, 100 %
2026/09/30 04:30:44.577, 10577 MiB, 15360 MiB, 100 %
2026/09/30 04:30:45.581, 10577 MiB, 15360 MiB, 100 %
2026/09/30 04:30:46.586, 10577 MiB, 15360 MiB, 100 %
2026/09/30 04:30:47.598, 10577 MiB, 15360 MiB, 100 %
2026/09/30 04:30:48.606, 10577 MiB, 15360 MiB, 98 %
2026/09/30 04:30:49.613, 10577 MiB, 15360 MiB, 100 %
2026/09/30 04:30:50.616, 10577 MiB, 15360 MiB, 100 %
2026/09/30 04:30:51.618, 10577 MiB, 15360 MiB, 100 %
2026/09/30 04:30:52.621, 10577 MiB, 15360 MiB, 100 %
2026/09/30 04:30:53.623, 10577 MiB, 15360 MiB, 100 %
2026/09/30 04:30:54.626, 10577 MiB, 15360 MiB, 100 %
2026/09/30 04:30:55.628, 10577 MiB, 15360 MiB, 100 %
2026/09/30 04:30:56.630, 10577 MiB, 15360 MiB, 100 %
2026/09/30 04:30:57.633, 10577 MiB, 15360 MiB, 100 %
2026/09/30 04:30:58.635, 10577 MiB, 15360 MiB, 100 %
2026/09/30 04:30:59.639, 10577 MiB, 15360 MiB, 100 %
2026/09/30 04:31:00.649, 10577 MiB, 15360 MiB, 100 %
2026/09/30 04:31:01.656, 10577 MiB, 15360 MiB, 100 %
2026/09/30 04:31:02.664, 10577 MiB, 15360 MiB, 100 %
2026/09/30 04:31:03.671, 10577 MiB, 15360 MiB, 100 %
2026/09/30 04:31:04.673, 10577 MiB, 15360 MiB, 100 %
2026/09/30 04:31:05.675, 10577 MiB, 15360 MiB, 100 %
2026/09/30 04:31:06.678, 10577 MiB, 15360 MiB, 100 %
2026/09/30 04:31:07.680, 10577 MiB, 15360 MiB, 100 %
2026/09/30 04:31:08.683, 10577 MiB, 15360 MiB, 100 %
2026/09/30 04:31:09.685, 10577 MiB, 15360 MiB, 100 %
2026/09/30 04:31:10.688, 10577 MiB, 15360 MiB, 100 %
2026/09/30 04:31:11.690, 10577 MiB, 15360 MiB, 100 %
2026/09/30 04:31:12.693, 10577 MiB, 15360 MiB, 100 %
2026/09/30 04:31:13.696, 10577 MiB, 15360 MiB, 100 %
2026/09/30 04:31:14.705, 10577 MiB, 15360 MiB, 100 %
2026/09/30 04:31:15.711, 10577 MiB, 15360 MiB, 100 %
2026/09/30 04:31:16.719, 10577 MiB, 15360 MiB, 100 %
2026/09/30 04:31:17.726, 10577 MiB, 15360 MiB, 100 %
2026/09/30 04:31:18.728, 10577 MiB, 15360 MiB, 100 %
2026/09/30 04:31:19.731, 10577 MiB, 15360 MiB, 100 %
2026/09/30 04:31:20.734, 10577 MiB, 15360 MiB, 100 %
2026/09/30 04:31:21.736, 10577 MiB, 15360 MiB, 100 %
2026/09/30 04:31:22.739, 10577 MiB, 15360 MiB, 100 %
2026/09/30 04:31:23.742, 10577 MiB, 15360 MiB, 100 %
2026/09/30 04:31:24.744, 10577 MiB, 15360 MiB, 100 %
2026/09/30 04:31:25.747, 10577 MiB, 15360 MiB, 100 %
2026/09/30 04:31:26.749, 10577 MiB, 15360 MiB, 100 %
2026/09/30 04:31:27.752, 10577 MiB, 15360 MiB, 100 %
2026/09/30 04:31:28.759, 10577 MiB, 15360 MiB, 100 %
2026/09/30 04:31:29.763, 10577 MiB, 15360 MiB, 100 %
2026/09/30 04:31:30.768, 10577 MiB, 15360 MiB, 100 %
2026/09/30 04:31:31.778, 10577 MiB, 15360 MiB, 100 %
2026/09/30 04:31:32.780, 10577 MiB, 15360 MiB, 100 %
2026/09/30 04:31:33.783, 10577 MiB, 15360 MiB, 100 %
2026/09/30 04:31:34.785, 10577 MiB, 15360 MiB, 100 %
2026/09/30 04:31:35.789, 10577 MiB, 15360 MiB, 100 %
2026/09/30 04:31:36.793, 10577 MiB, 15360 MiB, 100 %
2026/09/30 04:31:37.795, 10577 MiB, 15360 MiB, 100 %
2026/09/30 04:31:38.798, 10577 MiB, 15360 MiB, 100 %
2026/09/30 04:31:39.801, 10577 MiB, 15360 MiB, 100 %
2026/09/30 04:31:40.803, 10577 MiB, 15360 MiB, 100 %
2026/09/30 04:31:41.808, 10577 MiB, 15360 MiB, 100 %
2026/09/30 04:31:42.817, 10577 MiB, 15360 MiB, 100 %
2026/09/30 04:31:43.821, 10577 MiB, 15360 MiB, 94 %
2026/09/30 04:31:44.829, 10577 MiB, 15360 MiB, 100 %
2026/09/30 04:31:45.835, 10577 MiB, 15360 MiB, 100 %
2026/09/30 04:31:46.837, 10577 MiB, 15360 MiB, 100 %
2026/09/30 04:31:47.840, 10577 MiB, 15360 MiB, 100 %
2026/09/30 04:31:48.842, 10577 MiB, 15360 MiB, 100 %
2026/09/30 04:31:49.845, 10577 MiB, 15360 MiB, 100 %
2026/09/30 04:31:50.849, 10577 MiB, 15360 MiB, 100 %
2026/09/30 04:31:51.853, 10577 MiB, 15360 MiB, 100 %
2026/09/30 04:31:52.856, 10577 MiB, 15360 MiB, 100 %
2026/09/30 04:31:53.858, 10577 MiB, 15360 MiB, 100 %
2026/09/30 04:31:54.860, 10577 MiB, 15360 MiB, 100 %
2026/09/30 04:31:55.864, 10577 MiB, 15360 MiB, 100 %
2026/09/30 04:31:56.870, 10577 MiB, 15360 MiB, 100 %
2026/09/30 04:31:57.873, 10577 MiB, 15360 MiB, 100 %
2026/09/30 04:31:58.878, 10577 MiB, 15360 MiB, 100 %
2026/09/30 04:31:59.881, 10577 MiB, 15360 MiB, 100 %
2026/09/30 04:32:00.883, 10577 MiB, 15360 MiB, 100 %
2026/09/30 04:32:01.885, 10577 MiB, 15360 MiB, 100 %
2026/09/30 04:32:02.888, 10577 MiB, 15360 MiB, 100 %
2026/09/30 04:32:03.890, 10577 MiB, 15360 MiB, 100 %
2026/09/30 04:32:04.892, 10577 MiB, 15360 MiB, 100 %
2026/09/30 04:32:05.895, 10577 MiB, 15360 MiB, 100 %
2026/09/30 04:32:06.898, 10577 MiB, 15360 MiB, 100 %
2026/09/30 04:32:07.900, 10577 MiB, 15360 MiB, 100 %
2026/09/30 04:32:08.902, 10577 MiB, 15360 MiB, 99 %
2026/09/30 04:32:09.906, 10577 MiB, 15360 MiB, 100 %
2026/09/30 04:32:10.909, 10577 MiB, 15360 MiB, 100 %
2026/09/30 04:32:11.921, 10577 MiB, 15360 MiB, 100 %
2026/09/30 04:32:12.928, 10577 MiB, 15360 MiB, 100 %
2026/09/30 04:32:13.936, 10577 MiB, 15360 MiB, 100 %
2026/09/30 04:32:14.938, 10577 MiB, 15360 MiB, 100 %
2026/09/30 04:32:15.940, 10577 MiB, 15360 MiB, 100 %
2026/09/30 04:32:16.943, 10577 MiB, 15360 MiB, 100 %
2026/09/30 04:32:17.945, 10577 MiB, 15360 MiB, 100 %
2026/09/30 04:32:18.947, 10577 MiB, 15360 MiB, 100 %
2026/09/30 04:32:19.952, 10577 MiB, 15360 MiB, 100 %
2026/09/30 04:32:20.954, 10577 MiB, 15360 MiB, 100 %
2026/09/30 04:32:21.956, 10577 MiB, 15360 MiB, 100 %
2026/09/30 04:32:22.959, 10577 MiB, 15360 MiB, 100 %
2026/09/30 04:32:23.962, 10577 MiB, 15360 MiB, 100 %
2026/09/30 04:32:24.967, 10577 MiB, 15360 MiB, 100 %
2026/09/30 04:32:25.970, 10577 MiB, 15360 MiB, 100 %
2026/09/30 04:32:26.976, 10577 MiB, 15360 MiB, 100 %
2026/09/30 04:32:27.979, 10577 MiB, 15360 MiB, 100 %
2026/09/30 04:32:28.981, 10577 MiB, 15360 MiB, 100 %
2026/09/30 04:32:29.984, 10577 MiB, 15360 MiB, 100 %
2026/09/30 04:32:30.987, 10577 MiB, 15360 MiB, 100 %
2026/09/30 04:32:31.991, 10577 MiB, 15360 MiB, 100 %
2026/09/30 04:32:32.994, 10577 MiB, 15360 MiB, 100 %
2026/09/30 04:32:33.996, 10577 MiB, 15360 MiB, 100 %
2026/09/30 04:32:34.999, 10577 MiB, 15360 MiB, 100 %
2026/09/30 04:32:36.005, 10577 MiB, 15360 MiB, 100 %
2026/09/30 04:32:37.008, 10577 MiB, 15360 MiB, 100 %
2026/09/30 04:32:38.016, 10577 MiB, 15360 MiB, 100 %
2026/09/30 04:32:39.026, 10577 MiB, 15360 MiB, 100 %
2026/09/30 04:32:40.031, 10577 MiB, 15360 MiB, 100 %
2026/09/30 04:32:41.038, 10577 MiB, 15360 MiB, 100 %
2026/09/30 04:32:42.042, 10577 MiB, 15360 MiB, 100 %
2026/09/30 04:32:43.044, 10577 MiB, 15360 MiB, 100 %
2026/09/30 04:32:44.047, 10577 MiB, 15360 MiB, 100 %
2026/09/30 04:32:45.051, 10577 MiB, 15360 MiB, 100 %
2026/09/30 04:32:46.053, 10577 MiB, 15360 MiB, 100 %
2026/09/30 04:32:47.056, 10577 MiB, 15360 MiB, 100 %
2026/09/30 04:32:48.059, 10577 MiB, 15360 MiB, 100 %
2026/09/30 04:32:49.061, 10577 MiB, 15360 MiB, 100 %
2026/09/30 04:32:50.064, 10577 MiB, 15360 MiB, 100 %
2026/09/30 04:32:51.067, 10577 MiB, 15360 MiB, 100 %
2026/09/30 04:32:52.074, 10577 MiB, 15360 MiB, 100 %
2026/09/30 04:32:53.079, 10577 MiB, 15360 MiB, 100 %
2026/09/30 04:32:54.083, 10577 MiB, 15360 MiB, 100 %
2026/09/30 04:32:55.087, 10577 MiB, 15360 MiB, 100 %
2026/09/30 04:32:56.090, 10577 MiB, 15360 MiB, 100 %
2026/09/30 04:32:57.094, 10577 MiB, 15360 MiB, 100 %
2026/09/30 04:32:58.096, 10577 MiB, 15360 MiB, 100 %
2026/09/30 04:32:59.099, 10577 MiB, 15360 MiB, 100 %
2026/09/30 04:33:00.102, 10577 MiB, 15360 MiB, 100 %
2026/09/30 04:33:01.104, 10577 MiB, 15360 MiB, 100 %
2026/09/30 04:33:02.108, 10577 MiB, 15360 MiB, 100 %
2026/09/30 04:33:03.112, 10577 MiB, 15360 MiB, 98 %
2026/09/30 04:33:04.115, 10577 MiB, 15360 MiB, 100 %
2026/09/30 04:33:05.118, 10577 MiB, 15360 MiB, 100 %
2026/09/30 04:33:06.125, 10577 MiB, 15360 MiB, 100 %
2026/09/30 04:33:07.138, 10577 MiB, 15360 MiB, 100 %
2026/09/30 04:33:08.140, 10577 MiB, 15360 MiB, 100 %
2026/09/30 04:33:09.143, 10577 MiB, 15360 MiB, 100 %
2026/09/30 04:33:10.146, 10577 MiB, 15360 MiB, 100 %
2026/09/30 04:33:11.148, 10577 MiB, 15360 MiB, 100 %
2026/09/30 04:33:12.151, 10577 MiB, 15360 MiB, 100 %
2026/09/30 04:33:13.153, 10577 MiB, 15360 MiB, 100 %
2026/09/30 04:33:14.156, 10577 MiB, 15360 MiB, 100 %
2026/09/30 04:33:15.158, 10577 MiB, 15360 MiB, 100 %
2026/09/30 04:33:16.161, 10577 MiB, 15360 MiB, 100 %
2026/09/30 04:33:17.163, 10577 MiB, 15360 MiB, 100 %
2026/09/30 04:33:18.165, 10577 MiB, 15360 MiB, 100 %
2026/09/30 04:33:19.170, 10577 MiB, 15360 MiB, 100 %
2026/09/30 04:33:20.176, 10577 MiB, 15360 MiB, 100 %
2026/09/30 04:33:21.183, 10577 MiB, 15360 MiB, 100 %
2026/09/30 04:33:22.185, 10577 MiB, 15360 MiB, 100 %
2026/09/30 04:33:23.190, 10577 MiB, 15360 MiB, 100 %
2026/09/30 04:33:24.192, 10577 MiB, 15360 MiB, 100 %
2026/09/30 04:33:25.194, 10577 MiB, 15360 MiB, 100 %
2026/09/30 04:33:26.198, 10577 MiB, 15360 MiB, 100 %
2026/09/30 04:33:27.200, 10577 MiB, 15360 MiB, 100 %
2026/09/30 04:33:28.203, 10577 MiB, 15360 MiB, 100 %
2026/09/30 04:33:29.210, 10577 MiB, 15360 MiB, 100 %
2026/09/30 04:33:30.212, 10577 MiB, 15360 MiB, 100 %
2026/09/30 04:33:31.215, 10577 MiB, 15360 MiB, 100 %
2026/09/30 04:33:32.217, 10577 MiB, 15360 MiB, 100 %
2026/09/30 04:33:33.221, 10577 MiB, 15360 MiB, 100 %
2026/09/30 04:33:34.229, 10577 MiB, 15360 MiB, 100 %
2026/09/30 04:33:35.232, 10577 MiB, 15360 MiB, 100 %
2026/09/30 04:33:36.236, 10577 MiB, 15360 MiB, 100 %
2026/09/30 04:33:37.240, 10577 MiB, 15360 MiB, 100 %
2026/09/30 04:33:38.242, 10577 MiB, 15360 MiB, 100 %
2026/09/30 04:33:39.245, 10577 MiB, 15360 MiB, 100 %
2026/09/30 04:33:40.247, 10577 MiB, 15360 MiB, 100 %
2026/09/30 04:33:41.249, 10577 MiB, 15360 MiB, 100 %
2026/09/30 04:33:42.252, 10577 MiB, 15360 MiB, 100 %
2026/09/30 04:33:43.255, 10577 MiB, 15360 MiB, 100 %
2026/09/30 04:33:44.257, 10577 MiB, 15360 MiB, 100 %
2026/09/30 04:33:45.260, 10577 MiB, 15360 MiB, 100 %
2026/09/30 04:33:46.262, 10577 MiB, 15360 MiB, 100 %
2026/09/30 04:33:47.268, 10577 MiB, 15360 MiB, 91 %
2026/09/30 04:33:48.277, 10577 MiB, 15360 MiB, 100 %
2026/09/30 04:33:49.280, 10577 MiB, 15360 MiB, 100 %
2026/09/30 04:33:50.286, 10577 MiB, 15360 MiB, 100 %
2026/09/30 04:33:51.290, 10577 MiB, 15360 MiB, 100 %
2026/09/30 04:33:52.292, 10577 MiB, 15360 MiB, 100 %
2026/09/30 04:33:53.294, 10577 MiB, 15360 MiB, 98 %
2026/09/30 04:33:54.297, 10577 MiB, 15360 MiB, 100 %
2026/09/30 04:33:55.299, 10577 MiB, 15360 MiB, 100 %
2026/09/30 04:33:56.303, 10577 MiB, 15360 MiB, 100 %
2026/09/30 04:33:57.305, 10577 MiB, 15360 MiB, 100 %
2026/09/30 04:33:58.307, 10577 MiB, 15360 MiB, 100 %
2026/09/30 04:33:59.310, 10577 MiB, 15360 MiB, 100 %
2026/09/30 04:34:00.313, 10577 MiB, 15360 MiB, 100 %
2026/09/30 04:34:01.316, 10577 MiB, 15360 MiB, 100 %
2026/09/30 04:34:02.323, 10577 MiB, 15360 MiB, 100 %
2026/09/30 04:34:03.331, 10577 MiB, 15360 MiB, 100 %
2026/09/30 04:34:04.337, 10577 MiB, 15360 MiB, 100 %
2026/09/30 04:34:05.343, 10577 MiB, 15360 MiB, 100 %
2026/09/30 04:34:06.346, 10577 MiB, 15360 MiB, 100 %
2026/09/30 04:34:07.348, 10577 MiB, 15360 MiB, 100 %
2026/09/30 04:34:08.351, 10577 MiB, 15360 MiB, 100 %
2026/09/30 04:34:09.353, 10577 MiB, 15360 MiB, 100 %
2026/09/30 04:34:10.357, 10577 MiB, 15360 MiB, 100 %
2026/09/30 04:34:11.359, 10577 MiB, 15360 MiB, 100 %
2026/09/30 04:34:12.362, 10577 MiB, 15360 MiB, 100 %
2026/09/30 04:34:13.364, 10577 MiB, 15360 MiB, 100 %
2026/09/30 04:34:14.367, 10577 MiB, 15360 MiB, 100 %
2026/09/30 04:34:15.371, 10577 MiB, 15360 MiB, 100 %
2026/09/30 04:34:16.378, 10577 MiB, 15360 MiB, 100 %
2026/09/30 04:34:17.384, 10577 MiB, 15360 MiB, 100 %
2026/09/30 04:34:18.391, 10577 MiB, 15360 MiB, 100 %
2026/09/30 04:34:19.399, 10577 MiB, 15360 MiB, 100 %
2026/09/30 04:34:20.403, 10577 MiB, 15360 MiB, 100 %
2026/09/30 04:34:21.405, 10577 MiB, 15360 MiB, 100 %
2026/09/30 04:34:22.408, 10577 MiB, 15360 MiB, 100 %
2026/09/30 04:34:23.410, 10577 MiB, 15360 MiB, 100 %
2026/09/30 04:34:24.413, 10577 MiB, 15360 MiB, 100 %
2026/09/30 04:34:25.416, 10577 MiB, 15360 MiB, 100 %
2026/09/30 04:34:26.418, 10577 MiB, 15360 MiB, 100 %
2026/09/30 04:34:27.421, 10577 MiB, 15360 MiB, 100 %
2026/09/30 04:34:28.423, 10577 MiB, 15360 MiB, 100 %
2026/09/30 04:34:29.426, 10577 MiB, 15360 MiB, 100 %
2026/09/30 04:34:30.433, 10577 MiB, 15360 MiB, 100 %
2026/09/30 04:34:31.441, 10577 MiB, 15360 MiB, 100 %
2026/09/30 04:34:32.446, 10577 MiB, 15360 MiB, 100 %
2026/09/30 04:34:33.451, 10577 MiB, 15360 MiB, 100 %
2026/09/30 04:34:34.453, 10577 MiB, 15360 MiB, 100 %
2026/09/30 04:34:35.456, 10577 MiB, 15360 MiB, 100 %
2026/09/30 04:34:36.459, 10577 MiB, 15360 MiB, 100 %
2026/09/30 04:34:37.461, 10577 MiB, 15360 MiB, 100 %
2026/09/30 04:34:38.463, 10577 MiB, 15360 MiB, 100 %
2026/09/30 04:34:39.465, 10577 MiB, 15360 MiB, 100 %
2026/09/30 04:34:40.468, 10577 MiB, 15360 MiB, 100 %
2026/09/30 04:34:41.470, 10577 MiB, 15360 MiB, 100 %
2026/09/30 04:34:42.472, 10577 MiB, 15360 MiB, 100 %
2026/09/30 04:34:43.476, 10577 MiB, 15360 MiB, 100 %
2026/09/30 04:34:44.481, 10577 MiB, 15360 MiB, 100 %
2026/09/30 04:34:45.485, 10577 MiB, 15360 MiB, 100 %
2026/09/30 04:34:46.489, 10577 MiB, 15360 MiB, 100 %
2026/09/30 04:34:47.491, 10577 MiB, 15360 MiB, 100 %
2026/09/30 04:34:48.494, 10577 MiB, 15360 MiB, 100 %
2026/09/30 04:34:49.498, 10577 MiB, 15360 MiB, 100 %
2026/09/30 04:34:50.501, 10577 MiB, 15360 MiB, 100 %
2026/09/30 04:34:51.503, 10577 MiB, 15360 MiB, 100 %
2026/09/30 04:34:52.506, 10577 MiB, 15360 MiB, 100 %
2026/09/30 04:34:53.508, 10577 MiB, 15360 MiB, 100 %
2026/09/30 04:34:54.511, 10577 MiB, 15360 MiB, 100 %
2026/09/30 04:34:55.513, 10577 MiB, 15360 MiB, 100 %
2026/09/30 04:34:56.515, 10577 MiB, 15360 MiB, 100 %
2026/09/30 04:34:57.521, 10577 MiB, 15360 MiB, 100 %
2026/09/30 04:34:58.526, 10577 MiB, 15360 MiB, 100 %
2026/09/30 04:34:59.532, 10577 MiB, 15360 MiB, 100 %
2026/09/30 04:35:00.538, 10577 MiB, 15360 MiB, 100 %
2026/09/30 04:35:01.541, 10577 MiB, 15360 MiB, 100 %
2026/09/30 04:35:02.544, 10577 MiB, 15360 MiB, 100 %
2026/09/30 04:35:03.546, 10577 MiB, 15360 MiB, 100 %
2026/09/30 04:35:04.549, 10577 MiB, 15360 MiB, 100 %
2026/09/30 04:35:05.551, 10577 MiB, 15360 MiB, 100 %
2026/09/30 04:35:06.554, 10577 MiB, 15360 MiB, 100 %
2026/09/30 04:35:07.556, 10577 MiB, 15360 MiB, 100 %
2026/09/30 04:35:08.561, 10577 MiB, 15360 MiB, 100 %
2026/09/30 04:35:09.569, 10577 MiB, 15360 MiB, 100 %
2026/09/30 04:35:10.572, 10577 MiB, 15360 MiB, 100 %
2026/09/30 04:35:11.579, 10577 MiB, 15360 MiB, 100 %
2026/09/30 04:35:12.586, 10577 MiB, 15360 MiB, 100 %
2026/09/30 04:35:13.593, 10577 MiB, 15360 MiB, 100 %
2026/09/30 04:35:14.596, 10577 MiB, 15360 MiB, 100 %
2026/09/30 04:35:15.599, 10577 MiB, 15360 MiB, 100 %
2026/09/30 04:35:16.601, 10577 MiB, 15360 MiB, 100 %
2026/09/30 04:35:17.604, 10577 MiB, 15360 MiB, 100 %
2026/09/30 04:35:18.607, 10577 MiB, 15360 MiB, 100 %
2026/09/30 04:35:19.609, 10577 MiB, 15360 MiB, 100 %
2026/09/30 04:35:20.614, 10577 MiB, 15360 MiB, 100 %
2026/09/30 04:35:21.617, 10577 MiB, 15360 MiB, 100 %
2026/09/30 04:35:22.619, 10577 MiB, 15360 MiB, 100 %
2026/09/30 04:35:23.621, 10577 MiB, 15360 MiB, 100 %
2026/09/30 04:35:24.626, 10577 MiB, 15360 MiB, 100 %
2026/09/30 04:35:25.630, 10577 MiB, 15360 MiB, 100 %
2026/09/30 04:35:26.633, 10577 MiB, 15360 MiB, 100 %
2026/09/30 04:35:27.638, 10577 MiB, 15360 MiB, 100 %
2026/09/30 04:35:28.640, 10577 MiB, 15360 MiB, 100 %
2026/09/30 04:35:29.643, 10577 MiB, 15360 MiB, 100 %
2026/09/30 04:35:30.645, 10577 MiB, 15360 MiB, 100 %
2026/09/30 04:35:31.647, 10577 MiB, 15360 MiB, 100 %
2026/09/30 04:35:32.650, 10577 MiB, 15360 MiB, 100 %
2026/09/30 04:35:33.653, 10577 MiB, 15360 MiB, 100 %
2026/09/30 04:35:34.655, 10579 MiB, 15360 MiB, 100 %
2026/09/30 04:35:35.663, 10579 MiB, 15360 MiB, 100 %
2026/09/30 04:35:36.666, 10579 MiB, 15360 MiB, 100 %
2026/09/30 04:35:37.669, 10579 MiB, 15360 MiB, 100 %
2026/09/30 04:35:38.674, 10579 MiB, 15360 MiB, 100 %
2026/09/30 04:35:39.681, 10579 MiB, 15360 MiB, 100 %
2026/09/30 04:35:40.691, 10579 MiB, 15360 MiB, 100 %
2026/09/30 04:35:41.694, 10579 MiB, 15360 MiB, 100 %
2026/09/30 04:35:42.697, 10579 MiB, 15360 MiB, 100 %
2026/09/30 04:35:43.700, 10579 MiB, 15360 MiB, 100 %
2026/09/30 04:35:44.702, 10579 MiB, 15360 MiB, 100 %
2026/09/30 04:35:45.705, 10579 MiB, 15360 MiB, 100 %
2026/09/30 04:35:46.707, 10579 MiB, 15360 MiB, 100 %
2026/09/30 04:35:47.711, 10579 MiB, 15360 MiB, 100 %
2026/09/30 04:35:48.713, 10579 MiB, 15360 MiB, 100 %
2026/09/30 04:35:49.716, 10579 MiB, 15360 MiB, 100 %
2026/09/30 04:35:50.720, 10579 MiB, 15360 MiB, 100 %
2026/09/30 04:35:51.723, 10579 MiB, 15360 MiB, 100 %
2026/09/30 04:35:52.727, 10579 MiB, 15360 MiB, 100 %
2026/09/30 04:35:53.733, 10579 MiB, 15360 MiB, 100 %
2026/09/30 04:35:54.740, 10579 MiB, 15360 MiB, 100 %
2026/09/30 04:35:55.743, 10579 MiB, 15360 MiB, 100 %
2026/09/30 04:35:56.746, 10579 MiB, 15360 MiB, 100 %
2026/09/30 04:35:57.749, 10579 MiB, 15360 MiB, 100 %
2026/09/30 04:35:58.752, 10579 MiB, 15360 MiB, 100 %
2026/09/30 04:35:59.758, 10579 MiB, 15360 MiB, 100 %
2026/09/30 04:36:00.761, 10579 MiB, 15360 MiB, 100 %
2026/09/30 04:36:01.763, 10579 MiB, 15360 MiB, 100 %
2026/09/30 04:36:02.766, 10579 MiB, 15360 MiB, 100 %
2026/09/30 04:36:03.768, 10579 MiB, 15360 MiB, 100 %
2026/09/30 04:36:04.772, 10579 MiB, 15360 MiB, 100 %
2026/09/30 04:36:05.775, 10579 MiB, 15360 MiB, 100 %
2026/09/30 04:36:06.779, 10579 MiB, 15360 MiB, 100 %
2026/09/30 04:36:07.782, 10579 MiB, 15360 MiB, 100 %
2026/09/30 04:36:08.786, 10579 MiB, 15360 MiB, 100 %
2026/09/30 04:36:09.788, 10579 MiB, 15360 MiB, 100 %
2026/09/30 04:36:10.791, 10579 MiB, 15360 MiB, 100 %
2026/09/30 04:36:11.795, 10579 MiB, 15360 MiB, 100 %
2026/09/30 04:36:12.797, 10579 MiB, 15360 MiB, 100 %
2026/09/30 04:36:13.800, 10579 MiB, 15360 MiB, 100 %
2026/09/30 04:36:14.802, 10579 MiB, 15360 MiB, 100 %
2026/09/30 04:36:15.805, 10579 MiB, 15360 MiB, 100 %
2026/09/30 04:36:16.807, 10579 MiB, 15360 MiB, 100 %
2026/09/30 04:36:17.810, 10579 MiB, 15360 MiB, 100 %
2026/09/30 04:36:18.812, 10579 MiB, 15360 MiB, 100 %
2026/09/30 04:36:19.814, 10579 MiB, 15360 MiB, 100 %
2026/09/30 04:36:20.819, 10579 MiB, 15360 MiB, 100 %
2026/09/30 04:36:21.826, 10579 MiB, 15360 MiB, 100 %
2026/09/30 04:36:22.830, 10579 MiB, 15360 MiB, 100 %
2026/09/30 04:36:23.836, 10579 MiB, 15360 MiB, 100 %
2026/09/30 04:36:24.841, 10579 MiB, 15360 MiB, 100 %
2026/09/30 04:36:25.843, 10579 MiB, 15360 MiB, 100 %
2026/09/30 04:36:26.847, 10579 MiB, 15360 MiB, 100 %
2026/09/30 04:36:27.850, 10579 MiB, 15360 MiB, 100 %
2026/09/30 04:36:28.852, 10579 MiB, 15360 MiB, 100 %
2026/09/30 04:36:29.856, 10579 MiB, 15360 MiB, 100 %
2026/09/30 04:36:30.858, 10579 MiB, 15360 MiB, 100 %
2026/09/30 04:36:31.861, 10579 MiB, 15360 MiB, 100 %
2026/09/30 04:36:32.863, 10579 MiB, 15360 MiB, 100 %
2026/09/30 04:36:33.866, 10579 MiB, 15360 MiB, 100 %
2026/09/30 04:36:34.870, 10579 MiB, 15360 MiB, 100 %
2026/09/30 04:36:35.874, 10579 MiB, 15360 MiB, 100 %
2026/09/30 04:36:36.882, 10579 MiB, 15360 MiB, 100 %
2026/09/30 04:36:37.887, 10579 MiB, 15360 MiB, 100 %
2026/09/30 04:36:38.894, 10579 MiB, 15360 MiB, 100 %
2026/09/30 04:36:39.896, 10579 MiB, 15360 MiB, 100 %
2026/09/30 04:36:40.900, 10579 MiB, 15360 MiB, 100 %
2026/09/30 04:36:41.902, 10579 MiB, 15360 MiB, 100 %
2026/09/30 04:36:42.904, 10579 MiB, 15360 MiB, 100 %
2026/09/30 04:36:43.908, 10579 MiB, 15360 MiB, 100 %
2026/09/30 04:36:44.910, 10579 MiB, 15360 MiB, 100 %
2026/09/30 04:36:45.913, 10579 MiB, 15360 MiB, 100 %
2026/09/30 04:36:46.916, 10579 MiB, 15360 MiB, 100 %
2026/09/30 04:36:47.919, 10579 MiB, 15360 MiB, 100 %
2026/09/30 04:36:48.922, 10579 MiB, 15360 MiB, 100 %
2026/09/30 04:36:49.930, 10579 MiB, 15360 MiB, 100 %
2026/09/30 04:36:50.938, 10579 MiB, 15360 MiB, 100 %
2026/09/30 04:36:51.946, 10579 MiB, 15360 MiB, 100 %
2026/09/30 04:36:52.951, 10579 MiB, 15360 MiB, 100 %
2026/09/30 04:36:53.954, 10579 MiB, 15360 MiB, 100 %
2026/09/30 04:36:54.957, 10579 MiB, 15360 MiB, 100 %
2026/09/30 04:36:55.959, 10579 MiB, 15360 MiB, 100 %
2026/09/30 04:36:56.962, 10579 MiB, 15360 MiB, 100 %
2026/09/30 04:36:57.966, 10579 MiB, 15360 MiB, 100 %
2026/09/30 04:36:58.969, 10579 MiB, 15360 MiB, 100 %
2026/09/30 04:36:59.971, 10579 MiB, 15360 MiB, 100 %
2026/09/30 04:37:00.974, 10579 MiB, 15360 MiB, 100 %
2026/09/30 04:37:01.976, 10579 MiB, 15360 MiB, 100 %
2026/09/30 04:37:02.979, 10579 MiB, 15360 MiB, 100 %
2026/09/30 04:37:03.986, 10579 MiB, 15360 MiB, 98 %
2026/09/30 04:37:04.993, 10579 MiB, 15360 MiB, 100 %
2026/09/30 04:37:06.001, 10579 MiB, 15360 MiB, 100 %
2026/09/30 04:37:07.006, 10579 MiB, 15360 MiB, 100 %
2026/09/30 04:37:08.008, 10579 MiB, 15360 MiB, 100 %
2026/09/30 04:37:09.011, 10579 MiB, 15360 MiB, 100 %
2026/09/30 04:37:10.014, 10579 MiB, 15360 MiB, 100 %
2026/09/30 04:37:11.017, 10579 MiB, 15360 MiB, 100 %
2026/09/30 04:37:12.020, 10579 MiB, 15360 MiB, 100 %
2026/09/30 04:37:13.022, 10579 MiB, 15360 MiB, 100 %
2026/09/30 04:37:14.026, 10579 MiB, 15360 MiB, 100 %
2026/09/30 04:37:15.044, 10579 MiB, 15360 MiB, 100 %
2026/09/30 04:37:16.047, 10579 MiB, 15360 MiB, 100 %
2026/09/30 04:37:17.052, 10579 MiB, 15360 MiB, 100 %
2026/09/30 04:37:18.058, 10579 MiB, 15360 MiB, 100 %
2026/09/30 04:37:19.066, 10579 MiB, 15360 MiB, 100 %
2026/09/30 04:37:20.073, 10579 MiB, 15360 MiB, 100 %
2026/09/30 04:37:21.081, 10579 MiB, 15360 MiB, 100 %
2026/09/30 04:37:22.084, 10579 MiB, 15360 MiB, 100 %
2026/09/30 04:37:23.086, 10579 MiB, 15360 MiB, 100 %
2026/09/30 04:37:24.089, 10579 MiB, 15360 MiB, 100 %
2026/09/30 04:37:25.091, 10579 MiB, 15360 MiB, 100 %
2026/09/30 04:37:26.094, 10579 MiB, 15360 MiB, 100 %
2026/09/30 04:37:27.096, 10579 MiB, 15360 MiB, 100 %
2026/09/30 04:37:28.098, 10579 MiB, 15360 MiB, 100 %
2026/09/30 04:37:29.101, 10579 MiB, 15360 MiB, 100 %
2026/09/30 04:37:30.103, 10579 MiB, 15360 MiB, 100 %
2026/09/30 04:37:31.107, 10579 MiB, 15360 MiB, 100 %
2026/09/30 04:37:32.115, 10579 MiB, 15360 MiB, 100 %
2026/09/30 04:37:33.119, 10579 MiB, 15360 MiB, 100 %
2026/09/30 04:37:34.129, 10579 MiB, 15360 MiB, 100 %
2026/09/30 04:37:35.134, 10579 MiB, 15360 MiB, 100 %
2026/09/30 04:37:36.141, 10579 MiB, 15360 MiB, 100 %
2026/09/30 04:37:37.144, 10579 MiB, 15360 MiB, 100 %
2026/09/30 04:37:38.147, 10579 MiB, 15360 MiB, 100 %
2026/09/30 04:37:39.149, 10579 MiB, 15360 MiB, 100 %
2026/09/30 04:37:40.153, 10579 MiB, 15360 MiB, 100 %
2026/09/30 04:37:41.156, 10579 MiB, 15360 MiB, 100 %
2026/09/30 04:37:42.158, 10579 MiB, 15360 MiB, 100 %
2026/09/30 04:37:43.161, 10579 MiB, 15360 MiB, 100 %
2026/09/30 04:37:44.163, 10579 MiB, 15360 MiB, 100 %
2026/09/30 04:37:45.168, 10579 MiB, 15360 MiB, 100 %
2026/09/30 04:37:46.178, 10579 MiB, 15360 MiB, 100 %
2026/09/30 04:37:47.184, 10579 MiB, 15360 MiB, 100 %
2026/09/30 04:37:48.190, 10579 MiB, 15360 MiB, 98 %
2026/09/30 04:37:49.197, 10579 MiB, 15360 MiB, 100 %
2026/09/30 04:37:50.200, 10579 MiB, 15360 MiB, 100 %
2026/09/30 04:37:51.202, 10579 MiB, 15360 MiB, 100 %
2026/09/30 04:37:52.205, 10579 MiB, 15360 MiB, 100 %
2026/09/30 04:37:53.208, 10579 MiB, 15360 MiB, 100 %
2026/09/30 04:37:54.210, 10579 MiB, 15360 MiB, 100 %
2026/09/30 04:37:55.212, 10579 MiB, 15360 MiB, 100 %
2026/09/30 04:37:56.215, 10579 MiB, 15360 MiB, 100 %
2026/09/30 04:37:57.218, 10579 MiB, 15360 MiB, 100 %
2026/09/30 04:37:58.222, 10579 MiB, 15360 MiB, 100 %
2026/09/30 04:37:59.225, 10579 MiB, 15360 MiB, 100 %
2026/09/30 04:38:00.232, 10579 MiB, 15360 MiB, 100 %
2026/09/30 04:38:01.238, 10579 MiB, 15360 MiB, 100 %
2026/09/30 04:38:02.244, 10579 MiB, 15360 MiB, 100 %
2026/09/30 04:38:03.247, 10579 MiB, 15360 MiB, 100 %
2026/09/30 04:38:04.250, 10579 MiB, 15360 MiB, 100 %
2026/09/30 04:38:05.252, 10579 MiB, 15360 MiB, 100 %
2026/09/30 04:38:06.254, 10579 MiB, 15360 MiB, 100 %
2026/09/30 04:38:07.257, 10579 MiB, 15360 MiB, 100 %
2026/09/30 04:38:08.259, 10579 MiB, 15360 MiB, 100 %
2026/09/30 04:38:09.261, 10579 MiB, 15360 MiB, 100 %
2026/09/30 04:38:10.263, 10579 MiB, 15360 MiB, 100 %
2026/09/30 04:38:11.266, 10579 MiB, 15360 MiB, 100 %
2026/09/30 04:38:12.268, 10579 MiB, 15360 MiB, 100 %
2026/09/30 04:38:13.271, 10579 MiB, 15360 MiB, 100 %
2026/09/30 04:38:14.274, 10579 MiB, 15360 MiB, 100 %
2026/09/30 04:38:15.278, 10579 MiB, 15360 MiB, 100 %
2026/09/30 04:38:16.282, 10579 MiB, 15360 MiB, 100 %
2026/09/30 04:38:17.285, 10579 MiB, 15360 MiB, 100 %
2026/09/30 04:38:18.288, 10579 MiB, 15360 MiB, 100 %
2026/09/30 04:38:19.290, 10579 MiB, 15360 MiB, 100 %
2026/09/30 04:38:20.293, 10579 MiB, 15360 MiB, 100 %
2026/09/30 04:38:21.295, 10579 MiB, 15360 MiB, 100 %
2026/09/30 04:38:22.298, 10579 MiB, 15360 MiB, 100 %
2026/09/30 04:38:23.300, 10579 MiB, 15360 MiB, 100 %
2026/09/30 04:38:24.303, 10579 MiB, 15360 MiB, 100 %
2026/09/30 04:38:25.306, 10579 MiB, 15360 MiB, 100 %
2026/09/30 04:38:26.309, 10579 MiB, 15360 MiB, 100 %
2026/09/30 04:38:27.313, 10579 MiB, 15360 MiB, 100 %
2026/09/30 04:38:28.319, 10579 MiB, 15360 MiB, 100 %
2026/09/30 04:38:29.322, 10579 MiB, 15360 MiB, 100 %
2026/09/30 04:38:30.329, 10579 MiB, 15360 MiB, 100 %
2026/09/30 04:38:31.335, 10579 MiB, 15360 MiB, 100 %
2026/09/30 04:38:32.338, 10579 MiB, 15360 MiB, 100 %
2026/09/30 04:38:33.341, 10579 MiB, 15360 MiB, 100 %
2026/09/30 04:38:34.343, 10579 MiB, 15360 MiB, 100 %
2026/09/30 04:38:35.346, 10579 MiB, 15360 MiB, 100 %
2026/09/30 04:38:36.348, 10579 MiB, 15360 MiB, 100 %
2026/09/30 04:38:37.351, 10579 MiB, 15360 MiB, 100 %
2026/09/30 04:38:38.353, 10579 MiB, 15360 MiB, 100 %
2026/09/30 04:38:39.356, 10579 MiB, 15360 MiB, 100 %
2026/09/30 04:38:40.358, 10579 MiB, 15360 MiB, 100 %
2026/09/30 04:38:41.362, 10579 MiB, 15360 MiB, 100 %
2026/09/30 04:38:42.371, 10579 MiB, 15360 MiB, 100 %
2026/09/30 04:38:43.378, 10579 MiB, 15360 MiB, 100 %
2026/09/30 04:38:44.382, 10579 MiB, 15360 MiB, 100 %
2026/09/30 04:38:45.389, 10579 MiB, 15360 MiB, 100 %
2026/09/30 04:38:46.391, 10579 MiB, 15360 MiB, 100 %
2026/09/30 04:38:47.395, 10579 MiB, 15360 MiB, 100 %
2026/09/30 04:38:48.397, 10579 MiB, 15360 MiB, 100 %
2026/09/30 04:38:49.400, 10579 MiB, 15360 MiB, 100 %
2026/09/30 04:38:50.404, 10579 MiB, 15360 MiB, 100 %
2026/09/30 04:38:51.407, 10579 MiB, 15360 MiB, 98 %
2026/09/30 04:38:52.410, 10579 MiB, 15360 MiB, 100 %
2026/09/30 04:38:53.416, 10579 MiB, 15360 MiB, 100 %
2026/09/30 04:38:54.420, 10579 MiB, 15360 MiB, 100 %
2026/09/30 04:38:55.424, 10579 MiB, 15360 MiB, 100 %
2026/09/30 04:38:56.433, 10579 MiB, 15360 MiB, 100 %
2026/09/30 04:38:57.441, 10579 MiB, 15360 MiB, 100 %
2026/09/30 04:38:58.449, 10579 MiB, 15360 MiB, 100 %
2026/09/30 04:38:59.459, 10579 MiB, 15360 MiB, 100 %
2026/09/30 04:39:00.461, 10579 MiB, 15360 MiB, 96 %
2026/09/30 04:39:01.464, 10579 MiB, 15360 MiB, 100 %
2026/09/30 04:39:02.467, 10579 MiB, 15360 MiB, 100 %
2026/09/30 04:39:03.469, 10579 MiB, 15360 MiB, 100 %
2026/09/30 04:39:04.472, 10579 MiB, 15360 MiB, 100 %
2026/09/30 04:39:05.474, 10579 MiB, 15360 MiB, 100 %
2026/09/30 04:39:06.477, 10579 MiB, 15360 MiB, 100 %
2026/09/30 04:39:07.479, 10579 MiB, 15360 MiB, 100 %
2026/09/30 04:39:08.482, 10579 MiB, 15360 MiB, 100 %
2026/09/30 04:39:09.484, 10579 MiB, 15360 MiB, 100 %
2026/09/30 04:39:10.493, 10579 MiB, 15360 MiB, 100 %
2026/09/30 04:39:11.496, 10579 MiB, 15360 MiB, 100 %
2026/09/30 04:39:12.500, 10579 MiB, 15360 MiB, 100 %
2026/09/30 04:39:13.504, 10579 MiB, 15360 MiB, 100 %
2026/09/30 04:39:14.506, 10579 MiB, 15360 MiB, 100 %
2026/09/30 04:39:15.508, 10579 MiB, 15360 MiB, 100 %
2026/09/30 04:39:16.511, 10579 MiB, 15360 MiB, 100 %
2026/09/30 04:39:17.514, 10579 MiB, 15360 MiB, 100 %
2026/09/30 04:39:18.523, 10579 MiB, 15360 MiB, 100 %
2026/09/30 04:39:19.528, 10579 MiB, 15360 MiB, 100 %
2026/09/30 04:39:20.532, 10579 MiB, 15360 MiB, 100 %
2026/09/30 04:39:21.538, 10579 MiB, 15360 MiB, 100 %
2026/09/30 04:39:22.541, 10579 MiB, 15360 MiB, 100 %
2026/09/30 04:39:23.544, 10579 MiB, 15360 MiB, 100 %
2026/09/30 04:39:24.556, 10579 MiB, 15360 MiB, 100 %
2026/09/30 04:39:25.562, 10579 MiB, 15360 MiB, 100 %
2026/09/30 04:39:26.568, 10579 MiB, 15360 MiB, 100 %
2026/09/30 04:39:27.572, 10579 MiB, 15360 MiB, 100 %
2026/09/30 04:39:28.574, 10579 MiB, 15360 MiB, 100 %
2026/09/30 04:39:29.577, 10579 MiB, 15360 MiB, 100 %
2026/09/30 04:39:30.579, 10579 MiB, 15360 MiB, 100 %
2026/09/30 04:39:31.581, 10579 MiB, 15360 MiB, 100 %
2026/09/30 04:39:32.584, 10579 MiB, 15360 MiB, 100 %
2026/09/30 04:39:33.587, 10579 MiB, 15360 MiB, 100 %
2026/09/30 04:39:34.589, 10579 MiB, 15360 MiB, 100 %
2026/09/30 04:39:35.592, 10579 MiB, 15360 MiB, 100 %
2026/09/30 04:39:36.595, 10579 MiB, 15360 MiB, 100 %
2026/09/30 04:39:37.599, 10579 MiB, 15360 MiB, 100 %
2026/09/30 04:39:38.602, 10579 MiB, 15360 MiB, 100 %
2026/09/30 04:39:39.611, 10579 MiB, 15360 MiB, 100 %
2026/09/30 04:39:40.614, 10579 MiB, 15360 MiB, 100 %
2026/09/30 04:39:41.619, 10579 MiB, 15360 MiB, 100 %
2026/09/30 04:39:42.623, 10579 MiB, 15360 MiB, 100 %
2026/09/30 04:39:43.630, 10579 MiB, 15360 MiB, 100 %
2026/09/30 04:39:44.632, 10579 MiB, 15360 MiB, 100 %
2026/09/30 04:39:45.636, 10579 MiB, 15360 MiB, 100 %
2026/09/30 04:39:46.638, 10579 MiB, 15360 MiB, 100 %
2026/09/30 04:39:47.641, 10579 MiB, 15360 MiB, 100 %
2026/09/30 04:39:48.645, 10579 MiB, 15360 MiB, 100 %
2026/09/30 04:39:49.648, 10579 MiB, 15360 MiB, 100 %
2026/09/30 04:39:50.650, 10579 MiB, 15360 MiB, 100 %
2026/09/30 04:39:51.654, 10579 MiB, 15360 MiB, 100 %
2026/09/30 04:39:52.658, 10579 MiB, 15360 MiB, 100 %
2026/09/30 04:39:53.664, 10579 MiB, 15360 MiB, 100 %
2026/09/30 04:39:54.668, 10579 MiB, 15360 MiB, 100 %
2026/09/30 04:39:55.671, 10579 MiB, 15360 MiB, 100 %
2026/09/30 04:39:56.674, 10579 MiB, 15360 MiB, 100 %
2026/09/30 04:39:57.679, 10579 MiB, 15360 MiB, 100 %
2026/09/30 04:39:58.681, 10579 MiB, 15360 MiB, 100 %
2026/09/30 04:39:59.683, 10579 MiB, 15360 MiB, 100 %
2026/09/30 04:40:00.686, 10579 MiB, 15360 MiB, 100 %
2026/09/30 04:40:01.688, 10579 MiB, 15360 MiB, 100 %
2026/09/30 04:40:02.691, 10579 MiB, 15360 MiB, 100 %
2026/09/30 04:40:03.694, 10579 MiB, 15360 MiB, 100 %
2026/09/30 04:40:04.697, 10579 MiB, 15360 MiB, 100 %
2026/09/30 04:40:05.701, 10579 MiB, 15360 MiB, 100 %
2026/09/30 04:40:06.704, 10579 MiB, 15360 MiB, 100 %
2026/09/30 04:40:07.710, 10579 MiB, 15360 MiB, 100 %
2026/09/30 04:40:08.716, 10579 MiB, 15360 MiB, 100 %
2026/09/30 04:40:09.720, 10579 MiB, 15360 MiB, 100 %
2026/09/30 04:40:10.722, 10579 MiB, 15360 MiB, 100 %
2026/09/30 04:40:11.725, 10579 MiB, 15360 MiB, 100 %
2026/09/30 04:40:12.728, 10579 MiB, 15360 MiB, 100 %
2026/09/30 04:40:13.730, 10579 MiB, 15360 MiB, 100 %
2026/09/30 04:40:14.734, 10579 MiB, 15360 MiB, 100 %
2026/09/30 04:40:15.736, 10579 MiB, 15360 MiB, 100 %
2026/09/30 04:40:16.739, 10579 MiB, 15360 MiB, 100 %
2026/09/30 04:40:17.741, 10579 MiB, 15360 MiB, 100 %
2026/09/30 04:40:18.744, 10579 MiB, 15360 MiB, 100 %
2026/09/30 04:40:19.749, 10579 MiB, 15360 MiB, 100 %
2026/09/30 04:40:20.755, 10579 MiB, 15360 MiB, 100 %
2026/09/30 04:40:21.760, 10579 MiB, 15360 MiB, 100 %
2026/09/30 04:40:22.763, 10579 MiB, 15360 MiB, 100 %
2026/09/30 04:40:23.767, 10579 MiB, 15360 MiB, 100 %
2026/09/30 04:40:24.770, 10579 MiB, 15360 MiB, 100 %
2026/09/30 04:40:25.773, 10579 MiB, 15360 MiB, 100 %
2026/09/30 04:40:26.775, 10579 MiB, 15360 MiB, 100 %
2026/09/30 04:40:27.779, 10579 MiB, 15360 MiB, 100 %
2026/09/30 04:40:28.781, 10579 MiB, 15360 MiB, 100 %
2026/09/30 04:40:29.783, 10579 MiB, 15360 MiB, 100 %
2026/09/30 04:40:30.786, 10579 MiB, 15360 MiB, 100 %
2026/09/30 04:40:31.789, 10579 MiB, 15360 MiB, 100 %
2026/09/30 04:40:32.792, 10579 MiB, 15360 MiB, 100 %
2026/09/30 04:40:33.797, 10579 MiB, 15360 MiB, 100 %
2026/09/30 04:40:34.803, 10579 MiB, 15360 MiB, 100 %
2026/09/30 04:40:35.806, 10579 MiB, 15360 MiB, 100 %
2026/09/30 04:40:36.814, 10579 MiB, 15360 MiB, 96 %
2026/09/30 04:40:37.817, 10579 MiB, 15360 MiB, 100 %
2026/09/30 04:40:38.820, 10579 MiB, 15360 MiB, 100 %
2026/09/30 04:40:39.822, 10579 MiB, 15360 MiB, 100 %
2026/09/30 04:40:40.825, 10579 MiB, 15360 MiB, 100 %
2026/09/30 04:40:41.827, 10579 MiB, 15360 MiB, 100 %
2026/09/30 04:40:42.830, 10579 MiB, 15360 MiB, 100 %
2026/09/30 04:40:43.832, 10579 MiB, 15360 MiB, 100 %
2026/09/30 04:40:44.834, 10579 MiB, 15360 MiB, 100 %
2026/09/30 04:40:45.837, 10579 MiB, 15360 MiB, 100 %
2026/09/30 04:40:46.840, 10579 MiB, 15360 MiB, 100 %
2026/09/30 04:40:47.850, 10579 MiB, 15360 MiB, 100 %
2026/09/30 04:40:48.856, 10579 MiB, 15360 MiB, 100 %
2026/09/30 04:40:49.859, 10579 MiB, 15360 MiB, 100 %
2026/09/30 04:40:50.862, 10579 MiB, 15360 MiB, 100 %
2026/09/30 04:40:51.864, 10579 MiB, 15360 MiB, 100 %
2026/09/30 04:40:52.867, 10579 MiB, 15360 MiB, 100 %
2026/09/30 04:40:53.869, 10579 MiB, 15360 MiB, 100 %
2026/09/30 04:40:54.873, 10579 MiB, 15360 MiB, 100 %
2026/09/30 04:40:55.875, 10579 MiB, 15360 MiB, 100 %
2026/09/30 04:40:56.878, 10579 MiB, 15360 MiB, 100 %
2026/09/30 04:40:57.880, 10579 MiB, 15360 MiB, 100 %
2026/09/30 04:40:58.883, 10579 MiB, 15360 MiB, 100 %
2026/09/30 04:40:59.886, 10579 MiB, 15360 MiB, 100 %
2026/09/30 04:41:00.889, 10579 MiB, 15360 MiB, 100 %
2026/09/30 04:41:01.893, 10579 MiB, 15360 MiB, 100 %
2026/09/30 04:41:02.897, 10579 MiB, 15360 MiB, 100 %
2026/09/30 04:41:03.904, 10579 MiB, 15360 MiB, 100 %
2026/09/30 04:41:04.906, 10579 MiB, 15360 MiB, 100 %
2026/09/30 04:41:05.909, 10579 MiB, 15360 MiB, 100 %
2026/09/30 04:41:06.912, 10579 MiB, 15360 MiB, 100 %
2026/09/30 04:41:07.914, 10579 MiB, 15360 MiB, 100 %
2026/09/30 04:41:08.917, 10579 MiB, 15360 MiB, 100 %
2026/09/30 04:41:09.919, 10579 MiB, 15360 MiB, 100 %
2026/09/30 04:41:10.922, 10579 MiB, 15360 MiB, 100 %
2026/09/30 04:41:11.924, 10579 MiB, 15360 MiB, 100 %
2026/09/30 04:41:12.928, 10579 MiB, 15360 MiB, 100 %
2026/09/30 04:41:13.931, 10579 MiB, 15360 MiB, 100 %
2026/09/30 04:41:14.934, 10579 MiB, 15360 MiB, 100 %
2026/09/30 04:41:15.938, 10579 MiB, 15360 MiB, 100 %
2026/09/30 04:41:16.945, 10579 MiB, 15360 MiB, 100 %
2026/09/30 04:41:17.953, 10579 MiB, 15360 MiB, 100 %
2026/09/30 04:41:18.959, 10579 MiB, 15360 MiB, 100 %
2026/09/30 04:41:19.962, 10579 MiB, 15360 MiB, 100 %
2026/09/30 04:41:20.964, 10579 MiB, 15360 MiB, 100 %
2026/09/30 04:41:21.967, 10579 MiB, 15360 MiB, 100 %
2026/09/30 04:41:22.971, 10579 MiB, 15360 MiB, 100 %
2026/09/30 04:41:23.973, 10579 MiB, 15360 MiB, 100 %
2026/09/30 04:41:24.979, 10579 MiB, 15360 MiB, 100 %
2026/09/30 04:41:25.981, 10579 MiB, 15360 MiB, 100 %
2026/09/30 04:41:26.984, 10579 MiB, 15360 MiB, 100 %
2026/09/30 04:41:27.987, 10579 MiB, 15360 MiB, 100 %
2026/09/30 04:41:28.991, 10579 MiB, 15360 MiB, 100 %
2026/09/30 04:41:29.998, 10579 MiB, 15360 MiB, 100 %
2026/09/30 04:41:31.005, 10579 MiB, 15360 MiB, 100 %
2026/09/30 04:41:32.012, 10579 MiB, 15360 MiB, 100 %
2026/09/30 04:41:33.016, 10579 MiB, 15360 MiB, 100 %
2026/09/30 04:41:34.018, 10579 MiB, 15360 MiB, 100 %
2026/09/30 04:41:35.021, 10579 MiB, 15360 MiB, 100 %
2026/09/30 04:41:36.023, 10579 MiB, 15360 MiB, 100 %
2026/09/30 04:41:37.026, 10579 MiB, 15360 MiB, 100 %
2026/09/30 04:41:38.028, 10579 MiB, 15360 MiB, 100 %
2026/09/30 04:41:39.031, 10579 MiB, 15360 MiB, 100 %
2026/09/30 04:41:40.033, 10579 MiB, 15360 MiB, 100 %
2026/09/30 04:41:41.036, 10579 MiB, 15360 MiB, 100 %
2026/09/30 04:41:42.040, 10579 MiB, 15360 MiB, 100 %
2026/09/30 04:41:43.043, 10579 MiB, 15360 MiB, 100 %
2026/09/30 04:41:44.053, 10579 MiB, 15360 MiB, 100 %
2026/09/30 04:41:45.065, 10579 MiB, 15360 MiB, 100 %
2026/09/30 04:41:46.070, 10579 MiB, 15360 MiB, 100 %
2026/09/30 04:41:47.077, 10579 MiB, 15360 MiB, 100 %
2026/09/30 04:41:48.080, 10579 MiB, 15360 MiB, 100 %
2026/09/30 04:41:49.087, 10579 MiB, 15360 MiB, 100 %
2026/09/30 04:41:50.090, 10579 MiB, 15360 MiB, 100 %
2026/09/30 04:41:51.094, 10579 MiB, 15360 MiB, 100 %
2026/09/30 04:41:52.097, 10579 MiB, 15360 MiB, 100 %
2026/09/30 04:41:53.099, 10579 MiB, 15360 MiB, 100 %
2026/09/30 04:41:54.102, 10579 MiB, 15360 MiB, 100 %
2026/09/30 04:41:55.105, 10579 MiB, 15360 MiB, 100 %
2026/09/30 04:41:56.109, 10579 MiB, 15360 MiB, 100 %
2026/09/30 04:41:57.112, 10579 MiB, 15360 MiB, 100 %
2026/09/30 04:41:58.120, 10579 MiB, 15360 MiB, 100 %
2026/09/30 04:41:59.126, 10579 MiB, 15360 MiB, 100 %
2026/09/30 04:42:00.135, 10579 MiB, 15360 MiB, 100 %
2026/09/30 04:42:01.141, 10579 MiB, 15360 MiB, 100 %
2026/09/30 04:42:02.144, 10579 MiB, 15360 MiB, 100 %
2026/09/30 04:42:03.147, 10579 MiB, 15360 MiB, 100 %
2026/09/30 04:42:04.150, 10579 MiB, 15360 MiB, 100 %
2026/09/30 04:42:05.153, 10579 MiB, 15360 MiB, 100 %
2026/09/30 04:42:06.155, 10579 MiB, 15360 MiB, 100 %
2026/09/30 04:42:07.159, 10579 MiB, 15360 MiB, 100 %
2026/09/30 04:42:08.162, 10579 MiB, 15360 MiB, 100 %
2026/09/30 04:42:09.164, 10579 MiB, 15360 MiB, 100 %
2026/09/30 04:42:10.168, 10579 MiB, 15360 MiB, 100 %
2026/09/30 04:42:11.172, 10579 MiB, 15360 MiB, 100 %
2026/09/30 04:42:12.175, 10579 MiB, 15360 MiB, 100 %
2026/09/30 04:42:13.183, 10579 MiB, 15360 MiB, 100 %
2026/09/30 04:42:14.187, 10579 MiB, 15360 MiB, 100 %
2026/09/30 04:42:15.190, 10579 MiB, 15360 MiB, 100 %
2026/09/30 04:42:16.193, 10579 MiB, 15360 MiB, 100 %
2026/09/30 04:42:17.195, 10579 MiB, 15360 MiB, 100 %
2026/09/30 04:42:18.198, 10579 MiB, 15360 MiB, 100 %
2026/09/30 04:42:19.200, 10579 MiB, 15360 MiB, 100 %
2026/09/30 04:42:20.202, 10579 MiB, 15360 MiB, 100 %
2026/09/30 04:42:21.208, 10579 MiB, 15360 MiB, 100 %
2026/09/30 04:42:22.210, 10579 MiB, 15360 MiB, 100 %
2026/09/30 04:42:23.213, 10579 MiB, 15360 MiB, 100 %
2026/09/30 04:42:24.217, 10579 MiB, 15360 MiB, 100 %
2026/09/30 04:42:25.225, 10579 MiB, 15360 MiB, 100 %
2026/09/30 04:42:26.234, 10579 MiB, 15360 MiB, 100 %
2026/09/30 04:42:27.240, 10579 MiB, 15360 MiB, 100 %
2026/09/30 04:42:28.246, 10579 MiB, 15360 MiB, 100 %
2026/09/30 04:42:29.249, 10579 MiB, 15360 MiB, 100 %
2026/09/30 04:42:30.252, 10579 MiB, 15360 MiB, 100 %
2026/09/30 04:42:31.255, 10579 MiB, 15360 MiB, 100 %
2026/09/30 04:42:32.257, 10579 MiB, 15360 MiB, 100 %
2026/09/30 04:42:33.260, 10579 MiB, 15360 MiB, 100 %
2026/09/30 04:42:34.262, 10579 MiB, 15360 MiB, 100 %
2026/09/30 04:42:35.265, 10579 MiB, 15360 MiB, 100 %
2026/09/30 04:42:36.267, 10579 MiB, 15360 MiB, 100 %
2026/09/30 04:42:37.271, 10579 MiB, 15360 MiB, 99 %
2026/09/30 04:42:38.274, 10579 MiB, 15360 MiB, 100 %
2026/09/30 04:42:39.284, 10579 MiB, 15360 MiB, 100 %
2026/09/30 04:42:40.291, 10579 MiB, 15360 MiB, 100 %
2026/09/30 04:42:41.298, 10579 MiB, 15360 MiB, 100 %
2026/09/30 04:42:42.305, 10579 MiB, 15360 MiB, 100 %
2026/09/30 04:42:43.308, 10579 MiB, 15360 MiB, 96 %
2026/09/30 04:42:44.310, 10579 MiB, 15360 MiB, 100 %
2026/09/30 04:42:45.313, 10579 MiB, 15360 MiB, 100 %
2026/09/30 04:42:46.316, 10579 MiB, 15360 MiB, 100 %
2026/09/30 04:42:47.319, 10579 MiB, 15360 MiB, 100 %
2026/09/30 04:42:48.322, 10579 MiB, 15360 MiB, 100 %
2026/09/30 04:42:49.324, 10579 MiB, 15360 MiB, 100 %
2026/09/30 04:42:50.327, 10579 MiB, 15360 MiB, 100 %
2026/09/30 04:42:51.331, 10579 MiB, 15360 MiB, 100 %
2026/09/30 04:42:52.335, 10579 MiB, 15360 MiB, 100 %
2026/09/30 04:42:53.344, 10579 MiB, 15360 MiB, 100 %
2026/09/30 04:42:54.352, 10579 MiB, 15360 MiB, 100 %
2026/09/30 04:42:55.358, 10579 MiB, 15360 MiB, 100 %
2026/09/30 04:42:56.364, 10579 MiB, 15360 MiB, 100 %
2026/09/30 04:42:57.366, 10579 MiB, 15360 MiB, 100 %
2026/09/30 04:42:58.369, 10579 MiB, 15360 MiB, 100 %
2026/09/30 04:42:59.371, 10579 MiB, 15360 MiB, 100 %
2026/09/30 04:43:00.375, 10579 MiB, 15360 MiB, 100 %
2026/09/30 04:43:01.379, 10579 MiB, 15360 MiB, 100 %
2026/09/30 04:43:02.384, 10579 MiB, 15360 MiB, 100 %
2026/09/30 04:43:03.386, 10579 MiB, 15360 MiB, 100 %
2026/09/30 04:43:04.389, 10579 MiB, 15360 MiB, 100 %
2026/09/30 04:43:05.391, 10579 MiB, 15360 MiB, 100 %
2026/09/30 04:43:06.396, 10579 MiB, 15360 MiB, 100 %
2026/09/30 04:43:07.402, 10579 MiB, 15360 MiB, 100 %
2026/09/30 04:43:08.405, 10579 MiB, 15360 MiB, 100 %
2026/09/30 04:43:09.408, 10579 MiB, 15360 MiB, 100 %
2026/09/30 04:43:10.410, 10579 MiB, 15360 MiB, 100 %
2026/09/30 04:43:11.413, 10579 MiB, 15360 MiB, 100 %
2026/09/30 04:43:12.416, 10579 MiB, 15360 MiB, 100 %
2026/09/30 04:43:13.418, 10579 MiB, 15360 MiB, 100 %
2026/09/30 04:43:14.420, 10579 MiB, 15360 MiB, 100 %
2026/09/30 04:43:15.423, 10579 MiB, 15360 MiB, 100 %
2026/09/30 04:43:16.425, 10579 MiB, 15360 MiB, 100 %
2026/09/30 04:43:17.428, 10579 MiB, 15360 MiB, 100 %
2026/09/30 04:43:18.433, 10579 MiB, 15360 MiB, 100 %
2026/09/30 04:43:19.435, 10579 MiB, 15360 MiB, 100 %
2026/09/30 04:43:20.439, 10579 MiB, 15360 MiB, 100 %
2026/09/30 04:43:21.442, 10579 MiB, 15360 MiB, 100 %
2026/09/30 04:43:22.446, 10579 MiB, 15360 MiB, 100 %
2026/09/30 04:43:23.456, 10579 MiB, 15360 MiB, 100 %
2026/09/30 04:43:24.462, 10579 MiB, 15360 MiB, 100 %
2026/09/30 04:43:25.464, 10579 MiB, 15360 MiB, 100 %
2026/09/30 04:43:26.468, 10579 MiB, 15360 MiB, 100 %
2026/09/30 04:43:27.471, 10579 MiB, 15360 MiB, 100 %
2026/09/30 04:43:28.473, 10579 MiB, 15360 MiB, 100 %
2026/09/30 04:43:29.476, 10579 MiB, 15360 MiB, 100 %
2026/09/30 04:43:30.479, 10579 MiB, 15360 MiB, 100 %
2026/09/30 04:43:31.484, 10579 MiB, 15360 MiB, 100 %
2026/09/30 04:43:32.486, 10579 MiB, 15360 MiB, 100 %
2026/09/30 04:43:33.489, 10579 MiB, 15360 MiB, 100 %
2026/09/30 04:43:34.493, 10579 MiB, 15360 MiB, 100 %
2026/09/30 04:43:35.501, 10579 MiB, 15360 MiB, 100 %
2026/09/30 04:43:36.508, 10579 MiB, 15360 MiB, 100 %
2026/09/30 04:43:37.513, 10579 MiB, 15360 MiB, 99 %
2026/09/30 04:43:38.518, 10579 MiB, 15360 MiB, 100 %
2026/09/30 04:43:39.521, 10579 MiB, 15360 MiB, 100 %
2026/09/30 04:43:40.523, 10579 MiB, 15360 MiB, 100 %
2026/09/30 04:43:41.525, 10579 MiB, 15360 MiB, 100 %
2026/09/30 04:43:42.530, 10579 MiB, 15360 MiB, 100 %
2026/09/30 04:43:43.532, 10579 MiB, 15360 MiB, 100 %
2026/09/30 04:43:44.535, 10579 MiB, 15360 MiB, 100 %
2026/09/30 04:43:45.537, 10579 MiB, 15360 MiB, 100 %
2026/09/30 04:43:46.540, 10579 MiB, 15360 MiB, 100 %
2026/09/30 04:43:47.542, 10579 MiB, 15360 MiB, 100 %
2026/09/30 04:43:48.545, 10579 MiB, 15360 MiB, 100 %
2026/09/30 04:43:49.549, 10579 MiB, 15360 MiB, 100 %
2026/09/30 04:43:50.553, 10579 MiB, 15360 MiB, 100 %
2026/09/30 04:43:51.563, 10579 MiB, 15360 MiB, 100 %
2026/09/30 04:43:52.569, 10579 MiB, 15360 MiB, 100 %
2026/09/30 04:43:53.572, 10579 MiB, 15360 MiB, 100 %
2026/09/30 04:43:54.574, 10579 MiB, 15360 MiB, 100 %
2026/09/30 04:43:55.577, 10579 MiB, 15360 MiB, 100 %
2026/09/30 04:43:56.580, 10579 MiB, 15360 MiB, 100 %
2026/09/30 04:43:57.582, 10579 MiB, 15360 MiB, 100 %
2026/09/30 04:43:58.585, 10579 MiB, 15360 MiB, 100 %
2026/09/30 04:43:59.587, 10579 MiB, 15360 MiB, 100 %
2026/09/30 04:44:00.589, 10579 MiB, 15360 MiB, 100 %
2026/09/30 04:44:01.592, 10579 MiB, 15360 MiB, 100 %
2026/09/30 04:44:02.596, 10579 MiB, 15360 MiB, 100 %
2026/09/30 04:44:03.603, 10579 MiB, 15360 MiB, 100 %
2026/09/30 04:44:04.611, 10579 MiB, 15360 MiB, 100 %
2026/09/30 04:44:05.621, 10579 MiB, 15360 MiB, 100 %
2026/09/30 04:44:06.624, 10579 MiB, 15360 MiB, 100 %
2026/09/30 04:44:07.627, 10579 MiB, 15360 MiB, 100 %
2026/09/30 04:44:08.630, 10579 MiB, 15360 MiB, 100 %
2026/09/30 04:44:09.632, 10579 MiB, 15360 MiB, 100 %
2026/09/30 04:44:10.635, 10579 MiB, 15360 MiB, 100 %
2026/09/30 04:44:11.637, 10579 MiB, 15360 MiB, 100 %
2026/09/30 04:44:12.640, 10579 MiB, 15360 MiB, 100 %
2026/09/30 04:44:13.643, 10579 MiB, 15360 MiB, 100 %
2026/09/30 04:44:14.645, 10579 MiB, 15360 MiB, 100 %
2026/09/30 04:44:15.649, 10579 MiB, 15360 MiB, 100 %
2026/09/30 04:44:16.652, 10579 MiB, 15360 MiB, 100 %
2026/09/30 04:44:17.659, 10579 MiB, 15360 MiB, 100 %
2026/09/30 04:44:18.669, 10579 MiB, 15360 MiB, 100 %
2026/09/30 04:44:19.675, 10579 MiB, 15360 MiB, 100 %
2026/09/30 04:44:20.682, 10579 MiB, 15360 MiB, 100 %
2026/09/30 04:44:21.684, 10579 MiB, 15360 MiB, 100 %
2026/09/30 04:44:22.687, 10579 MiB, 15360 MiB, 100 %
2026/09/30 04:44:23.689, 10579 MiB, 15360 MiB, 100 %
2026/09/30 04:44:24.692, 10579 MiB, 15360 MiB, 100 %
2026/09/30 04:44:25.695, 10579 MiB, 15360 MiB, 100 %
2026/09/30 04:44:26.698, 10579 MiB, 15360 MiB, 100 %
2026/09/30 04:44:27.701, 10579 MiB, 15360 MiB, 100 %
2026/09/30 04:44:28.703, 10579 MiB, 15360 MiB, 100 %
2026/09/30 04:44:29.708, 10579 MiB, 15360 MiB, 100 %
2026/09/30 04:44:30.712, 10579 MiB, 15360 MiB, 100 %
2026/09/30 04:44:31.719, 10579 MiB, 15360 MiB, 100 %
2026/09/30 04:44:32.727, 10579 MiB, 15360 MiB, 100 %
2026/09/30 04:44:33.735, 10579 MiB, 15360 MiB, 100 %
2026/09/30 04:44:34.744, 10579 MiB, 15360 MiB, 100 %
2026/09/30 04:44:35.746, 10579 MiB, 15360 MiB, 100 %
2026/09/30 04:44:36.749, 10579 MiB, 15360 MiB, 100 %
2026/09/30 04:44:37.751, 10579 MiB, 15360 MiB, 100 %
2026/09/30 04:44:38.754, 10579 MiB, 15360 MiB, 100 %
2026/09/30 04:44:39.756, 10579 MiB, 15360 MiB, 100 %
2026/09/30 04:44:40.760, 10579 MiB, 15360 MiB, 100 %
2026/09/30 04:44:41.769, 10579 MiB, 15360 MiB, 100 %
2026/09/30 04:44:42.772, 10579 MiB, 15360 MiB, 100 %
2026/09/30 04:44:43.776, 10579 MiB, 15360 MiB, 100 %
2026/09/30 04:44:44.780, 10579 MiB, 15360 MiB, 100 %
2026/09/30 04:44:45.785, 10579 MiB, 15360 MiB, 100 %
2026/09/30 04:44:46.794, 10579 MiB, 15360 MiB, 100 %
2026/09/30 04:44:47.802, 10579 MiB, 15360 MiB, 100 %
2026/09/30 04:44:48.807, 10579 MiB, 15360 MiB, 100 %
2026/09/30 04:44:49.811, 10579 MiB, 15360 MiB, 100 %
2026/09/30 04:44:50.813, 10579 MiB, 15360 MiB, 100 %
2026/09/30 04:44:51.817, 10579 MiB, 15360 MiB, 100 %
2026/09/30 04:44:52.821, 10579 MiB, 15360 MiB, 100 %
2026/09/30 04:44:53.824, 10579 MiB, 15360 MiB, 100 %
2026/09/30 04:44:54.826, 10579 MiB, 15360 MiB, 100 %
2026/09/30 04:44:55.829, 10579 MiB, 15360 MiB, 100 %
2026/09/30 04:44:56.832, 10579 MiB, 15360 MiB, 100 %
2026/09/30 04:44:57.837, 10579 MiB, 15360 MiB, 100 %
2026/09/30 04:44:58.844, 10579 MiB, 15360 MiB, 100 %
2026/09/30 04:44:59.850, 10579 MiB, 15360 MiB, 100 %
2026/09/30 04:45:00.859, 10579 MiB, 15360 MiB, 100 %
2026/09/30 04:45:01.863, 10579 MiB, 15360 MiB, 100 %
2026/09/30 04:45:02.865, 10579 MiB, 15360 MiB, 100 %
2026/09/30 04:45:03.868, 10579 MiB, 15360 MiB, 100 %
2026/09/30 04:45:04.870, 10579 MiB, 15360 MiB, 100 %
2026/09/30 04:45:05.874, 10579 MiB, 15360 MiB, 100 %
2026/09/30 04:45:06.877, 10579 MiB, 15360 MiB, 100 %
2026/09/30 04:45:07.883, 10579 MiB, 15360 MiB, 100 %
2026/09/30 04:45:08.890, 10579 MiB, 15360 MiB, 100 %
2026/09/30 04:45:09.893, 10579 MiB, 15360 MiB, 100 %
2026/09/30 04:45:10.895, 10579 MiB, 15360 MiB, 100 %
2026/09/30 04:45:11.900, 10579 MiB, 15360 MiB, 100 %
2026/09/30 04:45:12.904, 10579 MiB, 15360 MiB, 100 %
2026/09/30 04:45:13.911, 10579 MiB, 15360 MiB, 100 %
2026/09/30 04:45:14.916, 10579 MiB, 15360 MiB, 100 %
2026/09/30 04:45:15.922, 10579 MiB, 15360 MiB, 100 %
2026/09/30 04:45:16.925, 10579 MiB, 15360 MiB, 100 %
2026/09/30 04:45:17.927, 10579 MiB, 15360 MiB, 100 %
2026/09/30 04:45:18.930, 10579 MiB, 15360 MiB, 100 %
2026/09/30 04:45:19.932, 10579 MiB, 15360 MiB, 98 %
2026/09/30 04:45:20.935, 10579 MiB, 15360 MiB, 100 %
2026/09/30 04:45:21.938, 10579 MiB, 15360 MiB, 100 %
2026/09/30 04:45:22.941, 10579 MiB, 15360 MiB, 100 %
2026/09/30 04:45:23.943, 10579 MiB, 15360 MiB, 100 %
2026/09/30 04:45:24.947, 10579 MiB, 15360 MiB, 100 %
2026/09/30 04:45:25.951, 10579 MiB, 15360 MiB, 100 %
2026/09/30 04:45:26.959, 10579 MiB, 15360 MiB, 100 %
2026/09/30 04:45:27.968, 10579 MiB, 15360 MiB, 100 %
2026/09/30 04:45:28.974, 10579 MiB, 15360 MiB, 100 %
2026/09/30 04:45:29.978, 10579 MiB, 15360 MiB, 100 %
2026/09/30 04:45:30.982, 10579 MiB, 15360 MiB, 100 %
2026/09/30 04:45:31.986, 10579 MiB, 15360 MiB, 100 %
2026/09/30 04:45:32.989, 10579 MiB, 15360 MiB, 100 %
2026/09/30 04:45:33.994, 10579 MiB, 15360 MiB, 100 %
2026/09/30 04:45:34.997, 10579 MiB, 15360 MiB, 100 %
2026/09/30 04:45:36.000, 10579 MiB, 15360 MiB, 100 %
2026/09/30 04:45:37.002, 10579 MiB, 15360 MiB, 100 %
2026/09/30 04:45:38.004, 10579 MiB, 15360 MiB, 100 %
2026/09/30 04:45:39.007, 10579 MiB, 15360 MiB, 100 %
2026/09/30 04:45:40.011, 10579 MiB, 15360 MiB, 100 %
2026/09/30 04:45:41.018, 10579 MiB, 15360 MiB, 100 %
2026/09/30 04:45:42.022, 10579 MiB, 15360 MiB, 100 %
2026/09/30 04:45:43.025, 10579 MiB, 15360 MiB, 100 %
2026/09/30 04:45:44.028, 10579 MiB, 15360 MiB, 100 %
2026/09/30 04:45:45.030, 10579 MiB, 15360 MiB, 100 %
2026/09/30 04:45:46.034, 10579 MiB, 15360 MiB, 100 %
2026/09/30 04:45:47.036, 10579 MiB, 15360 MiB, 100 %
2026/09/30 04:45:48.039, 10579 MiB, 15360 MiB, 100 %
2026/09/30 04:45:49.042, 10579 MiB, 15360 MiB, 100 %
2026/09/30 04:45:50.044, 10579 MiB, 15360 MiB, 100 %
2026/09/30 04:45:51.047, 10579 MiB, 15360 MiB, 100 %
2026/09/30 04:45:52.050, 10579 MiB, 15360 MiB, 100 %
2026/09/30 04:45:53.053, 10579 MiB, 15360 MiB, 100 %
2026/09/30 04:45:54.057, 10579 MiB, 15360 MiB, 100 %
2026/09/30 04:45:55.065, 10579 MiB, 15360 MiB, 100 %
2026/09/30 04:45:56.070, 10579 MiB, 15360 MiB, 100 %
2026/09/30 04:45:57.080, 10579 MiB, 15360 MiB, 100 %
2026/09/30 04:45:58.088, 10579 MiB, 15360 MiB, 100 %
2026/09/30 04:45:59.090, 10579 MiB, 15360 MiB, 100 %
2026/09/30 04:46:00.093, 10579 MiB, 15360 MiB, 100 %
2026/09/30 04:46:01.095, 10579 MiB, 15360 MiB, 100 %
2026/09/30 04:46:02.098, 10579 MiB, 15360 MiB, 100 %
2026/09/30 04:46:03.100, 10579 MiB, 15360 MiB, 100 %
2026/09/30 04:46:04.103, 10579 MiB, 15360 MiB, 100 %
2026/09/30 04:46:05.105, 10579 MiB, 15360 MiB, 100 %
2026/09/30 04:46:06.108, 10579 MiB, 15360 MiB, 99 %
2026/09/30 04:46:07.110, 10579 MiB, 15360 MiB, 100 %
2026/09/30 04:46:08.113, 10579 MiB, 15360 MiB, 100 %
2026/09/30 04:46:09.116, 10579 MiB, 15360 MiB, 100 %
2026/09/30 04:46:10.122, 10579 MiB, 15360 MiB, 100 %
2026/09/30 04:46:11.125, 10579 MiB, 15360 MiB, 100 %
2026/09/30 04:46:12.129, 10579 MiB, 15360 MiB, 100 %
2026/09/30 04:46:13.134, 10579 MiB, 15360 MiB, 100 %
2026/09/30 04:46:14.137, 10579 MiB, 15360 MiB, 100 %
2026/09/30 04:46:15.139, 10579 MiB, 15360 MiB, 100 %
2026/09/30 04:46:16.142, 10579 MiB, 15360 MiB, 100 %
2026/09/30 04:46:17.144, 10579 MiB, 15360 MiB, 100 %
2026/09/30 04:46:18.147, 10579 MiB, 15360 MiB, 100 %
2026/09/30 04:46:19.150, 10579 MiB, 15360 MiB, 100 %
2026/09/30 04:46:20.154, 10579 MiB, 15360 MiB, 100 %
2026/09/30 04:46:21.160, 10579 MiB, 15360 MiB, 100 %
2026/09/30 04:46:22.163, 10579 MiB, 15360 MiB, 100 %
2026/09/30 04:46:23.167, 10579 MiB, 15360 MiB, 100 %
2026/09/30 04:46:24.172, 10579 MiB, 15360 MiB, 100 %
2026/09/30 04:46:25.175, 10579 MiB, 15360 MiB, 100 %
2026/09/30 04:46:26.182, 10579 MiB, 15360 MiB, 100 %
2026/09/30 04:46:27.190, 10579 MiB, 15360 MiB, 100 %
2026/09/30 04:46:28.194, 10579 MiB, 15360 MiB, 100 %
2026/09/30 04:46:29.197, 10579 MiB, 15360 MiB, 100 %
2026/09/30 04:46:30.201, 10579 MiB, 15360 MiB, 100 %
2026/09/30 04:46:31.203, 10579 MiB, 15360 MiB, 100 %
2026/09/30 04:46:32.206, 10579 MiB, 15360 MiB, 100 %
2026/09/30 04:46:33.209, 10579 MiB, 15360 MiB, 100 %
2026/09/30 04:46:34.211, 10579 MiB, 15360 MiB, 100 %
2026/09/30 04:46:35.214, 10579 MiB, 15360 MiB, 100 %
2026/09/30 04:46:36.216, 10579 MiB, 15360 MiB, 100 %
2026/09/30 04:46:37.220, 10579 MiB, 15360 MiB, 32 %
2026/09/30 04:46:38.231, 10579 MiB, 15360 MiB, 100 %
2026/09/30 04:46:39.239, 10579 MiB, 15360 MiB, 100 %
2026/09/30 04:46:40.247, 10579 MiB, 15360 MiB, 100 %
2026/09/30 04:46:41.249, 10579 MiB, 15360 MiB, 100 %
2026/09/30 04:46:42.252, 10579 MiB, 15360 MiB, 100 %
2026/09/30 04:46:43.256, 10579 MiB, 15360 MiB, 95 %
2026/09/30 04:46:44.266, 10579 MiB, 15360 MiB, 100 %
2026/09/30 04:46:45.269, 10579 MiB, 15360 MiB, 100 %
2026/09/30 04:46:46.271, 10579 MiB, 15360 MiB, 100 %
2026/09/30 04:46:47.274, 10579 MiB, 15360 MiB, 100 %
2026/09/30 04:46:48.277, 10579 MiB, 15360 MiB, 100 %
2026/09/30 04:46:49.280, 10579 MiB, 15360 MiB, 100 %
2026/09/30 04:46:50.282, 10579 MiB, 15360 MiB, 100 %
2026/09/30 04:46:51.286, 10579 MiB, 15360 MiB, 100 %
2026/09/30 04:46:52.294, 10579 MiB, 15360 MiB, 100 %
2026/09/30 04:46:53.301, 10579 MiB, 15360 MiB, 100 %
2026/09/30 04:46:54.309, 10579 MiB, 15360 MiB, 100 %
2026/09/30 04:46:55.311, 10579 MiB, 15360 MiB, 100 %
2026/09/30 04:46:56.314, 10579 MiB, 15360 MiB, 100 %
2026/09/30 04:46:57.317, 10579 MiB, 15360 MiB, 100 %
2026/09/30 04:46:58.319, 10579 MiB, 15360 MiB, 100 %
2026/09/30 04:46:59.322, 10579 MiB, 15360 MiB, 100 %
2026/09/30 04:47:00.325, 10579 MiB, 15360 MiB, 100 %
2026/09/30 04:47:01.328, 10579 MiB, 15360 MiB, 100 %
2026/09/30 04:47:02.330, 10579 MiB, 15360 MiB, 100 %
2026/09/30 04:47:03.333, 10579 MiB, 15360 MiB, 100 %
2026/09/30 04:47:04.336, 10579 MiB, 15360 MiB, 100 %
2026/09/30 04:47:05.341, 10579 MiB, 15360 MiB, 100 %
2026/09/30 04:47:06.346, 10579 MiB, 15360 MiB, 100 %
2026/09/30 04:47:07.358, 10579 MiB, 15360 MiB, 100 %
2026/09/30 04:47:08.362, 10579 MiB, 15360 MiB, 100 %
2026/09/30 04:47:09.364, 10579 MiB, 15360 MiB, 100 %
2026/09/30 04:47:10.367, 10579 MiB, 15360 MiB, 100 %
2026/09/30 04:47:11.370, 10579 MiB, 15360 MiB, 100 %
2026/09/30 04:47:12.372, 10579 MiB, 15360 MiB, 100 %
2026/09/30 04:47:13.375, 10579 MiB, 15360 MiB, 100 %
2026/09/30 04:47:14.377, 10579 MiB, 15360 MiB, 100 %
2026/09/30 04:47:15.381, 10579 MiB, 15360 MiB, 100 %
2026/09/30 04:47:16.383, 10579 MiB, 15360 MiB, 100 %
2026/09/30 04:47:17.386, 10579 MiB, 15360 MiB, 100 %
2026/09/30 04:47:18.391, 10579 MiB, 15360 MiB, 100 %
2026/09/30 04:47:19.397, 10579 MiB, 15360 MiB, 100 %
2026/09/30 04:47:20.405, 10579 MiB, 15360 MiB, 100 %
2026/09/30 04:47:21.408, 10579 MiB, 15360 MiB, 100 %
2026/09/30 04:47:22.415, 10579 MiB, 15360 MiB, 100 %
2026/09/30 04:47:23.418, 10579 MiB, 15360 MiB, 100 %
2026/09/30 04:47:24.421, 10579 MiB, 15360 MiB, 100 %
2026/09/30 04:47:25.423, 10579 MiB, 15360 MiB, 100 %
2026/09/30 04:47:26.426, 10579 MiB, 15360 MiB, 100 %
2026/09/30 04:47:27.429, 10579 MiB, 15360 MiB, 100 %
2026/09/30 04:47:28.431, 10579 MiB, 15360 MiB, 100 %
2026/09/30 04:47:29.434, 10579 MiB, 15360 MiB, 100 %
2026/09/30 04:47:30.437, 10579 MiB, 15360 MiB, 100 %
2026/09/30 04:47:31.439, 10579 MiB, 15360 MiB, 100 %
2026/09/30 04:47:32.443, 10579 MiB, 15360 MiB, 100 %
2026/09/30 04:47:33.448, 10579 MiB, 15360 MiB, 100 %
2026/09/30 04:47:34.456, 10579 MiB, 15360 MiB, 100 %
2026/09/30 04:47:35.463, 10579 MiB, 15360 MiB, 100 %
2026/09/30 04:47:36.468, 10579 MiB, 15360 MiB, 100 %
2026/09/30 04:47:37.470, 10579 MiB, 15360 MiB, 100 %
2026/09/30 04:47:38.473, 10579 MiB, 15360 MiB, 100 %
2026/09/30 04:47:39.476, 10579 MiB, 15360 MiB, 100 %
2026/09/30 04:47:40.478, 10579 MiB, 15360 MiB, 100 %
2026/09/30 04:47:41.481, 10579 MiB, 15360 MiB, 100 %
2026/09/30 04:47:42.484, 10579 MiB, 15360 MiB, 100 %
2026/09/30 04:47:43.486, 10579 MiB, 15360 MiB, 100 %
2026/09/30 04:47:44.489, 10579 MiB, 15360 MiB, 100 %
2026/09/30 04:47:45.491, 10579 MiB, 15360 MiB, 100 %
2026/09/30 04:47:46.494, 10579 MiB, 15360 MiB, 100 %
2026/09/30 04:47:47.503, 10579 MiB, 15360 MiB, 100 %
2026/09/30 04:47:48.505, 10579 MiB, 15360 MiB, 100 %
2026/09/30 04:47:49.509, 10579 MiB, 15360 MiB, 100 %
2026/09/30 04:47:50.513, 10579 MiB, 15360 MiB, 100 %
2026/09/30 04:47:51.516, 10579 MiB, 15360 MiB, 100 %
2026/09/30 04:47:52.518, 10579 MiB, 15360 MiB, 100 %
2026/09/30 04:47:53.521, 10579 MiB, 15360 MiB, 100 %
2026/09/30 04:47:54.525, 10579 MiB, 15360 MiB, 100 %
2026/09/30 04:47:55.528, 10579 MiB, 15360 MiB, 100 %
2026/09/30 04:47:56.531, 10579 MiB, 15360 MiB, 100 %
2026/09/30 04:47:57.535, 10579 MiB, 15360 MiB, 100 %
2026/09/30 04:47:58.537, 10579 MiB, 15360 MiB, 100 %
2026/09/30 04:47:59.544, 10579 MiB, 15360 MiB, 100 %
2026/09/30 04:48:00.551, 10579 MiB, 15360 MiB, 100 %
2026/09/30 04:48:01.559, 10579 MiB, 15360 MiB, 100 %
2026/09/30 04:48:02.564, 10579 MiB, 15360 MiB, 100 %
2026/09/30 04:48:03.567, 10579 MiB, 15360 MiB, 100 %
2026/09/30 04:48:04.570, 10579 MiB, 15360 MiB, 100 %
2026/09/30 04:48:05.573, 10579 MiB, 15360 MiB, 100 %
2026/09/30 04:48:06.575, 10579 MiB, 15360 MiB, 100 %
2026/09/30 04:48:07.578, 10579 MiB, 15360 MiB, 100 %
2026/09/30 04:48:08.583, 10579 MiB, 15360 MiB, 100 %
2026/09/30 04:48:09.587, 10579 MiB, 15360 MiB, 100 %
2026/09/30 04:48:10.589, 10579 MiB, 15360 MiB, 100 %
2026/09/30 04:48:11.592, 10579 MiB, 15360 MiB, 100 %
2026/09/30 04:48:12.595, 10579 MiB, 15360 MiB, 100 %
2026/09/30 04:48:13.597, 10579 MiB, 15360 MiB, 100 %
2026/09/30 04:48:14.602, 10579 MiB, 15360 MiB, 100 %
2026/09/30 04:48:15.610, 10579 MiB, 15360 MiB, 100 %
2026/09/30 04:48:16.619, 10579 MiB, 15360 MiB, 100 %
2026/09/30 04:48:17.629, 10579 MiB, 15360 MiB, 100 %
2026/09/30 04:48:18.634, 10579 MiB, 15360 MiB, 100 %
2026/09/30 04:48:19.637, 10579 MiB, 15360 MiB, 100 %
2026/09/30 04:48:20.640, 10581 MiB, 15360 MiB, 100 %
2026/09/30 04:48:21.642, 10581 MiB, 15360 MiB, 100 %
2026/09/30 04:48:22.645, 10581 MiB, 15360 MiB, 100 %
2026/09/30 04:48:23.648, 10581 MiB, 15360 MiB, 100 %
2026/09/30 04:48:24.651, 10581 MiB, 15360 MiB, 100 %
2026/09/30 04:48:25.655, 10581 MiB, 15360 MiB, 100 %
2026/09/30 04:48:26.666, 10581 MiB, 15360 MiB, 100 %
2026/09/30 04:48:27.669, 10581 MiB, 15360 MiB, 100 %
2026/09/30 04:48:28.673, 10581 MiB, 15360 MiB, 100 %
2026/09/30 04:48:29.677, 10581 MiB, 15360 MiB, 100 %
2026/09/30 04:48:30.682, 10581 MiB, 15360 MiB, 100 %
2026/09/30 04:48:31.686, 10581 MiB, 15360 MiB, 100 %
2026/09/30 04:48:32.690, 10581 MiB, 15360 MiB, 100 %
2026/09/30 04:48:33.692, 10581 MiB, 15360 MiB, 100 %
2026/09/30 04:48:34.696, 10581 MiB, 15360 MiB, 100 %
2026/09/30 04:48:35.698, 10581 MiB, 15360 MiB, 100 %
2026/09/30 04:48:36.701, 10581 MiB, 15360 MiB, 100 %
2026/09/30 04:48:37.703, 10581 MiB, 15360 MiB, 100 %
2026/09/30 04:48:38.706, 10581 MiB, 15360 MiB, 100 %
2026/09/30 04:48:39.709, 10581 MiB, 15360 MiB, 100 %
2026/09/30 04:48:40.713, 10581 MiB, 15360 MiB, 100 %
2026/09/30 04:48:41.715, 10581 MiB, 15360 MiB, 100 %
2026/09/30 04:48:42.719, 10581 MiB, 15360 MiB, 100 %
2026/09/30 04:48:43.727, 10581 MiB, 15360 MiB, 100 %
2026/09/30 04:48:44.735, 10581 MiB, 15360 MiB, 100 %
2026/09/30 04:48:45.740, 10581 MiB, 15360 MiB, 100 %
2026/09/30 04:48:46.745, 10581 MiB, 15360 MiB, 100 %
2026/09/30 04:48:47.748, 10581 MiB, 15360 MiB, 100 %
2026/09/30 04:48:48.750, 10581 MiB, 15360 MiB, 100 %
2026/09/30 04:48:49.753, 10581 MiB, 15360 MiB, 100 %
2026/09/30 04:48:50.756, 10581 MiB, 15360 MiB, 100 %
2026/09/30 04:48:51.763, 10581 MiB, 15360 MiB, 100 %
2026/09/30 04:48:52.772, 10581 MiB, 15360 MiB, 100 %
2026/09/30 04:48:53.776, 10581 MiB, 15360 MiB, 100 %
2026/09/30 04:48:54.778, 10581 MiB, 15360 MiB, 100 %
2026/09/30 04:48:55.781, 10581 MiB, 15360 MiB, 100 %
2026/09/30 04:48:56.785, 10581 MiB, 15360 MiB, 100 %
2026/09/30 04:48:57.794, 10581 MiB, 15360 MiB, 100 %
2026/09/30 04:48:58.799, 10581 MiB, 15360 MiB, 100 %
2026/09/30 04:48:59.808, 10581 MiB, 15360 MiB, 100 %
2026/09/30 04:49:00.815, 10581 MiB, 15360 MiB, 100 %
2026/09/30 04:49:01.818, 10581 MiB, 15360 MiB, 100 %
2026/09/30 04:49:02.820, 10581 MiB, 15360 MiB, 100 %
2026/09/30 04:49:03.823, 10581 MiB, 15360 MiB, 100 %
2026/09/30 04:49:04.825, 10581 MiB, 15360 MiB, 100 %
2026/09/30 04:49:05.828, 10581 MiB, 15360 MiB, 100 %
2026/09/30 04:49:06.830, 10581 MiB, 15360 MiB, 100 %
2026/09/30 04:49:07.833, 10581 MiB, 15360 MiB, 100 %
2026/09/30 04:49:08.836, 10581 MiB, 15360 MiB, 100 %
2026/09/30 04:49:09.839, 10581 MiB, 15360 MiB, 100 %
2026/09/30 04:49:10.843, 10581 MiB, 15360 MiB, 100 %
2026/09/30 04:49:11.853, 10581 MiB, 15360 MiB, 100 %
2026/09/30 04:49:12.857, 10581 MiB, 15360 MiB, 100 %
2026/09/30 04:49:13.866, 10581 MiB, 15360 MiB, 100 %
2026/09/30 04:49:14.871, 10581 MiB, 15360 MiB, 100 %
2026/09/30 04:49:15.874, 10581 MiB, 15360 MiB, 100 %
2026/09/30 04:49:16.877, 10581 MiB, 15360 MiB, 100 %
2026/09/30 04:49:17.879, 10581 MiB, 15360 MiB, 100 %
2026/09/30 04:49:18.882, 10581 MiB, 15360 MiB, 100 %
2026/09/30 04:49:19.885, 10581 MiB, 15360 MiB, 100 %
2026/09/30 04:49:20.887, 10581 MiB, 15360 MiB, 100 %
2026/09/30 04:49:21.891, 10581 MiB, 15360 MiB, 100 %
2026/09/30 04:49:22.894, 10581 MiB, 15360 MiB, 100 %
2026/09/30 04:49:23.897, 10581 MiB, 15360 MiB, 100 %
2026/09/30 04:49:24.901, 10581 MiB, 15360 MiB, 100 %
2026/09/30 04:49:25.903, 10581 MiB, 15360 MiB, 100 %
2026/09/30 04:49:26.911, 10581 MiB, 15360 MiB, 100 %
2026/09/30 04:49:27.917, 10581 MiB, 15360 MiB, 100 %
2026/09/30 04:49:28.922, 10581 MiB, 15360 MiB, 100 %
2026/09/30 04:49:29.924, 10581 MiB, 15360 MiB, 100 %
2026/09/30 04:49:30.927, 10581 MiB, 15360 MiB, 100 %
2026/09/30 04:49:31.929, 10581 MiB, 15360 MiB, 100 %
2026/09/30 04:49:32.932, 10581 MiB, 15360 MiB, 100 %
2026/09/30 04:49:33.934, 10581 MiB, 15360 MiB, 100 %
2026/09/30 04:49:34.937, 10581 MiB, 15360 MiB, 100 %
2026/09/30 04:49:35.940, 10581 MiB, 15360 MiB, 100 %
2026/09/30 04:49:36.942, 10581 MiB, 15360 MiB, 100 %
2026/09/30 04:49:37.945, 10581 MiB, 15360 MiB, 100 %
2026/09/30 04:49:38.948, 10581 MiB, 15360 MiB, 100 %
2026/09/30 04:49:39.953, 10581 MiB, 15360 MiB, 100 %
2026/09/30 04:49:40.960, 10581 MiB, 15360 MiB, 100 %
2026/09/30 04:49:41.963, 10581 MiB, 15360 MiB, 100 %
2026/09/30 04:49:42.970, 10581 MiB, 15360 MiB, 100 %
2026/09/30 04:49:43.976, 10581 MiB, 15360 MiB, 96 %
2026/09/30 04:49:44.979, 10581 MiB, 15360 MiB, 100 %
2026/09/30 04:49:45.982, 10581 MiB, 15360 MiB, 100 %
2026/09/30 04:49:46.984, 10581 MiB, 15360 MiB, 100 %
2026/09/30 04:49:47.987, 10581 MiB, 15360 MiB, 97 %
2026/09/30 04:49:48.990, 10581 MiB, 15360 MiB, 100 %
2026/09/30 04:49:49.993, 10581 MiB, 15360 MiB, 100 %
2026/09/30 04:49:50.997, 10581 MiB, 15360 MiB, 100 %
2026/09/30 04:49:51.999, 10581 MiB, 15360 MiB, 98 %
2026/09/30 04:49:53.004, 10581 MiB, 15360 MiB, 100 %
2026/09/30 04:49:54.008, 10581 MiB, 15360 MiB, 100 %
2026/09/30 04:49:55.012, 10581 MiB, 15360 MiB, 100 %
2026/09/30 04:49:56.017, 10581 MiB, 15360 MiB, 100 %
2026/09/30 04:49:57.025, 10581 MiB, 15360 MiB, 100 %
2026/09/30 04:49:58.028, 10581 MiB, 15360 MiB, 100 %
2026/09/30 04:49:59.031, 10581 MiB, 15360 MiB, 100 %
2026/09/30 04:50:00.034, 10581 MiB, 15360 MiB, 100 %
2026/09/30 04:50:01.036, 10581 MiB, 15360 MiB, 100 %
2026/09/30 04:50:02.039, 10581 MiB, 15360 MiB, 100 %
2026/09/30 04:50:03.042, 10581 MiB, 15360 MiB, 100 %
2026/09/30 04:50:04.044, 10581 MiB, 15360 MiB, 100 %
2026/09/30 04:50:05.046, 10581 MiB, 15360 MiB, 100 %
2026/09/30 04:50:06.049, 10581 MiB, 15360 MiB, 100 %
2026/09/30 04:50:07.054, 10581 MiB, 15360 MiB, 100 %
2026/09/30 04:50:08.059, 10581 MiB, 15360 MiB, 100 %
2026/09/30 04:50:09.066, 10581 MiB, 15360 MiB, 100 %
2026/09/30 04:50:10.073, 10581 MiB, 15360 MiB, 100 %
2026/09/30 04:50:11.080, 10581 MiB, 15360 MiB, 100 %
2026/09/30 04:50:12.083, 10581 MiB, 15360 MiB, 100 %
2026/09/30 04:50:13.085, 10581 MiB, 15360 MiB, 100 %
2026/09/30 04:50:14.088, 10581 MiB, 15360 MiB, 100 %
2026/09/30 04:50:15.091, 10581 MiB, 15360 MiB, 100 %
2026/09/30 04:50:16.093, 10581 MiB, 15360 MiB, 100 %
2026/09/30 04:50:17.097, 10581 MiB, 15360 MiB, 100 %
2026/09/30 04:50:18.099, 10581 MiB, 15360 MiB, 100 %
2026/09/30 04:50:19.102, 10581 MiB, 15360 MiB, 100 %
2026/09/30 04:50:20.105, 10581 MiB, 15360 MiB, 100 %
2026/09/30 04:50:21.109, 10581 MiB, 15360 MiB, 100 %
2026/09/30 04:50:22.118, 10581 MiB, 15360 MiB, 100 %
2026/09/30 04:50:23.127, 10581 MiB, 15360 MiB, 100 %
2026/09/30 04:50:24.133, 10581 MiB, 15360 MiB, 100 %
2026/09/30 04:50:25.136, 10581 MiB, 15360 MiB, 100 %
2026/09/30 04:50:26.138, 10581 MiB, 15360 MiB, 100 %
2026/09/30 04:50:27.141, 10581 MiB, 15360 MiB, 100 %
2026/09/30 04:50:28.144, 10581 MiB, 15360 MiB, 100 %
2026/09/30 04:50:29.146, 10581 MiB, 15360 MiB, 100 %
2026/09/30 04:50:30.149, 10581 MiB, 15360 MiB, 100 %
2026/09/30 04:50:31.151, 10581 MiB, 15360 MiB, 100 %
2026/09/30 04:50:32.154, 10581 MiB, 15360 MiB, 100 %
2026/09/30 04:50:33.157, 10581 MiB, 15360 MiB, 100 %
2026/09/30 04:50:34.160, 10581 MiB, 15360 MiB, 100 %
2026/09/30 04:50:35.168, 10581 MiB, 15360 MiB, 100 %
2026/09/30 04:50:36.181, 10581 MiB, 15360 MiB, 100 %
2026/09/30 04:50:37.187, 10581 MiB, 15360 MiB, 100 %
2026/09/30 04:50:38.194, 10581 MiB, 15360 MiB, 100 %
2026/09/30 04:50:39.197, 10581 MiB, 15360 MiB, 100 %
2026/09/30 04:50:40.199, 10581 MiB, 15360 MiB, 100 %
2026/09/30 04:50:41.202, 10581 MiB, 15360 MiB, 100 %
2026/09/30 04:50:42.204, 10581 MiB, 15360 MiB, 100 %
2026/09/30 04:50:43.207, 10581 MiB, 15360 MiB, 100 %
2026/09/30 04:50:44.209, 10581 MiB, 15360 MiB, 100 %
2026/09/30 04:50:45.213, 10581 MiB, 15360 MiB, 100 %
2026/09/30 04:50:46.216, 10581 MiB, 15360 MiB, 100 %
2026/09/30 04:50:47.218, 10581 MiB, 15360 MiB, 100 %
2026/09/30 04:50:48.222, 10581 MiB, 15360 MiB, 100 %
2026/09/30 04:50:49.229, 10581 MiB, 15360 MiB, 100 %
2026/09/30 04:50:50.247, 10581 MiB, 15360 MiB, 100 %
2026/09/30 04:50:51.251, 10581 MiB, 15360 MiB, 100 %
2026/09/30 04:50:52.256, 10581 MiB, 15360 MiB, 100 %
2026/09/30 04:50:53.259, 10581 MiB, 15360 MiB, 100 %
2026/09/30 04:50:54.261, 10581 MiB, 15360 MiB, 100 %
2026/09/30 04:50:55.264, 10581 MiB, 15360 MiB, 100 %
2026/09/30 04:50:56.266, 10581 MiB, 15360 MiB, 100 %
2026/09/30 04:50:57.270, 10581 MiB, 15360 MiB, 100 %
2026/09/30 04:50:58.273, 10581 MiB, 15360 MiB, 100 %
2026/09/30 04:50:59.280, 10581 MiB, 15360 MiB, 100 %
2026/09/30 04:51:00.283, 10581 MiB, 15360 MiB, 100 %
2026/09/30 04:51:01.286, 10581 MiB, 15360 MiB, 100 %
2026/09/30 04:51:02.289, 10581 MiB, 15360 MiB, 100 %
2026/09/30 04:51:03.297, 10581 MiB, 15360 MiB, 100 %
2026/09/30 04:51:04.305, 10581 MiB, 15360 MiB, 100 %
2026/09/30 04:51:05.311, 10581 MiB, 15360 MiB, 100 %
2026/09/30 04:51:06.319, 10581 MiB, 15360 MiB, 100 %
2026/09/30 04:51:07.322, 10581 MiB, 15360 MiB, 100 %
2026/09/30 04:51:08.325, 10581 MiB, 15360 MiB, 100 %
2026/09/30 04:51:09.327, 10581 MiB, 15360 MiB, 99 %
2026/09/30 04:51:10.333, 10581 MiB, 15360 MiB, 100 %
2026/09/30 04:51:11.336, 10581 MiB, 15360 MiB, 100 %
2026/09/30 04:51:12.339, 10581 MiB, 15360 MiB, 100 %
2026/09/30 04:51:13.343, 10581 MiB, 15360 MiB, 100 %
2026/09/30 04:51:14.346, 10581 MiB, 15360 MiB, 100 %
2026/09/30 04:51:15.348, 10581 MiB, 15360 MiB, 100 %
2026/09/30 04:51:16.352, 10581 MiB, 15360 MiB, 100 %
2026/09/30 04:51:17.359, 10581 MiB, 15360 MiB, 100 %
2026/09/30 04:51:18.367, 10581 MiB, 15360 MiB, 100 %
2026/09/30 04:51:19.370, 10581 MiB, 15360 MiB, 100 %
2026/09/30 04:51:20.378, 10581 MiB, 15360 MiB, 100 %
2026/09/30 04:51:21.380, 10581 MiB, 15360 MiB, 100 %
2026/09/30 04:51:22.383, 10581 MiB, 15360 MiB, 100 %
2026/09/30 04:51:23.386, 10581 MiB, 15360 MiB, 100 %
2026/09/30 04:51:24.388, 10581 MiB, 15360 MiB, 100 %
2026/09/30 04:51:25.392, 10581 MiB, 15360 MiB, 100 %
2026/09/30 04:51:26.394, 10581 MiB, 15360 MiB, 100 %
2026/09/30 04:51:27.397, 10581 MiB, 15360 MiB, 100 %
2026/09/30 04:51:28.400, 10581 MiB, 15360 MiB, 100 %
2026/09/30 04:51:29.402, 10581 MiB, 15360 MiB, 100 %
2026/09/30 04:51:30.406, 10581 MiB, 15360 MiB, 100 %
2026/09/30 04:51:31.417, 10581 MiB, 15360 MiB, 100 %
2026/09/30 04:51:32.421, 10581 MiB, 15360 MiB, 100 %
2026/09/30 04:51:33.428, 10581 MiB, 15360 MiB, 100 %
2026/09/30 04:51:34.430, 10581 MiB, 15360 MiB, 100 %
2026/09/30 04:51:35.434, 10581 MiB, 15360 MiB, 100 %
2026/09/30 04:51:36.436, 10581 MiB, 15360 MiB, 100 %
2026/09/30 04:51:37.439, 10581 MiB, 15360 MiB, 100 %
2026/09/30 04:51:38.442, 10581 MiB, 15360 MiB, 100 %
2026/09/30 04:51:39.444, 10581 MiB, 15360 MiB, 100 %
2026/09/30 04:51:40.447, 10581 MiB, 15360 MiB, 100 %
2026/09/30 04:51:41.450, 10581 MiB, 15360 MiB, 100 %
2026/09/30 04:51:42.452, 10581 MiB, 15360 MiB, 100 %
2026/09/30 04:51:43.456, 10581 MiB, 15360 MiB, 100 %
2026/09/30 04:51:44.459, 10581 MiB, 15360 MiB, 100 %
2026/09/30 04:51:45.465, 10581 MiB, 15360 MiB, 100 %
2026/09/30 04:51:46.473, 10581 MiB, 15360 MiB, 100 %
2026/09/30 04:51:47.482, 10581 MiB, 15360 MiB, 100 %
2026/09/30 04:51:48.489, 10581 MiB, 15360 MiB, 100 %
2026/09/30 04:51:49.492, 10581 MiB, 15360 MiB, 100 %
2026/09/30 04:51:50.495, 10581 MiB, 15360 MiB, 100 %
2026/09/30 04:51:51.497, 10581 MiB, 15360 MiB, 100 %
2026/09/30 04:51:52.500, 10581 MiB, 15360 MiB, 100 %
2026/09/30 04:51:53.503, 10581 MiB, 15360 MiB, 100 %
2026/09/30 04:51:54.506, 10581 MiB, 15360 MiB, 100 %
2026/09/30 04:51:55.509, 10581 MiB, 15360 MiB, 100 %
2026/09/30 04:51:56.512, 10581 MiB, 15360 MiB, 100 %
2026/09/30 04:51:57.514, 10581 MiB, 15360 MiB, 100 %
2026/09/30 04:51:58.518, 10581 MiB, 15360 MiB, 92 %
2026/09/30 04:51:59.526, 10581 MiB, 15360 MiB, 100 %
2026/09/30 04:52:00.529, 10581 MiB, 15360 MiB, 100 %
2026/09/30 04:52:01.535, 12953 MiB, 15360 MiB, 100 %
2026/09/30 04:52:02.542, 12953 MiB, 15360 MiB, 100 %
2026/09/30 04:52:03.545, 12953 MiB, 15360 MiB, 100 %
2026/09/30 04:52:04.547, 12953 MiB, 15360 MiB, 100 %
2026/09/30 04:52:05.551, 12953 MiB, 15360 MiB, 100 %
2026/09/30 04:52:06.554, 12953 MiB, 15360 MiB, 100 %
2026/09/30 04:52:07.556, 12953 MiB, 15360 MiB, 100 %
2026/09/30 04:52:08.559, 12953 MiB, 15360 MiB, 100 %
2026/09/30 04:52:09.561, 12953 MiB, 15360 MiB, 100 %
2026/09/30 04:52:10.564, 12953 MiB, 15360 MiB, 100 %
2026/09/30 04:52:11.566, 12953 MiB, 15360 MiB, 100 %
2026/09/30 04:52:12.569, 12953 MiB, 15360 MiB, 100 %
2026/09/30 04:52:13.574, 10613 MiB, 15360 MiB, 100 %
2026/09/30 04:52:14.577, 10613 MiB, 15360 MiB, 100 %
2026/09/30 04:52:15.581, 10613 MiB, 15360 MiB, 100 %
2026/09/30 04:52:16.585, 10613 MiB, 15360 MiB, 100 %
2026/09/30 04:52:17.587, 10613 MiB, 15360 MiB, 100 %
2026/09/30 04:52:18.590, 10613 MiB, 15360 MiB, 100 %
2026/09/30 04:52:19.593, 10613 MiB, 15360 MiB, 100 %
2026/09/30 04:52:20.596, 10613 MiB, 15360 MiB, 100 %
2026/09/30 04:52:21.599, 10613 MiB, 15360 MiB, 100 %
2026/09/30 04:52:22.606, 10613 MiB, 15360 MiB, 100 %
2026/09/30 04:52:23.609, 10613 MiB, 15360 MiB, 100 %
2026/09/30 04:52:24.611, 10613 MiB, 15360 MiB, 100 %
2026/09/30 04:52:25.615, 10613 MiB, 15360 MiB, 100 %
2026/09/30 04:52:26.619, 10613 MiB, 15360 MiB, 100 %
2026/09/30 04:52:27.624, 10615 MiB, 15360 MiB, 94 %
2026/09/30 04:52:28.635, 10615 MiB, 15360 MiB, 100 %
2026/09/30 04:52:29.644, 10617 MiB, 15360 MiB, 100 %
2026/09/30 04:52:30.649, 10617 MiB, 15360 MiB, 100 %
2026/09/30 04:52:31.652, 10617 MiB, 15360 MiB, 100 %
2026/09/30 04:52:32.654, 10617 MiB, 15360 MiB, 100 %
2026/09/30 04:52:33.657, 10617 MiB, 15360 MiB, 98 %
2026/09/30 04:52:34.660, 10617 MiB, 15360 MiB, 100 %
2026/09/30 04:52:35.663, 10617 MiB, 15360 MiB, 100 %
2026/09/30 04:52:36.666, 10617 MiB, 15360 MiB, 100 %
2026/09/30 04:52:37.668, 10617 MiB, 15360 MiB, 100 %
2026/09/30 04:52:38.671, 10617 MiB, 15360 MiB, 100 %
2026/09/30 04:52:39.673, 10617 MiB, 15360 MiB, 100 %
2026/09/30 04:52:40.678, 10617 MiB, 15360 MiB, 100 %
2026/09/30 04:52:41.686, 10617 MiB, 15360 MiB, 100 %
2026/09/30 04:52:42.690, 10617 MiB, 15360 MiB, 100 %
2026/09/30 04:52:43.695, 10617 MiB, 15360 MiB, 100 %
2026/09/30 04:52:44.704, 10617 MiB, 15360 MiB, 100 %
2026/09/30 04:52:45.707, 10617 MiB, 15360 MiB, 100 %
2026/09/30 04:52:46.709, 10617 MiB, 15360 MiB, 100 %
2026/09/30 04:52:47.712, 10617 MiB, 15360 MiB, 100 %
2026/09/30 04:52:48.715, 10617 MiB, 15360 MiB, 100 %
2026/09/30 04:52:49.717, 10617 MiB, 15360 MiB, 100 %
2026/09/30 04:52:50.720, 10617 MiB, 15360 MiB, 100 %
2026/09/30 04:52:51.722, 10617 MiB, 15360 MiB, 100 %
2026/09/30 04:52:52.725, 10617 MiB, 15360 MiB, 100 %
2026/09/30 04:52:53.728, 10617 MiB, 15360 MiB, 100 %
2026/09/30 04:52:54.732, 10617 MiB, 15360 MiB, 100 %
2026/09/30 04:52:55.741, 10617 MiB, 15360 MiB, 100 %
2026/09/30 04:52:56.746, 10617 MiB, 15360 MiB, 100 %
2026/09/30 04:52:57.753, 10617 MiB, 15360 MiB, 100 %
2026/09/30 04:52:58.756, 10617 MiB, 15360 MiB, 100 %
2026/09/30 04:52:59.759, 10617 MiB, 15360 MiB, 100 %
2026/09/30 04:53:00.761, 10617 MiB, 15360 MiB, 100 %
2026/09/30 04:53:01.763, 10617 MiB, 15360 MiB, 100 %
2026/09/30 04:53:02.766, 10617 MiB, 15360 MiB, 100 %
2026/09/30 04:53:03.769, 10617 MiB, 15360 MiB, 100 %
2026/09/30 04:53:04.772, 10617 MiB, 15360 MiB, 100 %
2026/09/30 04:53:05.776, 10617 MiB, 15360 MiB, 100 %
2026/09/30 04:53:06.785, 10617 MiB, 15360 MiB, 100 %
2026/09/30 04:53:07.788, 10617 MiB, 15360 MiB, 100 %
2026/09/30 04:53:08.792, 10617 MiB, 15360 MiB, 100 %
2026/09/30 04:53:09.797, 10617 MiB, 15360 MiB, 100 %
2026/09/30 04:53:10.800, 10617 MiB, 15360 MiB, 100 %
2026/09/30 04:53:11.802, 10617 MiB, 15360 MiB, 100 %
2026/09/30 04:53:12.805, 10617 MiB, 15360 MiB, 100 %
2026/09/30 04:53:13.808, 10617 MiB, 15360 MiB, 100 %
2026/09/30 04:53:14.811, 10619 MiB, 15360 MiB, 82 %
2026/09/30 04:53:15.813, 10619 MiB, 15360 MiB, 100 %
2026/09/30 04:53:16.816, 10619 MiB, 15360 MiB, 100 %
2026/09/30 04:53:17.819, 10619 MiB, 15360 MiB, 100 %
2026/09/30 04:53:18.822, 10619 MiB, 15360 MiB, 100 %
2026/09/30 04:53:19.824, 10619 MiB, 15360 MiB, 100 %
2026/09/30 04:53:20.826, 10619 MiB, 15360 MiB, 100 %
2026/09/30 04:53:21.831, 10619 MiB, 15360 MiB, 100 %
2026/09/30 04:53:22.839, 10619 MiB, 15360 MiB, 100 %
2026/09/30 04:53:23.842, 10619 MiB, 15360 MiB, 94 %
2026/09/30 04:53:24.848, 10619 MiB, 15360 MiB, 100 %
2026/09/30 04:53:25.852, 10619 MiB, 15360 MiB, 100 %
2026/09/30 04:53:26.854, 10619 MiB, 15360 MiB, 100 %
2026/09/30 04:53:27.857, 10619 MiB, 15360 MiB, 100 %
2026/09/30 04:53:28.861, 10619 MiB, 15360 MiB, 100 %
2026/09/30 04:53:29.871, 10619 MiB, 15360 MiB, 100 %
2026/09/30 04:53:30.873, 10619 MiB, 15360 MiB, 100 %
2026/09/30 04:53:31.876, 10619 MiB, 15360 MiB, 100 %
2026/09/30 04:53:32.879, 10619 MiB, 15360 MiB, 100 %
2026/09/30 04:53:33.882, 10619 MiB, 15360 MiB, 100 %
2026/09/30 04:53:34.884, 10619 MiB, 15360 MiB, 100 %
2026/09/30 04:53:35.888, 10619 MiB, 15360 MiB, 100 %
2026/09/30 04:53:36.895, 10619 MiB, 15360 MiB, 98 %
2026/09/30 04:53:37.900, 10619 MiB, 15360 MiB, 100 %
2026/09/30 04:53:38.905, 10619 MiB, 15360 MiB, 100 %
2026/09/30 04:53:39.908, 10619 MiB, 15360 MiB, 100 %
2026/09/30 04:53:40.911, 10619 MiB, 15360 MiB, 100 %
2026/09/30 04:53:41.913, 10619 MiB, 15360 MiB, 100 %
2026/09/30 04:53:42.916, 10619 MiB, 15360 MiB, 100 %
2026/09/30 04:53:43.920, 10619 MiB, 15360 MiB, 100 %
2026/09/30 04:53:44.922, 10619 MiB, 15360 MiB, 100 %
2026/09/30 04:53:45.925, 10619 MiB, 15360 MiB, 100 %
2026/09/30 04:53:46.927, 10619 MiB, 15360 MiB, 100 %
2026/09/30 04:53:47.930, 10619 MiB, 15360 MiB, 100 %
2026/09/30 04:53:48.932, 10619 MiB, 15360 MiB, 96 %
2026/09/30 04:53:49.935, 10619 MiB, 15360 MiB, 100 %
2026/09/30 04:53:50.944, 10619 MiB, 15360 MiB, 100 %
2026/09/30 04:53:51.956, 10619 MiB, 15360 MiB, 100 %
2026/09/30 04:53:52.963, 10619 MiB, 15360 MiB, 100 %
2026/09/30 04:53:53.972, 10619 MiB, 15360 MiB, 100 %
2026/09/30 04:53:54.976, 10619 MiB, 15360 MiB, 100 %
2026/09/30 04:53:55.982, 10619 MiB, 15360 MiB, 100 %
2026/09/30 04:53:56.985, 10619 MiB, 15360 MiB, 100 %
2026/09/30 04:53:57.989, 10619 MiB, 15360 MiB, 100 %
2026/09/30 04:53:58.993, 10619 MiB, 15360 MiB, 100 %
2026/09/30 04:53:59.998, 10619 MiB, 15360 MiB, 100 %
2026/09/30 04:54:01.002, 10619 MiB, 15360 MiB, 100 %
2026/09/30 04:54:02.006, 10619 MiB, 15360 MiB, 98 %
2026/09/30 04:54:03.009, 10619 MiB, 15360 MiB, 100 %
2026/09/30 04:54:04.013, 10619 MiB, 15360 MiB, 100 %
2026/09/30 04:54:05.019, 10619 MiB, 15360 MiB, 100 %
2026/09/30 04:54:06.023, 10619 MiB, 15360 MiB, 100 %
2026/09/30 04:54:07.028, 10619 MiB, 15360 MiB, 100 %
2026/09/30 04:54:08.035, 10619 MiB, 15360 MiB, 100 %
2026/09/30 04:54:09.038, 10619 MiB, 15360 MiB, 100 %
2026/09/30 04:54:10.041, 10619 MiB, 15360 MiB, 100 %
2026/09/30 04:54:11.043, 10619 MiB, 15360 MiB, 100 %
2026/09/30 04:54:12.046, 10619 MiB, 15360 MiB, 100 %
2026/09/30 04:54:13.049, 10619 MiB, 15360 MiB, 100 %
2026/09/30 04:54:14.051, 10619 MiB, 15360 MiB, 100 %
2026/09/30 04:54:15.054, 10619 MiB, 15360 MiB, 100 %
2026/09/30 04:54:16.057, 10619 MiB, 15360 MiB, 100 %
2026/09/30 04:54:17.060, 10619 MiB, 15360 MiB, 100 %
2026/09/30 04:54:18.063, 10619 MiB, 15360 MiB, 100 %
2026/09/30 04:54:19.072, 10619 MiB, 15360 MiB, 100 %
2026/09/30 04:54:20.077, 10619 MiB, 15360 MiB, 100 %
2026/09/30 04:54:21.083, 10619 MiB, 15360 MiB, 100 %
2026/09/30 04:54:22.087, 10619 MiB, 15360 MiB, 100 %
2026/09/30 04:54:23.089, 10619 MiB, 15360 MiB, 100 %
2026/09/30 04:54:24.092, 10619 MiB, 15360 MiB, 100 %
2026/09/30 04:54:25.094, 10619 MiB, 15360 MiB, 100 %
2026/09/30 04:54:26.097, 10619 MiB, 15360 MiB, 100 %
2026/09/30 04:54:27.099, 10619 MiB, 15360 MiB, 100 %
2026/09/30 04:54:28.102, 10619 MiB, 15360 MiB, 100 %
2026/09/30 04:54:29.104, 10619 MiB, 15360 MiB, 100 %
2026/09/30 04:54:30.107, 10619 MiB, 15360 MiB, 100 %
2026/09/30 04:54:31.110, 10619 MiB, 15360 MiB, 100 %
2026/09/30 04:54:32.113, 10619 MiB, 15360 MiB, 100 %
2026/09/30 04:54:33.121, 10619 MiB, 15360 MiB, 100 %
2026/09/30 04:54:34.124, 10619 MiB, 15360 MiB, 100 %
2026/09/30 04:54:35.129, 10619 MiB, 15360 MiB, 100 %
2026/09/30 04:54:36.132, 10619 MiB, 15360 MiB, 100 %
2026/09/30 04:54:37.135, 10619 MiB, 15360 MiB, 100 %
2026/09/30 04:54:38.138, 10619 MiB, 15360 MiB, 100 %
2026/09/30 04:54:39.140, 10619 MiB, 15360 MiB, 100 %
2026/09/30 04:54:40.144, 10619 MiB, 15360 MiB, 100 %
2026/09/30 04:54:41.147, 10619 MiB, 15360 MiB, 100 %
2026/09/30 04:54:42.150, 10619 MiB, 15360 MiB, 100 %
2026/09/30 04:54:43.152, 10619 MiB, 15360 MiB, 100 %
2026/09/30 04:54:44.156, 10619 MiB, 15360 MiB, 100 %
2026/09/30 04:54:45.158, 10619 MiB, 15360 MiB, 100 %
2026/09/30 04:54:46.162, 10619 MiB, 15360 MiB, 100 %
2026/09/30 04:54:47.166, 10619 MiB, 15360 MiB, 100 %
2026/09/30 04:54:48.176, 10619 MiB, 15360 MiB, 100 %
2026/09/30 04:54:49.186, 10619 MiB, 15360 MiB, 100 %
2026/09/30 04:54:50.190, 10619 MiB, 15360 MiB, 100 %
2026/09/30 04:54:51.193, 10619 MiB, 15360 MiB, 100 %
2026/09/30 04:54:52.195, 10619 MiB, 15360 MiB, 100 %
2026/09/30 04:54:53.199, 10619 MiB, 15360 MiB, 100 %
2026/09/30 04:54:54.202, 10619 MiB, 15360 MiB, 100 %
2026/09/30 04:54:55.206, 10619 MiB, 15360 MiB, 100 %
2026/09/30 04:54:56.208, 10619 MiB, 15360 MiB, 100 %
2026/09/30 04:54:57.211, 10619 MiB, 15360 MiB, 100 %
2026/09/30 04:54:58.214, 10619 MiB, 15360 MiB, 98 %
2026/09/30 04:54:59.216, 10619 MiB, 15360 MiB, 100 %
2026/09/30 04:55:00.220, 10619 MiB, 15360 MiB, 100 %
2026/09/30 04:55:01.225, 10619 MiB, 15360 MiB, 100 %
2026/09/30 04:55:02.233, 10619 MiB, 15360 MiB, 100 %
2026/09/30 04:55:03.242, 10619 MiB, 15360 MiB, 100 %
2026/09/30 04:55:04.251, 10619 MiB, 15360 MiB, 100 %
2026/09/30 04:55:05.254, 10619 MiB, 15360 MiB, 100 %
2026/09/30 04:55:06.256, 10619 MiB, 15360 MiB, 100 %
2026/09/30 04:55:07.260, 10619 MiB, 15360 MiB, 100 %
2026/09/30 04:55:08.262, 10619 MiB, 15360 MiB, 100 %
2026/09/30 04:55:09.265, 10619 MiB, 15360 MiB, 100 %
2026/09/30 04:55:10.269, 10619 MiB, 15360 MiB, 100 %
2026/09/30 04:55:11.271, 10619 MiB, 15360 MiB, 100 %
2026/09/30 04:55:12.275, 10619 MiB, 15360 MiB, 100 %
2026/09/30 04:55:13.278, 10619 MiB, 15360 MiB, 100 %
2026/09/30 04:55:14.288, 10619 MiB, 15360 MiB, 100 %
2026/09/30 04:55:15.293, 10619 MiB, 15360 MiB, 100 %
2026/09/30 04:55:16.300, 10619 MiB, 15360 MiB, 100 %
2026/09/30 04:55:17.302, 10619 MiB, 15360 MiB, 100 %
2026/09/30 04:55:18.310, 10619 MiB, 15360 MiB, 100 %
2026/09/30 04:55:19.312, 10619 MiB, 15360 MiB, 100 %
2026/09/30 04:55:20.315, 10619 MiB, 15360 MiB, 100 %
2026/09/30 04:55:21.318, 10619 MiB, 15360 MiB, 100 %
2026/09/30 04:55:22.321, 10619 MiB, 15360 MiB, 100 %
2026/09/30 04:55:23.323, 10619 MiB, 15360 MiB, 100 %
2026/09/30 04:55:24.326, 10619 MiB, 15360 MiB, 100 %
2026/09/30 04:55:25.329, 10619 MiB, 15360 MiB, 100 %
2026/09/30 04:55:26.332, 10619 MiB, 15360 MiB, 100 %
2026/09/30 04:55:27.336, 10619 MiB, 15360 MiB, 100 %
2026/09/30 04:55:28.339, 10619 MiB, 15360 MiB, 100 %
2026/09/30 04:55:29.347, 10619 MiB, 15360 MiB, 100 %
2026/09/30 04:55:30.355, 10619 MiB, 15360 MiB, 100 %
2026/09/30 04:55:31.363, 10619 MiB, 15360 MiB, 100 %
2026/09/30 04:55:32.366, 10619 MiB, 15360 MiB, 100 %
2026/09/30 04:55:33.368, 10619 MiB, 15360 MiB, 100 %
2026/09/30 04:55:34.371, 10619 MiB, 15360 MiB, 100 %
2026/09/30 04:55:35.374, 10619 MiB, 15360 MiB, 100 %
2026/09/30 04:55:36.377, 10619 MiB, 15360 MiB, 100 %
2026/09/30 04:55:37.380, 10619 MiB, 15360 MiB, 100 %
2026/09/30 04:55:38.383, 10619 MiB, 15360 MiB, 100 %
2026/09/30 04:55:39.392, 10619 MiB, 15360 MiB, 100 %
2026/09/30 04:55:40.394, 10619 MiB, 15360 MiB, 100 %
2026/09/30 04:55:41.400, 10619 MiB, 15360 MiB, 100 %
2026/09/30 04:55:42.409, 10619 MiB, 15360 MiB, 100 %
2026/09/30 04:55:43.411, 10619 MiB, 15360 MiB, 100 %
2026/09/30 04:55:44.416, 10619 MiB, 15360 MiB, 100 %
2026/09/30 04:55:45.420, 10619 MiB, 15360 MiB, 100 %
2026/09/30 04:55:46.422, 10619 MiB, 15360 MiB, 100 %
2026/09/30 04:55:47.425, 10619 MiB, 15360 MiB, 100 %
2026/09/30 04:55:48.427, 10619 MiB, 15360 MiB, 100 %
2026/09/30 04:55:49.431, 10619 MiB, 15360 MiB, 100 %
2026/09/30 04:55:50.434, 10619 MiB, 15360 MiB, 100 %
2026/09/30 04:55:51.437, 10619 MiB, 15360 MiB, 100 %
2026/09/30 04:55:52.440, 10619 MiB, 15360 MiB, 100 %
2026/09/30 04:55:53.444, 10619 MiB, 15360 MiB, 100 %
2026/09/30 04:55:54.448, 10619 MiB, 15360 MiB, 100 %
2026/09/30 04:55:55.451, 10619 MiB, 15360 MiB, 100 %
2026/09/30 04:55:56.458, 10619 MiB, 15360 MiB, 100 %
2026/09/30 04:55:57.463, 10619 MiB, 15360 MiB, 100 %
2026/09/30 04:55:58.473, 10619 MiB, 15360 MiB, 100 %
2026/09/30 04:55:59.482, 10619 MiB, 15360 MiB, 100 %
2026/09/30 04:56:00.485, 10619 MiB, 15360 MiB, 100 %
2026/09/30 04:56:01.489, 10619 MiB, 15360 MiB, 100 %
2026/09/30 04:56:02.493, 10619 MiB, 15360 MiB, 100 %
2026/09/30 04:56:03.497, 10619 MiB, 15360 MiB, 100 %
2026/09/30 04:56:04.499, 10619 MiB, 15360 MiB, 100 %
2026/09/30 04:56:05.502, 10619 MiB, 15360 MiB, 100 %
2026/09/30 04:56:06.505, 10619 MiB, 15360 MiB, 100 %
2026/09/30 04:56:07.508, 10619 MiB, 15360 MiB, 100 %
2026/09/30 04:56:08.511, 10619 MiB, 15360 MiB, 100 %
2026/09/30 04:56:09.516, 10619 MiB, 15360 MiB, 100 %
2026/09/30 04:56:10.522, 10619 MiB, 15360 MiB, 100 %
2026/09/30 04:56:11.534, 10619 MiB, 15360 MiB, 100 %
2026/09/30 04:56:12.542, 10619 MiB, 15360 MiB, 100 %
2026/09/30 04:56:13.551, 10619 MiB, 15360 MiB, 0 %
2026/09/30 04:56:14.554, 10619 MiB, 15360 MiB, 100 %
2026/09/30 04:56:15.558, 10619 MiB, 15360 MiB, 100 %
2026/09/30 04:56:16.561, 10619 MiB, 15360 MiB, 100 %
2026/09/30 04:56:17.564, 10619 MiB, 15360 MiB, 100 %
2026/09/30 04:56:18.567, 10619 MiB, 15360 MiB, 100 %
2026/09/30 04:56:19.569, 10619 MiB, 15360 MiB, 100 %
2026/09/30 04:56:20.573, 10619 MiB, 15360 MiB, 100 %
2026/09/30 04:56:21.578, 10619 MiB, 15360 MiB, 100 %
2026/09/30 04:56:22.581, 10619 MiB, 15360 MiB, 100 %
2026/09/30 04:56:23.585, 10619 MiB, 15360 MiB, 90 %
2026/09/30 04:56:24.587, 10619 MiB, 15360 MiB, 100 %
2026/09/30 04:56:25.591, 10619 MiB, 15360 MiB, 100 %
2026/09/30 04:56:26.602, 10619 MiB, 15360 MiB, 100 %
2026/09/30 04:56:27.608, 10619 MiB, 15360 MiB, 100 %
2026/09/30 04:56:28.614, 10619 MiB, 15360 MiB, 100 %
2026/09/30 04:56:29.616, 10619 MiB, 15360 MiB, 100 %
2026/09/30 04:56:30.620, 10619 MiB, 15360 MiB, 100 %
2026/09/30 04:56:31.622, 10619 MiB, 15360 MiB, 100 %
2026/09/30 04:56:32.627, 10619 MiB, 15360 MiB, 100 %
2026/09/30 04:56:33.629, 10619 MiB, 15360 MiB, 100 %
2026/09/30 04:56:34.633, 10619 MiB, 15360 MiB, 100 %
2026/09/30 04:56:35.636, 10619 MiB, 15360 MiB, 100 %
2026/09/30 04:56:36.639, 10619 MiB, 15360 MiB, 100 %
2026/09/30 04:56:37.642, 10619 MiB, 15360 MiB, 100 %
2026/09/30 04:56:38.646, 10619 MiB, 15360 MiB, 100 %
2026/09/30 04:56:39.653, 10619 MiB, 15360 MiB, 100 %
2026/09/30 04:56:40.662, 10619 MiB, 15360 MiB, 100 %
2026/09/30 04:56:41.667, 10619 MiB, 15360 MiB, 100 %
2026/09/30 04:56:42.671, 10619 MiB, 15360 MiB, 100 %
2026/09/30 04:56:43.674, 10619 MiB, 15360 MiB, 100 %
2026/09/30 04:56:44.676, 10619 MiB, 15360 MiB, 100 %
2026/09/30 04:56:45.679, 10619 MiB, 15360 MiB, 100 %
2026/09/30 04:56:46.681, 10619 MiB, 15360 MiB, 100 %
2026/09/30 04:56:47.684, 10619 MiB, 15360 MiB, 100 %
2026/09/30 04:56:48.688, 10619 MiB, 15360 MiB, 100 %
2026/09/30 04:56:49.691, 10619 MiB, 15360 MiB, 100 %
2026/09/30 04:56:50.693, 10619 MiB, 15360 MiB, 100 %
2026/09/30 04:56:51.697, 10619 MiB, 15360 MiB, 100 %
2026/09/30 04:56:52.706, 10619 MiB, 15360 MiB, 100 %
2026/09/30 04:56:53.714, 10619 MiB, 15360 MiB, 100 %
2026/09/30 04:56:54.719, 10619 MiB, 15360 MiB, 100 %
2026/09/30 04:56:55.728, 10619 MiB, 15360 MiB, 100 %
2026/09/30 04:56:56.731, 10619 MiB, 15360 MiB, 100 %
2026/09/30 04:56:57.734, 10619 MiB, 15360 MiB, 100 %
2026/09/30 04:56:58.737, 10619 MiB, 15360 MiB, 100 %
2026/09/30 04:56:59.740, 10619 MiB, 15360 MiB, 100 %
2026/09/30 04:57:00.742, 10619 MiB, 15360 MiB, 100 %
2026/09/30 04:57:01.745, 10619 MiB, 15360 MiB, 100 %
2026/09/30 04:57:02.748, 10619 MiB, 15360 MiB, 100 %
2026/09/30 04:57:03.751, 10619 MiB, 15360 MiB, 100 %
2026/09/30 04:57:04.754, 10619 MiB, 15360 MiB, 100 %
2026/09/30 04:57:05.758, 10619 MiB, 15360 MiB, 100 %
2026/09/30 04:57:06.765, 10619 MiB, 15360 MiB, 100 %
2026/09/30 04:57:07.772, 10619 MiB, 15360 MiB, 100 %
2026/09/30 04:57:08.779, 10619 MiB, 15360 MiB, 100 %
2026/09/30 04:57:09.781, 10619 MiB, 15360 MiB, 100 %
2026/09/30 04:57:10.784, 10619 MiB, 15360 MiB, 100 %
2026/09/30 04:57:11.787, 10619 MiB, 15360 MiB, 100 %
2026/09/30 04:57:12.789, 10619 MiB, 15360 MiB, 100 %
2026/09/30 04:57:13.792, 10619 MiB, 15360 MiB, 100 %
2026/09/30 04:57:14.794, 10619 MiB, 15360 MiB, 100 %
2026/09/30 04:57:15.797, 10619 MiB, 15360 MiB, 100 %
2026/09/30 04:57:16.800, 10619 MiB, 15360 MiB, 100 %
2026/09/30 04:57:17.803, 10619 MiB, 15360 MiB, 100 %
2026/09/30 04:57:18.805, 10619 MiB, 15360 MiB, 100 %
2026/09/30 04:57:19.808, 10619 MiB, 15360 MiB, 100 %
2026/09/30 04:57:20.815, 10619 MiB, 15360 MiB, 100 %
2026/09/30 04:57:21.823, 10619 MiB, 15360 MiB, 100 %
2026/09/30 04:57:22.832, 10619 MiB, 15360 MiB, 100 %
2026/09/30 04:57:23.839, 10619 MiB, 15360 MiB, 100 %
2026/09/30 04:57:24.841, 10619 MiB, 15360 MiB, 100 %
2026/09/30 04:57:25.845, 10619 MiB, 15360 MiB, 100 %
2026/09/30 04:57:26.848, 10619 MiB, 15360 MiB, 100 %
2026/09/30 04:57:27.851, 10619 MiB, 15360 MiB, 100 %
2026/09/30 04:57:28.854, 10619 MiB, 15360 MiB, 100 %
2026/09/30 04:57:29.856, 10619 MiB, 15360 MiB, 100 %
2026/09/30 04:57:30.861, 10619 MiB, 15360 MiB, 100 %
2026/09/30 04:57:31.864, 10619 MiB, 15360 MiB, 100 %
2026/09/30 04:57:32.866, 10619 MiB, 15360 MiB, 100 %
2026/09/30 04:57:33.870, 10619 MiB, 15360 MiB, 100 %
2026/09/30 04:57:34.879, 10619 MiB, 15360 MiB, 100 %
2026/09/30 04:57:35.887, 10619 MiB, 15360 MiB, 100 %
2026/09/30 04:57:36.892, 10619 MiB, 15360 MiB, 100 %
2026/09/30 04:57:37.895, 10619 MiB, 15360 MiB, 100 %
2026/09/30 04:57:38.899, 10619 MiB, 15360 MiB, 100 %
2026/09/30 04:57:39.902, 10619 MiB, 15360 MiB, 100 %
2026/09/30 04:57:40.906, 10619 MiB, 15360 MiB, 100 %
2026/09/30 04:57:41.908, 10619 MiB, 15360 MiB, 100 %
2026/09/30 04:57:42.911, 10619 MiB, 15360 MiB, 100 %
2026/09/30 04:57:43.914, 10619 MiB, 15360 MiB, 100 %
2026/09/30 04:57:44.918, 10619 MiB, 15360 MiB, 100 %
2026/09/30 04:57:45.922, 10619 MiB, 15360 MiB, 100 %
2026/09/30 04:57:46.931, 10619 MiB, 15360 MiB, 100 %
2026/09/30 04:57:47.935, 10619 MiB, 15360 MiB, 100 %
2026/09/30 04:57:48.942, 10619 MiB, 15360 MiB, 100 %
2026/09/30 04:57:49.949, 10619 MiB, 15360 MiB, 100 %
2026/09/30 04:57:50.956, 10619 MiB, 15360 MiB, 100 %
2026/09/30 04:57:51.962, 10619 MiB, 15360 MiB, 100 %
2026/09/30 04:57:52.965, 10619 MiB, 15360 MiB, 100 %
2026/09/30 04:57:53.968, 10619 MiB, 15360 MiB, 100 %
2026/09/30 04:57:54.970, 10619 MiB, 15360 MiB, 100 %
2026/09/30 04:57:55.972, 10619 MiB, 15360 MiB, 100 %
2026/09/30 04:57:56.975, 10619 MiB, 15360 MiB, 100 %
2026/09/30 04:57:57.979, 10619 MiB, 15360 MiB, 98 %
2026/09/30 04:57:58.982, 10619 MiB, 15360 MiB, 100 %
2026/09/30 04:57:59.985, 10619 MiB, 15360 MiB, 100 %
2026/09/30 04:58:00.990, 10619 MiB, 15360 MiB, 100 %
2026/09/30 04:58:01.994, 10619 MiB, 15360 MiB, 100 %
2026/09/30 04:58:03.002, 10619 MiB, 15360 MiB, 100 %
2026/09/30 04:58:04.006, 10619 MiB, 15360 MiB, 100 %
2026/09/30 04:58:05.010, 10619 MiB, 15360 MiB, 100 %
2026/09/30 04:58:06.013, 10619 MiB, 15360 MiB, 100 %
2026/09/30 04:58:07.016, 10619 MiB, 15360 MiB, 100 %
2026/09/30 04:58:08.019, 10619 MiB, 15360 MiB, 100 %
2026/09/30 04:58:09.023, 10619 MiB, 15360 MiB, 100 %
2026/09/30 04:58:10.026, 10619 MiB, 15360 MiB, 100 %
2026/09/30 04:58:11.028, 10619 MiB, 15360 MiB, 100 %
2026/09/30 04:58:12.038, 10619 MiB, 15360 MiB, 100 %
2026/09/30 04:58:13.042, 10619 MiB, 15360 MiB, 100 %
2026/09/30 04:58:14.045, 10619 MiB, 15360 MiB, 100 %
2026/09/30 04:58:15.048, 10619 MiB, 15360 MiB, 100 %
2026/09/30 04:58:16.053, 10619 MiB, 15360 MiB, 100 %
2026/09/30 04:58:17.056, 10619 MiB, 15360 MiB, 100 %
2026/09/30 04:58:18.061, 10619 MiB, 15360 MiB, 100 %
2026/09/30 04:58:19.064, 10619 MiB, 15360 MiB, 100 %
2026/09/30 04:58:20.069, 10619 MiB, 15360 MiB, 100 %
2026/09/30 04:58:21.072, 10619 MiB, 15360 MiB, 100 %
2026/09/30 04:58:22.076, 10619 MiB, 15360 MiB, 100 %
2026/09/30 04:58:23.082, 10619 MiB, 15360 MiB, 99 %
2026/09/30 04:58:24.086, 10619 MiB, 15360 MiB, 100 %
2026/09/30 04:58:25.090, 10619 MiB, 15360 MiB, 100 %
2026/09/30 04:58:26.093, 10619 MiB, 15360 MiB, 100 %
2026/09/30 04:58:27.098, 10619 MiB, 15360 MiB, 100 %
2026/09/30 04:58:28.104, 10619 MiB, 15360 MiB, 100 %
2026/09/30 04:58:29.107, 10619 MiB, 15360 MiB, 100 %
2026/09/30 04:58:30.110, 10619 MiB, 15360 MiB, 100 %
2026/09/30 04:58:31.114, 10619 MiB, 15360 MiB, 100 %
2026/09/30 04:58:32.120, 10619 MiB, 15360 MiB, 100 %
2026/09/30 04:58:33.125, 10619 MiB, 15360 MiB, 100 %
2026/09/30 04:58:34.133, 10619 MiB, 15360 MiB, 100 %
2026/09/30 04:58:35.136, 10619 MiB, 15360 MiB, 100 %
2026/09/30 04:58:36.139, 10619 MiB, 15360 MiB, 100 %
2026/09/30 04:58:37.143, 10619 MiB, 15360 MiB, 100 %
2026/09/30 04:58:38.150, 12993 MiB, 15360 MiB, 100 %
2026/09/30 04:58:39.153, 12993 MiB, 15360 MiB, 100 %
2026/09/30 04:58:40.155, 12993 MiB, 15360 MiB, 100 %
2026/09/30 04:58:41.159, 12993 MiB, 15360 MiB, 100 %
2026/09/30 04:58:42.161, 12993 MiB, 15360 MiB, 98 %
2026/09/30 04:58:43.165, 12993 MiB, 15360 MiB, 100 %
2026/09/30 04:58:44.169, 12993 MiB, 15360 MiB, 100 %
2026/09/30 04:58:45.180, 12993 MiB, 15360 MiB, 100 %
2026/09/30 04:58:46.186, 12993 MiB, 15360 MiB, 100 %
2026/09/30 04:58:47.195, 12993 MiB, 15360 MiB, 100 %
2026/09/30 04:58:48.205, 12993 MiB, 15360 MiB, 100 %
2026/09/30 04:58:49.207, 12993 MiB, 15360 MiB, 100 %
2026/09/30 04:58:50.210, 10619 MiB, 15360 MiB, 100 %
2026/09/30 04:58:51.212, 10619 MiB, 15360 MiB, 100 %
2026/09/30 04:58:52.215, 10619 MiB, 15360 MiB, 100 %
2026/09/30 04:58:53.218, 10619 MiB, 15360 MiB, 100 %
2026/09/30 04:58:54.221, 10619 MiB, 15360 MiB, 100 %
2026/09/30 04:58:55.223, 10619 MiB, 15360 MiB, 100 %
2026/09/30 04:58:56.226, 10619 MiB, 15360 MiB, 100 %
2026/09/30 04:58:57.229, 10619 MiB, 15360 MiB, 100 %
2026/09/30 04:58:58.233, 10619 MiB, 15360 MiB, 100 %
2026/09/30 04:58:59.240, 10619 MiB, 15360 MiB, 100 %
2026/09/30 04:59:00.245, 10619 MiB, 15360 MiB, 100 %
2026/09/30 04:59:01.249, 10619 MiB, 15360 MiB, 100 %
2026/09/30 04:59:02.257, 10619 MiB, 15360 MiB, 100 %
2026/09/30 04:59:03.264, 10619 MiB, 15360 MiB, 100 %
2026/09/30 04:59:04.267, 10625 MiB, 15360 MiB, 100 %
2026/09/30 04:59:05.269, 10625 MiB, 15360 MiB, 100 %
2026/09/30 04:59:06.272, 10625 MiB, 15360 MiB, 100 %
2026/09/30 04:59:07.274, 10625 MiB, 15360 MiB, 100 %
2026/09/30 04:59:08.277, 10625 MiB, 15360 MiB, 100 %
2026/09/30 04:59:09.280, 10625 MiB, 15360 MiB, 100 %
2026/09/30 04:59:10.282, 10625 MiB, 15360 MiB, 100 %
2026/09/30 04:59:11.285, 10625 MiB, 15360 MiB, 100 %
2026/09/30 04:59:12.291, 10625 MiB, 15360 MiB, 100 %
2026/09/30 04:59:13.301, 10625 MiB, 15360 MiB, 100 %
2026/09/30 04:59:14.305, 10625 MiB, 15360 MiB, 100 %
2026/09/30 04:59:15.308, 10625 MiB, 15360 MiB, 100 %
2026/09/30 04:59:16.312, 10625 MiB, 15360 MiB, 100 %
2026/09/30 04:59:17.314, 10625 MiB, 15360 MiB, 100 %
2026/09/30 04:59:18.317, 10625 MiB, 15360 MiB, 100 %
2026/09/30 04:59:19.319, 10625 MiB, 15360 MiB, 100 %
2026/09/30 04:59:20.323, 10625 MiB, 15360 MiB, 100 %
2026/09/30 04:59:21.326, 10625 MiB, 15360 MiB, 100 %
2026/09/30 04:59:22.328, 10625 MiB, 15360 MiB, 100 %
2026/09/30 04:59:23.331, 10625 MiB, 15360 MiB, 100 %
2026/09/30 04:59:24.334, 10625 MiB, 15360 MiB, 100 %
2026/09/30 04:59:25.336, 10625 MiB, 15360 MiB, 100 %
2026/09/30 04:59:26.341, 10625 MiB, 15360 MiB, 100 %
2026/09/30 04:59:27.347, 10625 MiB, 15360 MiB, 100 %
2026/09/30 04:59:28.354, 10625 MiB, 15360 MiB, 100 %
2026/09/30 04:59:29.358, 10625 MiB, 15360 MiB, 100 %
2026/09/30 04:59:30.368, 10625 MiB, 15360 MiB, 100 %
2026/09/30 04:59:31.372, 10625 MiB, 15360 MiB, 100 %
2026/09/30 04:59:32.374, 10625 MiB, 15360 MiB, 100 %
2026/09/30 04:59:33.376, 10625 MiB, 15360 MiB, 100 %
2026/09/30 04:59:34.379, 10625 MiB, 15360 MiB, 100 %
2026/09/30 04:59:35.382, 10625 MiB, 15360 MiB, 100 %
2026/09/30 04:59:36.385, 10625 MiB, 15360 MiB, 100 %
2026/09/30 04:59:37.388, 10625 MiB, 15360 MiB, 100 %
2026/09/30 04:59:38.391, 10625 MiB, 15360 MiB, 100 %
2026/09/30 04:59:39.393, 10625 MiB, 15360 MiB, 100 %
2026/09/30 04:59:40.397, 10625 MiB, 15360 MiB, 100 %
2026/09/30 04:59:41.401, 10625 MiB, 15360 MiB, 100 %
2026/09/30 04:59:42.409, 10625 MiB, 15360 MiB, 100 %
2026/09/30 04:59:43.415, 10625 MiB, 15360 MiB, 100 %
2026/09/30 04:59:44.425, 10625 MiB, 15360 MiB, 100 %
2026/09/30 04:59:45.428, 10625 MiB, 15360 MiB, 100 %
2026/09/30 04:59:46.431, 10625 MiB, 15360 MiB, 100 %
2026/09/30 04:59:47.433, 10625 MiB, 15360 MiB, 96 %
2026/09/30 04:59:48.436, 10625 MiB, 15360 MiB, 100 %
2026/09/30 04:59:49.439, 10625 MiB, 15360 MiB, 100 %
2026/09/30 04:59:50.442, 10625 MiB, 15360 MiB, 100 %
2026/09/30 04:59:51.445, 10625 MiB, 15360 MiB, 100 %
2026/09/30 04:59:52.447, 10625 MiB, 15360 MiB, 100 %
2026/09/30 04:59:53.451, 10625 MiB, 15360 MiB, 100 %
2026/09/30 04:59:54.455, 10625 MiB, 15360 MiB, 100 %
2026/09/30 04:59:55.460, 10625 MiB, 15360 MiB, 100 %
2026/09/30 04:59:56.471, 10625 MiB, 15360 MiB, 100 %
2026/09/30 04:59:57.482, 10625 MiB, 15360 MiB, 100 %
2026/09/30 04:59:58.491, 10625 MiB, 15360 MiB, 100 %
2026/09/30 04:59:59.494, 10625 MiB, 15360 MiB, 100 %
2026/09/30 05:00:00.497, 10625 MiB, 15360 MiB, 100 %
2026/09/30 05:00:01.499, 10625 MiB, 15360 MiB, 100 %
2026/09/30 05:00:02.502, 10625 MiB, 15360 MiB, 100 %
2026/09/30 05:00:03.505, 10625 MiB, 15360 MiB, 100 %
2026/09/30 05:00:04.510, 10625 MiB, 15360 MiB, 100 %
2026/09/30 05:00:05.513, 10625 MiB, 15360 MiB, 100 %
2026/09/30 05:00:06.515, 10625 MiB, 15360 MiB, 100 %
2026/09/30 05:00:07.518, 10625 MiB, 15360 MiB, 100 %
2026/09/30 05:00:08.522, 10625 MiB, 15360 MiB, 100 %
2026/09/30 05:00:09.529, 10625 MiB, 15360 MiB, 100 %
2026/09/30 05:00:10.538, 10625 MiB, 15360 MiB, 100 %
2026/09/30 05:00:11.545, 10625 MiB, 15360 MiB, 100 %
2026/09/30 05:00:12.547, 10625 MiB, 15360 MiB, 100 %
2026/09/30 05:00:13.550, 10625 MiB, 15360 MiB, 100 %
2026/09/30 05:00:14.554, 10625 MiB, 15360 MiB, 100 %
2026/09/30 05:00:15.556, 10625 MiB, 15360 MiB, 100 %
2026/09/30 05:00:16.559, 10625 MiB, 15360 MiB, 100 %
2026/09/30 05:00:17.568, 10625 MiB, 15360 MiB, 100 %
2026/09/30 05:00:18.570, 10625 MiB, 15360 MiB, 100 %
2026/09/30 05:00:19.573, 10625 MiB, 15360 MiB, 100 %
2026/09/30 05:00:20.577, 10625 MiB, 15360 MiB, 100 %
2026/09/30 05:00:21.580, 10625 MiB, 15360 MiB, 100 %
2026/09/30 05:00:22.583, 10625 MiB, 15360 MiB, 100 %
2026/09/30 05:00:23.589, 10625 MiB, 15360 MiB, 100 %
2026/09/30 05:00:24.598, 10625 MiB, 15360 MiB, 100 %
2026/09/30 05:00:25.605, 10625 MiB, 15360 MiB, 100 %
2026/09/30 05:00:26.611, 10625 MiB, 15360 MiB, 100 %
2026/09/30 05:00:27.613, 10625 MiB, 15360 MiB, 100 %
2026/09/30 05:00:28.616, 10625 MiB, 15360 MiB, 100 %
2026/09/30 05:00:29.618, 10625 MiB, 15360 MiB, 100 %
2026/09/30 05:00:30.621, 10625 MiB, 15360 MiB, 100 %
2026/09/30 05:00:31.624, 10625 MiB, 15360 MiB, 100 %
2026/09/30 05:00:32.627, 10625 MiB, 15360 MiB, 100 %
2026/09/30 05:00:33.630, 10625 MiB, 15360 MiB, 100 %
2026/09/30 05:00:34.632, 10625 MiB, 15360 MiB, 100 %
2026/09/30 05:00:35.635, 10625 MiB, 15360 MiB, 100 %
2026/09/30 05:00:36.639, 10625 MiB, 15360 MiB, 100 %
2026/09/30 05:00:37.644, 10625 MiB, 15360 MiB, 100 %
2026/09/30 05:00:38.651, 10625 MiB, 15360 MiB, 100 %
2026/09/30 05:00:39.660, 10625 MiB, 15360 MiB, 100 %
2026/09/30 05:00:40.665, 10625 MiB, 15360 MiB, 100 %
2026/09/30 05:00:41.667, 10625 MiB, 15360 MiB, 100 %
2026/09/30 05:00:42.670, 10625 MiB, 15360 MiB, 100 %
2026/09/30 05:00:43.673, 10625 MiB, 15360 MiB, 100 %
2026/09/30 05:00:44.675, 10625 MiB, 15360 MiB, 100 %
2026/09/30 05:00:45.678, 10625 MiB, 15360 MiB, 100 %
2026/09/30 05:00:46.681, 10625 MiB, 15360 MiB, 100 %
2026/09/30 05:00:47.684, 10625 MiB, 15360 MiB, 100 %
2026/09/30 05:00:48.686, 10625 MiB, 15360 MiB, 100 %
2026/09/30 05:00:49.689, 10625 MiB, 15360 MiB, 100 %
2026/09/30 05:00:50.693, 10625 MiB, 15360 MiB, 100 %
2026/09/30 05:00:51.696, 10625 MiB, 15360 MiB, 100 %
2026/09/30 05:00:52.701, 10625 MiB, 15360 MiB, 100 %
2026/09/30 05:00:53.706, 10625 MiB, 15360 MiB, 100 %
2026/09/30 05:00:54.709, 10625 MiB, 15360 MiB, 100 %
2026/09/30 05:00:55.711, 10625 MiB, 15360 MiB, 100 %
2026/09/30 05:00:56.714, 10625 MiB, 15360 MiB, 100 %
2026/09/30 05:00:57.717, 10625 MiB, 15360 MiB, 100 %
2026/09/30 05:00:58.720, 10625 MiB, 15360 MiB, 100 %
2026/09/30 05:00:59.722, 10625 MiB, 15360 MiB, 100 %
2026/09/30 05:01:00.725, 10625 MiB, 15360 MiB, 100 %
2026/09/30 05:01:01.728, 10625 MiB, 15360 MiB, 100 %
2026/09/30 05:01:02.731, 10625 MiB, 15360 MiB, 100 %
2026/09/30 05:01:03.733, 10625 MiB, 15360 MiB, 100 %
2026/09/30 05:01:04.737, 10625 MiB, 15360 MiB, 100 %
2026/09/30 05:01:05.747, 10625 MiB, 15360 MiB, 100 %
2026/09/30 05:01:06.754, 10625 MiB, 15360 MiB, 100 %
2026/09/30 05:01:07.761, 10625 MiB, 15360 MiB, 92 %
2026/09/30 05:01:08.770, 10625 MiB, 15360 MiB, 100 %
2026/09/30 05:01:09.772, 10625 MiB, 15360 MiB, 100 %
2026/09/30 05:01:10.775, 10625 MiB, 15360 MiB, 100 %
2026/09/30 05:01:11.778, 10625 MiB, 15360 MiB, 100 %
2026/09/30 05:01:12.780, 10625 MiB, 15360 MiB, 100 %
2026/09/30 05:01:13.783, 10625 MiB, 15360 MiB, 100 %
2026/09/30 05:01:14.785, 10625 MiB, 15360 MiB, 100 %
2026/09/30 05:01:15.788, 10625 MiB, 15360 MiB, 100 %
2026/09/30 05:01:16.791, 10625 MiB, 15360 MiB, 100 %
2026/09/30 05:01:17.793, 10625 MiB, 15360 MiB, 100 %
2026/09/30 05:01:18.796, 10625 MiB, 15360 MiB, 100 %
2026/09/30 05:01:19.803, 10625 MiB, 15360 MiB, 100 %
2026/09/30 05:01:20.809, 10625 MiB, 15360 MiB, 98 %
2026/09/30 05:01:21.821, 10625 MiB, 15360 MiB, 100 %
2026/09/30 05:01:22.824, 10625 MiB, 15360 MiB, 100 %
2026/09/30 05:01:23.827, 10625 MiB, 15360 MiB, 100 %
2026/09/30 05:01:24.830, 10625 MiB, 15360 MiB, 100 %
2026/09/30 05:01:25.833, 10625 MiB, 15360 MiB, 100 %
2026/09/30 05:01:26.836, 10625 MiB, 15360 MiB, 100 %
2026/09/30 05:01:27.839, 10625 MiB, 15360 MiB, 100 %
2026/09/30 05:01:28.842, 10625 MiB, 15360 MiB, 100 %
2026/09/30 05:01:29.845, 10625 MiB, 15360 MiB, 100 %
2026/09/30 05:01:30.848, 10625 MiB, 15360 MiB, 100 %
2026/09/30 05:01:31.850, 10625 MiB, 15360 MiB, 100 %
2026/09/30 05:01:32.853, 10625 MiB, 15360 MiB, 100 %
2026/09/30 05:01:33.862, 10625 MiB, 15360 MiB, 100 %
2026/09/30 05:01:34.869, 10625 MiB, 15360 MiB, 100 %
2026/09/30 05:01:35.873, 10625 MiB, 15360 MiB, 100 %
2026/09/30 05:01:36.877, 10625 MiB, 15360 MiB, 100 %
2026/09/30 05:01:37.881, 10625 MiB, 15360 MiB, 100 %
2026/09/30 05:01:38.883, 10625 MiB, 15360 MiB, 100 %
2026/09/30 05:01:39.886, 10625 MiB, 15360 MiB, 100 %
2026/09/30 05:01:40.889, 10625 MiB, 15360 MiB, 99 %
2026/09/30 05:01:41.891, 10625 MiB, 15360 MiB, 100 %
2026/09/30 05:01:42.894, 10625 MiB, 15360 MiB, 100 %
2026/09/30 05:01:43.896, 10625 MiB, 15360 MiB, 100 %
2026/09/30 05:01:44.899, 10625 MiB, 15360 MiB, 100 %
2026/09/30 05:01:45.902, 10625 MiB, 15360 MiB, 100 %
2026/09/30 05:01:46.912, 10625 MiB, 15360 MiB, 100 %
2026/09/30 05:01:47.920, 10625 MiB, 15360 MiB, 100 %
2026/09/30 05:01:48.928, 10625 MiB, 15360 MiB, 100 %
2026/09/30 05:01:49.935, 10625 MiB, 15360 MiB, 100 %
2026/09/30 05:01:50.937, 10625 MiB, 15360 MiB, 100 %
2026/09/30 05:01:51.940, 10625 MiB, 15360 MiB, 100 %
2026/09/30 05:01:52.943, 10625 MiB, 15360 MiB, 100 %
2026/09/30 05:01:53.945, 10625 MiB, 15360 MiB, 100 %
2026/09/30 05:01:54.950, 10625 MiB, 15360 MiB, 100 %
2026/09/30 05:01:55.953, 10625 MiB, 15360 MiB, 100 %
2026/09/30 05:01:56.955, 10625 MiB, 15360 MiB, 100 %
2026/09/30 05:01:57.958, 10625 MiB, 15360 MiB, 100 %
2026/09/30 05:01:58.961, 10625 MiB, 15360 MiB, 100 %
2026/09/30 05:01:59.965, 10625 MiB, 15360 MiB, 100 %
2026/09/30 05:02:00.973, 10625 MiB, 15360 MiB, 100 %
2026/09/30 05:02:01.981, 10625 MiB, 15360 MiB, 100 %
2026/09/30 05:02:02.990, 10625 MiB, 15360 MiB, 100 %
2026/09/30 05:02:03.994, 10625 MiB, 15360 MiB, 100 %
2026/09/30 05:02:04.997, 10625 MiB, 15360 MiB, 100 %
2026/09/30 05:02:06.000, 10625 MiB, 15360 MiB, 100 %
2026/09/30 05:02:07.003, 10625 MiB, 15360 MiB, 100 %
2026/09/30 05:02:08.005, 10625 MiB, 15360 MiB, 100 %
2026/09/30 05:02:09.008, 10625 MiB, 15360 MiB, 100 %
2026/09/30 05:02:10.011, 10625 MiB, 15360 MiB, 100 %
2026/09/30 05:02:11.014, 10625 MiB, 15360 MiB, 100 %
2026/09/30 05:02:12.016, 10625 MiB, 15360 MiB, 100 %
2026/09/30 05:02:13.019, 10625 MiB, 15360 MiB, 100 %
2026/09/30 05:02:14.023, 10625 MiB, 15360 MiB, 100 %
2026/09/30 05:02:15.028, 10625 MiB, 15360 MiB, 100 %
2026/09/30 05:02:16.034, 10625 MiB, 15360 MiB, 100 %
2026/09/30 05:02:17.043, 10625 MiB, 15360 MiB, 100 %
2026/09/30 05:02:18.047, 10625 MiB, 15360 MiB, 100 %
2026/09/30 05:02:19.050, 10625 MiB, 15360 MiB, 100 %
2026/09/30 05:02:20.052, 10625 MiB, 15360 MiB, 100 %
2026/09/30 05:02:21.057, 10625 MiB, 15360 MiB, 100 %
2026/09/30 05:02:22.065, 10625 MiB, 15360 MiB, 100 %
2026/09/30 05:02:23.068, 10625 MiB, 15360 MiB, 100 %
2026/09/30 05:02:24.070, 10625 MiB, 15360 MiB, 100 %
2026/09/30 05:02:25.073, 10625 MiB, 15360 MiB, 100 %
2026/09/30 05:02:26.076, 10625 MiB, 15360 MiB, 100 %
2026/09/30 05:02:27.079, 10625 MiB, 15360 MiB, 83 %
2026/09/30 05:02:28.083, 10625 MiB, 15360 MiB, 100 %
2026/09/30 05:02:29.087, 10625 MiB, 15360 MiB, 100 %
2026/09/30 05:02:30.091, 10625 MiB, 15360 MiB, 100 %
2026/09/30 05:02:31.095, 10625 MiB, 15360 MiB, 100 %
2026/09/30 05:02:32.099, 10625 MiB, 15360 MiB, 100 %
2026/09/30 05:02:33.103, 10625 MiB, 15360 MiB, 100 %
2026/09/30 05:02:34.106, 10625 MiB, 15360 MiB, 100 %
2026/09/30 05:02:35.109, 10625 MiB, 15360 MiB, 100 %
2026/09/30 05:02:36.112, 10625 MiB, 15360 MiB, 100 %
2026/09/30 05:02:37.116, 10625 MiB, 15360 MiB, 100 %
2026/09/30 05:02:38.119, 10625 MiB, 15360 MiB, 100 %
2026/09/30 05:02:39.121, 10625 MiB, 15360 MiB, 100 %
2026/09/30 05:02:40.127, 10625 MiB, 15360 MiB, 100 %
2026/09/30 05:02:41.131, 10625 MiB, 15360 MiB, 100 %
2026/09/30 05:02:42.135, 10625 MiB, 15360 MiB, 100 %
2026/09/30 05:02:43.139, 10625 MiB, 15360 MiB, 100 %
2026/09/30 05:02:44.142, 10625 MiB, 15360 MiB, 100 %
2026/09/30 05:02:45.146, 10625 MiB, 15360 MiB, 100 %
2026/09/30 05:02:46.153, 10625 MiB, 15360 MiB, 100 %
2026/09/30 05:02:47.156, 10625 MiB, 15360 MiB, 100 %
2026/09/30 05:02:48.158, 10625 MiB, 15360 MiB, 100 %
2026/09/30 05:02:49.161, 10625 MiB, 15360 MiB, 100 %
2026/09/30 05:02:50.165, 10625 MiB, 15360 MiB, 100 %
2026/09/30 05:02:51.168, 10625 MiB, 15360 MiB, 100 %
2026/09/30 05:02:52.170, 10625 MiB, 15360 MiB, 100 %
2026/09/30 05:02:53.173, 10625 MiB, 15360 MiB, 100 %
2026/09/30 05:02:54.176, 10625 MiB, 15360 MiB, 100 %
2026/09/30 05:02:55.178, 10625 MiB, 15360 MiB, 100 %
2026/09/30 05:02:56.181, 10625 MiB, 15360 MiB, 100 %
2026/09/30 05:02:57.186, 10625 MiB, 15360 MiB, 100 %
2026/09/30 05:02:58.192, 10625 MiB, 15360 MiB, 100 %
2026/09/30 05:02:59.199, 10625 MiB, 15360 MiB, 100 %
2026/09/30 05:03:00.207, 10625 MiB, 15360 MiB, 98 %
2026/09/30 05:03:01.212, 10625 MiB, 15360 MiB, 100 %
2026/09/30 05:03:02.215, 10625 MiB, 15360 MiB, 100 %
2026/09/30 05:03:03.218, 10625 MiB, 15360 MiB, 100 %
2026/09/30 05:03:04.220, 10625 MiB, 15360 MiB, 100 %
2026/09/30 05:03:05.223, 10625 MiB, 15360 MiB, 100 %
2026/09/30 05:03:06.226, 10625 MiB, 15360 MiB, 100 %
2026/09/30 05:03:07.229, 10625 MiB, 15360 MiB, 100 %
2026/09/30 05:03:08.232, 10625 MiB, 15360 MiB, 100 %
2026/09/30 05:03:09.235, 10625 MiB, 15360 MiB, 100 %
2026/09/30 05:03:10.240, 10625 MiB, 15360 MiB, 100 %
2026/09/30 05:03:11.249, 10625 MiB, 15360 MiB, 100 %
2026/09/30 05:03:12.257, 10625 MiB, 15360 MiB, 100 %
2026/09/30 05:03:13.261, 10625 MiB, 15360 MiB, 100 %
2026/09/30 05:03:14.264, 10625 MiB, 15360 MiB, 100 %
2026/09/30 05:03:15.267, 10625 MiB, 15360 MiB, 100 %
2026/09/30 05:03:16.270, 10625 MiB, 15360 MiB, 97 %
2026/09/30 05:03:17.272, 10625 MiB, 15360 MiB, 100 %
2026/09/30 05:03:18.275, 10625 MiB, 15360 MiB, 100 %
2026/09/30 05:03:19.279, 10625 MiB, 15360 MiB, 100 %
2026/09/30 05:03:20.281, 10625 MiB, 15360 MiB, 100 %
2026/09/30 05:03:21.285, 10625 MiB, 15360 MiB, 98 %
2026/09/30 05:03:22.289, 10625 MiB, 15360 MiB, 100 %
2026/09/30 05:03:23.293, 10625 MiB, 15360 MiB, 100 %
2026/09/30 05:03:24.295, 10625 MiB, 15360 MiB, 100 %
2026/09/30 05:03:25.303, 10625 MiB, 15360 MiB, 100 %
2026/09/30 05:03:26.309, 10625 MiB, 15360 MiB, 100 %
2026/09/30 05:03:27.314, 10625 MiB, 15360 MiB, 100 %
2026/09/30 05:03:28.316, 10625 MiB, 15360 MiB, 100 %
2026/09/30 05:03:29.319, 10625 MiB, 15360 MiB, 100 %
2026/09/30 05:03:30.322, 10625 MiB, 15360 MiB, 96 %
2026/09/30 05:03:31.324, 10625 MiB, 15360 MiB, 100 %
2026/09/30 05:03:32.327, 10625 MiB, 15360 MiB, 100 %
2026/09/30 05:03:33.330, 10625 MiB, 15360 MiB, 100 %
2026/09/30 05:03:34.332, 10625 MiB, 15360 MiB, 100 %
2026/09/30 05:03:35.336, 10625 MiB, 15360 MiB, 100 %
2026/09/30 05:03:36.346, 10625 MiB, 15360 MiB, 100 %
2026/09/30 05:03:37.348, 10625 MiB, 15360 MiB, 100 %
2026/09/30 05:03:38.352, 10625 MiB, 15360 MiB, 100 %
2026/09/30 05:03:39.361, 10625 MiB, 15360 MiB, 100 %
2026/09/30 05:03:40.365, 10625 MiB, 15360 MiB, 100 %
2026/09/30 05:03:41.370, 10625 MiB, 15360 MiB, 100 %
2026/09/30 05:03:42.372, 10625 MiB, 15360 MiB, 100 %
2026/09/30 05:03:43.376, 10625 MiB, 15360 MiB, 100 %
2026/09/30 05:03:44.378, 10625 MiB, 15360 MiB, 100 %
2026/09/30 05:03:45.381, 10625 MiB, 15360 MiB, 100 %
2026/09/30 05:03:46.384, 10625 MiB, 15360 MiB, 100 %
2026/09/30 05:03:47.387, 10625 MiB, 15360 MiB, 100 %
2026/09/30 05:03:48.390, 10625 MiB, 15360 MiB, 100 %
2026/09/30 05:03:49.394, 10625 MiB, 15360 MiB, 100 %
2026/09/30 05:03:50.396, 10625 MiB, 15360 MiB, 100 %
2026/09/30 05:03:51.399, 10625 MiB, 15360 MiB, 100 %
2026/09/30 05:03:52.404, 10625 MiB, 15360 MiB, 100 %
2026/09/30 05:03:53.409, 10625 MiB, 15360 MiB, 100 %
2026/09/30 05:03:54.417, 10625 MiB, 15360 MiB, 93 %
2026/09/30 05:03:55.425, 10625 MiB, 15360 MiB, 100 %
2026/09/30 05:03:56.427, 10625 MiB, 15360 MiB, 100 %
2026/09/30 05:03:57.430, 10625 MiB, 15360 MiB, 100 %
2026/09/30 05:03:58.433, 10625 MiB, 15360 MiB, 100 %
2026/09/30 05:03:59.436, 10625 MiB, 15360 MiB, 100 %
2026/09/30 05:04:00.440, 10625 MiB, 15360 MiB, 100 %
2026/09/30 05:04:01.443, 10625 MiB, 15360 MiB, 100 %
2026/09/30 05:04:02.455, 10625 MiB, 15360 MiB, 100 %
2026/09/30 05:04:03.457, 10625 MiB, 15360 MiB, 100 %
2026/09/30 05:04:04.460, 10625 MiB, 15360 MiB, 100 %
2026/09/30 05:04:05.463, 10625 MiB, 15360 MiB, 100 %
2026/09/30 05:04:06.467, 10625 MiB, 15360 MiB, 100 %
2026/09/30 05:04:07.471, 10625 MiB, 15360 MiB, 100 %
2026/09/30 05:04:08.475, 10625 MiB, 15360 MiB, 100 %
2026/09/30 05:04:09.484, 10625 MiB, 15360 MiB, 100 %
2026/09/30 05:04:10.489, 10625 MiB, 15360 MiB, 100 %
2026/09/30 05:04:11.491, 10625 MiB, 15360 MiB, 96 %
2026/09/30 05:04:12.494, 10625 MiB, 15360 MiB, 100 %
2026/09/30 05:04:13.497, 10625 MiB, 15360 MiB, 100 %
2026/09/30 05:04:14.500, 10625 MiB, 15360 MiB, 100 %
2026/09/30 05:04:15.503, 10625 MiB, 15360 MiB, 100 %
2026/09/30 05:04:16.506, 10625 MiB, 15360 MiB, 100 %
2026/09/30 05:04:17.509, 10625 MiB, 15360 MiB, 98 %
2026/09/30 05:04:18.512, 10625 MiB, 15360 MiB, 100 %
2026/09/30 05:04:19.514, 10625 MiB, 15360 MiB, 100 %
2026/09/30 05:04:20.517, 10625 MiB, 15360 MiB, 100 %
2026/09/30 05:04:21.526, 10625 MiB, 15360 MiB, 100 %
2026/09/30 05:04:22.532, 10625 MiB, 15360 MiB, 100 %
2026/09/30 05:04:23.538, 10625 MiB, 15360 MiB, 98 %
2026/09/30 05:04:24.541, 10625 MiB, 15360 MiB, 100 %
2026/09/30 05:04:25.544, 10625 MiB, 15360 MiB, 100 %
2026/09/30 05:04:26.548, 10625 MiB, 15360 MiB, 100 %
2026/09/30 05:04:27.551, 10625 MiB, 15360 MiB, 100 %
2026/09/30 05:04:28.554, 10625 MiB, 15360 MiB, 100 %
2026/09/30 05:04:29.556, 10625 MiB, 15360 MiB, 100 %
2026/09/30 05:04:30.559, 10625 MiB, 15360 MiB, 100 %
2026/09/30 05:04:31.562, 10625 MiB, 15360 MiB, 100 %
2026/09/30 05:04:32.565, 10625 MiB, 15360 MiB, 100 %
2026/09/30 05:04:33.568, 10625 MiB, 15360 MiB, 100 %
2026/09/30 05:04:34.573, 10625 MiB, 15360 MiB, 100 %
2026/09/30 05:04:35.578, 10625 MiB, 15360 MiB, 100 %
2026/09/30 05:04:36.582, 10625 MiB, 15360 MiB, 100 %
2026/09/30 05:04:37.593, 10625 MiB, 15360 MiB, 100 %
2026/09/30 05:04:38.600, 10625 MiB, 15360 MiB, 100 %
2026/09/30 05:04:39.602, 10625 MiB, 15360 MiB, 100 %
2026/09/30 05:04:40.605, 10625 MiB, 15360 MiB, 100 %
2026/09/30 05:04:41.608, 10625 MiB, 15360 MiB, 100 %
2026/09/30 05:04:42.611, 10625 MiB, 15360 MiB, 100 %
2026/09/30 05:04:43.613, 10625 MiB, 15360 MiB, 100 %
2026/09/30 05:04:44.616, 10625 MiB, 15360 MiB, 100 %
2026/09/30 05:04:45.618, 10625 MiB, 15360 MiB, 100 %
2026/09/30 05:04:46.621, 10625 MiB, 15360 MiB, 100 %
2026/09/30 05:04:47.624, 10625 MiB, 15360 MiB, 100 %
2026/09/30 05:04:48.628, 10625 MiB, 15360 MiB, 100 %
2026/09/30 05:04:49.634, 10625 MiB, 15360 MiB, 100 %
2026/09/30 05:04:50.642, 10625 MiB, 15360 MiB, 100 %
2026/09/30 05:04:51.651, 10625 MiB, 15360 MiB, 100 %
2026/09/30 05:04:52.658, 10625 MiB, 15360 MiB, 100 %
2026/09/30 05:04:53.661, 10625 MiB, 15360 MiB, 100 %
2026/09/30 05:04:54.663, 10625 MiB, 15360 MiB, 100 %
2026/09/30 05:04:55.666, 10625 MiB, 15360 MiB, 100 %
2026/09/30 05:04:56.668, 10625 MiB, 15360 MiB, 100 %
2026/09/30 05:04:57.671, 10625 MiB, 15360 MiB, 100 %
2026/09/30 05:04:58.674, 10625 MiB, 15360 MiB, 100 %
2026/09/30 05:04:59.676, 10625 MiB, 15360 MiB, 100 %
2026/09/30 05:05:00.679, 10625 MiB, 15360 MiB, 100 %
2026/09/30 05:05:01.682, 10625 MiB, 15360 MiB, 100 %
2026/09/30 05:05:02.686, 10625 MiB, 15360 MiB, 100 %
2026/09/30 05:05:03.690, 10625 MiB, 15360 MiB, 100 %
2026/09/30 05:05:04.699, 10625 MiB, 15360 MiB, 100 %
2026/09/30 05:05:05.712, 10625 MiB, 15360 MiB, 100 %
2026/09/30 05:05:06.715, 10625 MiB, 15360 MiB, 100 %
2026/09/30 05:05:07.718, 10625 MiB, 15360 MiB, 100 %
2026/09/30 05:05:08.721, 10625 MiB, 15360 MiB, 100 %
2026/09/30 05:05:09.723, 10625 MiB, 15360 MiB, 100 %
2026/09/30 05:05:10.726, 10625 MiB, 15360 MiB, 100 %
2026/09/30 05:05:11.729, 10625 MiB, 15360 MiB, 100 %
2026/09/30 05:05:12.731, 10625 MiB, 15360 MiB, 100 %
2026/09/30 05:05:13.734, 10625 MiB, 15360 MiB, 100 %
2026/09/30 05:05:14.737, 10625 MiB, 15360 MiB, 100 %
2026/09/30 05:05:15.740, 10625 MiB, 15360 MiB, 100 %
2026/09/30 05:05:16.744, 10625 MiB, 15360 MiB, 100 %
2026/09/30 05:05:17.754, 10625 MiB, 15360 MiB, 100 %
2026/09/30 05:05:18.760, 10625 MiB, 15360 MiB, 100 %
2026/09/30 05:05:19.766, 10625 MiB, 15360 MiB, 100 %
2026/09/30 05:05:20.770, 10625 MiB, 15360 MiB, 100 %
2026/09/30 05:05:21.773, 10625 MiB, 15360 MiB, 100 %
2026/09/30 05:05:22.776, 10625 MiB, 15360 MiB, 100 %
2026/09/30 05:05:23.778, 10625 MiB, 15360 MiB, 100 %
2026/09/30 05:05:24.782, 10625 MiB, 15360 MiB, 100 %
2026/09/30 05:05:25.784, 10625 MiB, 15360 MiB, 100 %
2026/09/30 05:05:26.787, 10625 MiB, 15360 MiB, 100 %
2026/09/30 05:05:27.790, 10625 MiB, 15360 MiB, 100 %
2026/09/30 05:05:28.793, 10625 MiB, 15360 MiB, 100 %
2026/09/30 05:05:29.796, 10625 MiB, 15360 MiB, 100 %
2026/09/30 05:05:30.805, 10625 MiB, 15360 MiB, 100 %
2026/09/30 05:05:31.808, 10625 MiB, 15360 MiB, 100 %
2026/09/30 05:05:32.812, 10625 MiB, 15360 MiB, 100 %
2026/09/30 05:05:33.818, 10625 MiB, 15360 MiB, 100 %
2026/09/30 05:05:34.824, 10625 MiB, 15360 MiB, 100 %
2026/09/30 05:05:35.826, 10625 MiB, 15360 MiB, 0 %
2026/09/30 05:05:36.828, 10625 MiB, 15360 MiB, 0 %
2026/09/30 05:05:37.830, 10625 MiB, 15360 MiB, 0 %
2026/09/30 05:05:38.833, 10625 MiB, 15360 MiB, 0 %
2026/09/30 05:05:39.835, 10625 MiB, 15360 MiB, 0 %
2026/09/30 05:05:40.838, 10625 MiB, 15360 MiB, 0 %
2026/09/30 05:05:41.841, 10625 MiB, 15360 MiB, 0 %
2026/09/30 05:05:42.844, 0 MiB, 15360 MiB, 100 %
2026/09/30 05:05:43.859, 0 MiB, 15360 MiB, 0 %
2026/09/30 05:05:44.867, 0 MiB, 15360 MiB, 0 %
2026/09/30 05:05:45.871, 0 MiB, 15360 MiB, 0 %
2026/09/30 05:05:46.917, 0 MiB, 15360 MiB, 0 %
2026/09/30 05:05:47.931, 0 MiB, 15360 MiB, 0 %
2026/09/30 05:05:48.935, 0 MiB, 15360 MiB, 0 %
2026/09/30 05:05:49.938, 0 MiB, 15360 MiB, 0 %
2026/09/30 05:05:50.942, 0 MiB, 15360 MiB, 0 %
2026/09/30 05:05:51.945, 0 MiB, 15360 MiB, 0 %
2026/09/30 05:05:52.948, 0 MiB, 15360 MiB, 0 %
2026/09/30 05:05:53.952, 0 MiB, 15360 MiB, 0 %
2026/09/30 05:05:54.955, 0 MiB, 15360 MiB, 0 %
2026/09/30 05:05:55.960, 0 MiB, 15360 MiB, 0 %
2026/09/30 05:05:56.966, 0 MiB, 15360 MiB, 0 %
2026/09/30 05:05:57.971, 0 MiB, 15360 MiB, 0 %
2026/09/30 05:05:58.979, 0 MiB, 15360 MiB, 0 %
2026/09/30 05:05:59.982, 0 MiB, 15360 MiB, 0 %
2026/09/30 05:06:00.986, 0 MiB, 15360 MiB, 0 %
2026/09/30 05:06:01.994, 0 MiB, 15360 MiB, 0 %
2026/09/30 05:06:02.997, 3 MiB, 15360 MiB, 0 %
2026/09/30 05:06:04.000, 3 MiB, 15360 MiB, 0 %
2026/09/30 05:06:05.005, 3 MiB, 15360 MiB, 0 %
2026/09/30 05:06:06.009, 3 MiB, 15360 MiB, 0 %
2026/09/30 05:06:07.015, 3 MiB, 15360 MiB, 0 %
2026/09/30 05:06:08.030, 3 MiB, 15360 MiB, 0 %
2026/09/30 05:06:09.040, 3 MiB, 15360 MiB, 0 %
2026/09/30 05:06:10.046, 3 MiB, 15360 MiB, 0 %
2026/09/30 05:06:11.054, 3 MiB, 15360 MiB, 0 %
2026/09/30 05:06:12.061, 3 MiB, 15360 MiB, 0 %
2026/09/30 05:06:13.076, 3 MiB, 15360 MiB, 0 %
2026/09/30 05:06:14.084, 3 MiB, 15360 MiB, 0 %
2026/09/30 05:06:15.093, 3 MiB, 15360 MiB, 0 %
2026/09/30 05:06:16.104, 3 MiB, 15360 MiB, 0 %
2026/09/30 05:06:19.366, 3 MiB, 15360 MiB, 0 %
2026/09/30 05:06:20.506, 3 MiB, 15360 MiB, 0 %
2026/09/30 05:06:21.509, 3 MiB, 15360 MiB, 0 %
2026/09/30 05:06:22.513, 3 MiB, 15360 MiB, 0 %
2026/09/30 05:06:23.518, 3 MiB, 15360 MiB, 0 %
2026/09/30 05:06:24.521, 3 MiB, 15360 MiB, 0 %
2026/09/30 05:06:25.525, 3 MiB, 15360 MiB, 0 %
2026/09/30 05:06:26.529, 3 MiB, 15360 MiB, 0 %
2026/09/30 05:06:27.533, 3 MiB, 15360 MiB, 0 %
2026/09/30 05:06:28.537, 3 MiB, 15360 MiB, 0 %
2026/09/30 05:06:29.540, 3 MiB, 15360 MiB, 0 %
2026/09/30 05:06:30.543, 3 MiB, 15360 MiB, 0 %
2026/09/30 05:06:31.547, 3 MiB, 15360 MiB, 0 %
2026/09/30 05:06:32.550, 3 MiB, 15360 MiB, 0 %
2026/09/30 05:06:33.557, 3 MiB, 15360 MiB, 0 %
2026/09/30 05:06:34.562, 3 MiB, 15360 MiB, 0 %
2026/09/30 05:06:35.566, 3 MiB, 15360 MiB, 0 %
2026/09/30 05:06:36.571, 3 MiB, 15360 MiB, 0 %
2026/09/30 05:06:37.574, 3 MiB, 15360 MiB, 0 %
2026/09/30 05:06:38.578, 3 MiB, 15360 MiB, 0 %
2026/09/30 05:06:39.581, 3 MiB, 15360 MiB, 0 %
2026/09/30 05:06:40.585, 3 MiB, 15360 MiB, 0 %
2026/09/30 05:06:41.589, 3 MiB, 15360 MiB, 0 %
2026/09/30 05:06:42.592, 3 MiB, 15360 MiB, 0 %
2026/09/30 05:06:43.596, 3 MiB, 15360 MiB, 0 %
2026/09/30 05:06:44.601, 3 MiB, 15360 MiB, 0 %
2026/09/30 05:06:45.605, 3 MiB, 15360 MiB, 0 %
2026/09/30 05:06:46.608, 3 MiB, 15360 MiB, 0 %
2026/09/30 05:06:47.612, 3 MiB, 15360 MiB, 0 %
2026/09/30 05:06:48.615, 3 MiB, 15360 MiB, 0 %
2026/09/30 05:06:49.618, 3 MiB, 15360 MiB, 0 %
2026/09/30 05:06:50.623, 3 MiB, 15360 MiB, 0 %
2026/09/30 05:06:51.626, 3 MiB, 15360 MiB, 0 %
2026/09/30 05:06:52.630, 3 MiB, 15360 MiB, 0 %
2026/09/30 05:06:53.633, 3 MiB, 15360 MiB, 0 %
2026/09/30 05:06:54.637, 3 MiB, 15360 MiB, 0 %
2026/09/30 05:06:55.642, 3 MiB, 15360 MiB, 0 %
2026/09/30 05:06:56.646, 3 MiB, 15360 MiB, 0 %
2026/09/30 05:06:57.651, 3 MiB, 15360 MiB, 0 %
2026/09/30 05:06:58.655, 3 MiB, 15360 MiB, 0 %
2026/09/30 05:06:59.658, 3 MiB, 15360 MiB, 0 %
2026/09/30 05:07:00.661, 3 MiB, 15360 MiB, 0 %
2026/09/30 05:07:01.664, 3 MiB, 15360 MiB, 0 %
2026/09/30 05:07:02.668, 3 MiB, 15360 MiB, 0 %
2026/09/30 05:07:03.671, 3 MiB, 15360 MiB, 0 %
2026/09/30 05:07:04.675, 3 MiB, 15360 MiB, 0 %
2026/09/30 05:07:05.678, 3 MiB, 15360 MiB, 0 %
2026/09/30 05:07:06.682, 3 MiB, 15360 MiB, 0 %
2026/09/30 05:07:07.685, 3 MiB, 15360 MiB, 0 %
2026/09/30 05:07:08.688, 3 MiB, 15360 MiB, 0 %
2026/09/30 05:07:09.693, 3 MiB, 15360 MiB, 0 %
2026/09/30 05:07:10.697, 3 MiB, 15360 MiB, 0 %
2026/09/30 05:07:11.700, 3 MiB, 15360 MiB, 0 %
2026/09/30 05:07:12.704, 3 MiB, 15360 MiB, 0 %
2026/09/30 05:07:13.707, 3 MiB, 15360 MiB, 0 %
2026/09/30 05:07:14.711, 3 MiB, 15360 MiB, 0 %
2026/09/30 05:07:15.714, 3 MiB, 15360 MiB, 0 %
2026/09/30 05:07:16.719, 3 MiB, 15360 MiB, 0 %
2026/09/30 05:07:17.724, 3 MiB, 15360 MiB, 0 %
2026/09/30 05:07:18.728, 3 MiB, 15360 MiB, 0 %
2026/09/30 05:07:19.737, 3 MiB, 15360 MiB, 0 %
2026/09/30 05:07:20.763, 3 MiB, 15360 MiB, 0 %
2026/09/30 05:07:21.772, 3 MiB, 15360 MiB, 0 %
2026/09/30 05:07:22.777, 3 MiB, 15360 MiB, 0 %
2026/09/30 05:07:23.781, 3 MiB, 15360 MiB, 0 %
2026/09/30 05:07:24.791, 3 MiB, 15360 MiB, 0 %
2026/09/30 05:07:25.796, 3 MiB, 15360 MiB, 0 %
2026/09/30 05:07:26.800, 3 MiB, 15360 MiB, 0 %
2026/09/30 05:07:27.803, 105 MiB, 15360 MiB, 0 %
2026/09/30 05:07:28.806, 2947 MiB, 15360 MiB, 26 %
2026/09/30 05:07:29.808, 6095 MiB, 15360 MiB, 25 %
2026/09/30 05:07:30.814, 6157 MiB, 15360 MiB, 0 %
2026/09/30 05:07:31.816, 6527 MiB, 15360 MiB, 99 %
2026/09/30 05:07:32.818, 6817 MiB, 15360 MiB, 48 %
2026/09/30 05:07:33.820, 6817 MiB, 15360 MiB, 0 %
2026/09/30 05:07:34.824, 6817 MiB, 15360 MiB, 0 %
2026/09/30 05:07:35.827, 6817 MiB, 15360 MiB, 0 %
2026/09/30 05:07:36.832, 6817 MiB, 15360 MiB, 0 %
2026/09/30 05:07:37.835, 6817 MiB, 15360 MiB, 0 %
2026/09/30 05:07:38.838, 6817 MiB, 15360 MiB, 0 %
2026/09/30 05:07:39.841, 6817 MiB, 15360 MiB, 0 %
2026/09/30 05:07:40.845, 6817 MiB, 15360 MiB, 0 %
2026/09/30 05:07:41.847, 6817 MiB, 15360 MiB, 14 %
2026/09/30 05:07:42.849, 6817 MiB, 15360 MiB, 32 %
2026/09/30 05:07:43.851, 7593 MiB, 15360 MiB, 100 %
2026/09/30 05:07:44.854, 7593 MiB, 15360 MiB, 100 %
2026/09/30 05:07:45.855, 7593 MiB, 15360 MiB, 64 %
2026/09/30 05:07:46.859, 7593 MiB, 15360 MiB, 66 %
2026/09/30 05:07:47.862, 7593 MiB, 15360 MiB, 41 %
2026/09/30 05:07:48.866, 7593 MiB, 15360 MiB, 51 %
2026/09/30 05:07:49.872, 7593 MiB, 15360 MiB, 52 %
2026/09/30 05:07:50.877, 7593 MiB, 15360 MiB, 45 %
2026/09/30 05:07:51.880, 7593 MiB, 15360 MiB, 67 %
2026/09/30 05:07:52.882, 7593 MiB, 15360 MiB, 69 %
2026/09/30 05:07:53.888, 7593 MiB, 15360 MiB, 69 %
2026/09/30 05:07:54.894, 7593 MiB, 15360 MiB, 68 %
2026/09/30 05:07:55.897, 7593 MiB, 15360 MiB, 70 %
2026/09/30 05:07:56.899, 7593 MiB, 15360 MiB, 69 %
2026/09/30 05:07:57.903, 7593 MiB, 15360 MiB, 90 %
2026/09/30 05:07:58.906, 7593 MiB, 15360 MiB, 100 %
2026/09/30 05:07:59.908, 7593 MiB, 15360 MiB, 79 %
2026/09/30 05:08:00.910, 7593 MiB, 15360 MiB, 83 %
2026/09/30 05:08:01.913, 7593 MiB, 15360 MiB, 58 %
2026/09/30 05:08:02.919, 7593 MiB, 15360 MiB, 54 %
2026/09/30 05:08:03.925, 7593 MiB, 15360 MiB, 66 %
2026/09/30 05:08:04.927, 7593 MiB, 15360 MiB, 63 %
2026/09/30 05:08:05.930, 7593 MiB, 15360 MiB, 83 %
2026/09/30 05:08:06.932, 7593 MiB, 15360 MiB, 83 %
2026/09/30 05:08:07.935, 7593 MiB, 15360 MiB, 84 %
2026/09/30 05:08:08.938, 7593 MiB, 15360 MiB, 84 %
2026/09/30 05:08:09.941, 8435 MiB, 15360 MiB, 100 %
2026/09/30 05:08:10.943, 9379 MiB, 15360 MiB, 100 %
2026/09/30 05:08:11.945, 9379 MiB, 15360 MiB, 68 %
2026/09/30 05:08:12.947, 9379 MiB, 15360 MiB, 69 %
2026/09/30 05:08:13.949, 9379 MiB, 15360 MiB, 65 %
2026/09/30 05:08:14.951, 9379 MiB, 15360 MiB, 68 %
2026/09/30 05:08:15.954, 9379 MiB, 15360 MiB, 52 %
2026/09/30 05:08:16.958, 9379 MiB, 15360 MiB, 46 %
2026/09/30 05:08:17.962, 9379 MiB, 15360 MiB, 57 %
2026/09/30 05:08:18.966, 9379 MiB, 15360 MiB, 48 %
2026/09/30 05:08:19.970, 9379 MiB, 15360 MiB, 69 %
2026/09/30 05:08:20.972, 9379 MiB, 15360 MiB, 61 %
2026/09/30 05:08:21.974, 9379 MiB, 15360 MiB, 67 %
2026/09/30 05:08:22.978, 9379 MiB, 15360 MiB, 70 %
2026/09/30 05:08:23.981, 9379 MiB, 15360 MiB, 70 %
2026/09/30 05:08:24.984, 9379 MiB, 15360 MiB, 100 %
2026/09/30 05:08:25.987, 9379 MiB, 15360 MiB, 100 %
2026/09/30 05:08:26.990, 9379 MiB, 15360 MiB, 82 %
2026/09/30 05:08:27.992, 9379 MiB, 15360 MiB, 85 %
2026/09/30 05:08:28.996, 9379 MiB, 15360 MiB, 85 %
2026/09/30 05:08:29.999, 9379 MiB, 15360 MiB, 64 %
2026/09/30 05:08:31.002, 9379 MiB, 15360 MiB, 65 %
2026/09/30 05:08:32.007, 9379 MiB, 15360 MiB, 64 %
2026/09/30 05:08:33.011, 9379 MiB, 15360 MiB, 54 %
2026/09/30 05:08:34.013, 9379 MiB, 15360 MiB, 84 %
2026/09/30 05:08:35.016, 9379 MiB, 15360 MiB, 78 %
2026/09/30 05:08:36.018, 9379 MiB, 15360 MiB, 79 %
2026/09/30 05:08:37.021, 9379 MiB, 15360 MiB, 99 %
2026/09/30 05:08:38.024, 9379 MiB, 15360 MiB, 59 %
2026/09/30 05:08:39.026, 9379 MiB, 15360 MiB, 60 %
2026/09/30 05:08:40.028, 9379 MiB, 15360 MiB, 61 %
2026/09/30 05:08:41.030, 9379 MiB, 15360 MiB, 63 %
2026/09/30 05:08:42.032, 9379 MiB, 15360 MiB, 99 %
2026/09/30 05:08:43.036, 9379 MiB, 15360 MiB, 81 %
2026/09/30 05:08:44.041, 9379 MiB, 15360 MiB, 63 %
2026/09/30 05:08:45.045, 9379 MiB, 15360 MiB, 64 %
2026/09/30 05:08:46.051, 9379 MiB, 15360 MiB, 55 %
2026/09/30 05:08:47.057, 9379 MiB, 15360 MiB, 99 %
2026/09/30 05:08:48.060, 9379 MiB, 15360 MiB, 65 %
2026/09/30 05:08:49.063, 9379 MiB, 15360 MiB, 64 %
2026/09/30 05:08:50.066, 9379 MiB, 15360 MiB, 68 %
2026/09/30 05:08:51.071, 9379 MiB, 15360 MiB, 63 %
2026/09/30 05:08:52.074, 9379 MiB, 15360 MiB, 69 %
2026/09/30 05:08:53.076, 9379 MiB, 15360 MiB, 69 %
2026/09/30 05:08:54.079, 9379 MiB, 15360 MiB, 70 %
2026/09/30 05:08:55.081, 9379 MiB, 15360 MiB, 69 %
2026/09/30 05:08:56.083, 9379 MiB, 15360 MiB, 70 %
2026/09/30 05:08:57.087, 9379 MiB, 15360 MiB, 51 %
2026/09/30 05:08:58.089, 9379 MiB, 15360 MiB, 54 %
2026/09/30 05:08:59.092, 9379 MiB, 15360 MiB, 52 %
2026/09/30 05:09:00.100, 9379 MiB, 15360 MiB, 50 %
2026/09/30 05:09:01.103, 9379 MiB, 15360 MiB, 100 %
2026/09/30 05:09:02.108, 9379 MiB, 15360 MiB, 74 %
2026/09/30 05:09:03.113, 9379 MiB, 15360 MiB, 83 %
2026/09/30 05:09:04.118, 9379 MiB, 15360 MiB, 87 %
2026/09/30 05:09:05.121, 9379 MiB, 15360 MiB, 84 %
2026/09/30 05:09:06.124, 9379 MiB, 15360 MiB, 82 %
2026/09/30 05:09:07.129, 9379 MiB, 15360 MiB, 81 %
2026/09/30 05:09:08.133, 9379 MiB, 15360 MiB, 83 %
2026/09/30 05:09:09.137, 9379 MiB, 15360 MiB, 84 %
2026/09/30 05:09:10.139, 9379 MiB, 15360 MiB, 85 %
2026/09/30 05:09:11.141, 9379 MiB, 15360 MiB, 63 %
2026/09/30 05:09:12.151, 10359 MiB, 15360 MiB, 100 %
2026/09/30 05:09:13.157, 10359 MiB, 15360 MiB, 100 %
2026/09/30 05:09:14.161, 10359 MiB, 15360 MiB, 51 %
2026/09/30 05:09:15.168, 10359 MiB, 15360 MiB, 70 %
2026/09/30 05:09:16.171, 10359 MiB, 15360 MiB, 71 %
2026/09/30 05:09:17.174, 10359 MiB, 15360 MiB, 69 %
2026/09/30 05:09:18.177, 10359 MiB, 15360 MiB, 68 %
2026/09/30 05:09:19.179, 10359 MiB, 15360 MiB, 67 %
2026/09/30 05:09:20.181, 10359 MiB, 15360 MiB, 69 %
2026/09/30 05:09:21.187, 10359 MiB, 15360 MiB, 67 %
2026/09/30 05:09:22.189, 10359 MiB, 15360 MiB, 70 %
2026/09/30 05:09:23.191, 10359 MiB, 15360 MiB, 63 %
2026/09/30 05:09:24.194, 10359 MiB, 15360 MiB, 64 %
2026/09/30 05:09:25.197, 10359 MiB, 15360 MiB, 51 %
2026/09/30 05:09:26.204, 10361 MiB, 15360 MiB, 100 %
2026/09/30 05:09:27.210, 10361 MiB, 15360 MiB, 100 %
2026/09/30 05:09:28.216, 10361 MiB, 15360 MiB, 57 %
2026/09/30 05:09:29.219, 10361 MiB, 15360 MiB, 83 %
2026/09/30 05:09:30.221, 10361 MiB, 15360 MiB, 82 %
2026/09/30 05:09:31.225, 10361 MiB, 15360 MiB, 80 %
2026/09/30 05:09:32.229, 10361 MiB, 15360 MiB, 81 %
2026/09/30 05:09:33.233, 10361 MiB, 15360 MiB, 81 %
2026/09/30 05:09:34.239, 10361 MiB, 15360 MiB, 85 %
2026/09/30 05:09:35.242, 10361 MiB, 15360 MiB, 82 %
2026/09/30 05:09:36.246, 10361 MiB, 15360 MiB, 82 %
2026/09/30 05:09:37.248, 10361 MiB, 15360 MiB, 85 %
2026/09/30 05:09:38.250, 10361 MiB, 15360 MiB, 99 %
2026/09/30 05:09:39.254, 10361 MiB, 15360 MiB, 52 %
2026/09/30 05:09:40.258, 10361 MiB, 15360 MiB, 54 %
2026/09/30 05:09:41.263, 10361 MiB, 15360 MiB, 51 %
2026/09/30 05:09:42.267, 10361 MiB, 15360 MiB, 48 %
2026/09/30 05:09:43.269, 10361 MiB, 15360 MiB, 71 %
2026/09/30 05:09:44.272, 10361 MiB, 15360 MiB, 71 %
2026/09/30 05:09:45.274, 10361 MiB, 15360 MiB, 71 %
2026/09/30 05:09:46.278, 10361 MiB, 15360 MiB, 71 %
2026/09/30 05:09:47.280, 10361 MiB, 15360 MiB, 72 %
2026/09/30 05:09:48.282, 10361 MiB, 15360 MiB, 65 %
2026/09/30 05:09:49.285, 10361 MiB, 15360 MiB, 64 %
2026/09/30 05:09:50.288, 10361 MiB, 15360 MiB, 65 %
2026/09/30 05:09:51.290, 10361 MiB, 15360 MiB, 100 %
2026/09/30 05:09:52.293, 10361 MiB, 15360 MiB, 88 %
2026/09/30 05:09:53.298, 10361 MiB, 15360 MiB, 65 %
2026/09/30 05:09:54.302, 10361 MiB, 15360 MiB, 64 %
2026/09/30 05:09:55.310, 10361 MiB, 15360 MiB, 50 %
2026/09/30 05:09:56.316, 10361 MiB, 15360 MiB, 78 %
2026/09/30 05:09:57.321, 10361 MiB, 15360 MiB, 81 %
2026/09/30 05:09:58.324, 10361 MiB, 15360 MiB, 81 %
2026/09/30 05:09:59.328, 10361 MiB, 15360 MiB, 84 %
2026/09/30 05:10:00.330, 10361 MiB, 15360 MiB, 85 %
2026/09/30 05:10:01.333, 10361 MiB, 15360 MiB, 87 %
2026/09/30 05:10:02.336, 10361 MiB, 15360 MiB, 87 %
2026/09/30 05:10:03.338, 10361 MiB, 15360 MiB, 100 %
2026/09/30 05:10:04.341, 10361 MiB, 15360 MiB, 100 %
2026/09/30 05:10:05.343, 10361 MiB, 15360 MiB, 68 %
2026/09/30 05:10:06.346, 10361 MiB, 15360 MiB, 47 %
2026/09/30 05:10:07.352, 10361 MiB, 15360 MiB, 50 %
2026/09/30 05:10:08.359, 10361 MiB, 15360 MiB, 57 %
2026/09/30 05:10:09.361, 10361 MiB, 15360 MiB, 53 %
2026/09/30 05:10:10.368, 10361 MiB, 15360 MiB, 70 %
2026/09/30 05:10:11.371, 10361 MiB, 15360 MiB, 69 %
2026/09/30 05:10:12.373, 10361 MiB, 15360 MiB, 65 %
2026/09/30 05:10:13.376, 10361 MiB, 15360 MiB, 65 %
2026/09/30 05:10:14.380, 10361 MiB, 15360 MiB, 66 %
2026/09/30 05:10:15.382, 10361 MiB, 15360 MiB, 67 %
2026/09/30 05:10:16.384, 10361 MiB, 15360 MiB, 68 %
2026/09/30 05:10:17.387, 10361 MiB, 15360 MiB, 100 %
2026/09/30 05:10:18.390, 10361 MiB, 15360 MiB, 100 %
2026/09/30 05:10:19.393, 10361 MiB, 15360 MiB, 80 %
2026/09/30 05:10:20.402, 10361 MiB, 15360 MiB, 65 %
2026/09/30 05:10:21.406, 10361 MiB, 15360 MiB, 58 %
2026/09/30 05:10:22.411, 10361 MiB, 15360 MiB, 65 %
2026/09/30 05:10:23.415, 10361 MiB, 15360 MiB, 55 %
2026/09/30 05:10:24.421, 10361 MiB, 15360 MiB, 83 %
2026/09/30 05:10:25.423, 10361 MiB, 15360 MiB, 85 %
2026/09/30 05:10:26.426, 10361 MiB, 15360 MiB, 85 %
2026/09/30 05:10:27.429, 10361 MiB, 15360 MiB, 86 %
2026/09/30 05:10:28.431, 10361 MiB, 15360 MiB, 87 %
2026/09/30 05:10:29.434, 10361 MiB, 15360 MiB, 87 %
2026/09/30 05:10:30.436, 10361 MiB, 15360 MiB, 100 %
2026/09/30 05:10:31.438, 10361 MiB, 15360 MiB, 66 %
2026/09/30 05:10:32.440, 10361 MiB, 15360 MiB, 70 %
2026/09/30 05:10:33.442, 10361 MiB, 15360 MiB, 71 %
2026/09/30 05:10:34.446, 10361 MiB, 15360 MiB, 52 %
2026/09/30 05:10:35.448, 10361 MiB, 15360 MiB, 51 %
2026/09/30 05:10:36.461, 10361 MiB, 15360 MiB, 47 %
2026/09/30 05:10:37.464, 10361 MiB, 15360 MiB, 41 %
2026/09/30 05:10:38.466, 10361 MiB, 15360 MiB, 67 %
2026/09/30 05:10:39.468, 10361 MiB, 15360 MiB, 68 %
2026/09/30 05:10:40.471, 10361 MiB, 15360 MiB, 70 %
2026/09/30 05:10:41.475, 10361 MiB, 15360 MiB, 70 %
2026/09/30 05:10:42.477, 10361 MiB, 15360 MiB, 73 %
2026/09/30 05:10:43.481, 10361 MiB, 15360 MiB, 100 %
2026/09/30 05:10:44.483, 10361 MiB, 15360 MiB, 80 %
2026/09/30 05:10:45.485, 10361 MiB, 15360 MiB, 83 %
2026/09/30 05:10:46.487, 10361 MiB, 15360 MiB, 82 %
2026/09/30 05:10:47.491, 10361 MiB, 15360 MiB, 65 %
2026/09/30 05:10:48.495, 10361 MiB, 15360 MiB, 67 %
2026/09/30 05:10:49.503, 10361 MiB, 15360 MiB, 66 %
2026/09/30 05:10:50.517, 10361 MiB, 15360 MiB, 53 %
2026/09/30 05:10:51.521, 10361 MiB, 15360 MiB, 84 %
2026/09/30 05:10:52.523, 10361 MiB, 15360 MiB, 78 %
2026/09/30 05:10:53.526, 10361 MiB, 15360 MiB, 84 %
2026/09/30 05:10:54.528, 10361 MiB, 15360 MiB, 83 %
2026/09/30 05:10:55.530, 10361 MiB, 15360 MiB, 100 %
2026/09/30 05:10:56.533, 10361 MiB, 15360 MiB, 73 %
2026/09/30 05:10:57.536, 10361 MiB, 15360 MiB, 67 %
2026/09/30 05:10:58.537, 10361 MiB, 15360 MiB, 67 %
2026/09/30 05:10:59.540, 10361 MiB, 15360 MiB, 66 %
2026/09/30 05:11:00.544, 10361 MiB, 15360 MiB, 67 %
2026/09/30 05:11:01.547, 10361 MiB, 15360 MiB, 47 %
2026/09/30 05:11:02.555, 10361 MiB, 15360 MiB, 48 %
2026/09/30 05:11:03.559, 10361 MiB, 15360 MiB, 58 %
2026/09/30 05:11:04.563, 10361 MiB, 15360 MiB, 57 %
2026/09/30 05:11:05.567, 10361 MiB, 15360 MiB, 76 %
2026/09/30 05:11:06.569, 10361 MiB, 15360 MiB, 76 %
2026/09/30 05:11:07.572, 10361 MiB, 15360 MiB, 75 %
2026/09/30 05:11:08.574, 10361 MiB, 15360 MiB, 78 %
2026/09/30 05:11:09.576, 10361 MiB, 15360 MiB, 100 %
2026/09/30 05:11:10.578, 10361 MiB, 15360 MiB, 87 %
2026/09/30 05:11:11.580, 10361 MiB, 15360 MiB, 87 %
2026/09/30 05:11:12.583, 10361 MiB, 15360 MiB, 89 %
2026/09/30 05:11:13.585, 10361 MiB, 15360 MiB, 88 %
2026/09/30 05:11:14.589, 10361 MiB, 15360 MiB, 88 %
2026/09/30 05:11:15.592, 10361 MiB, 15360 MiB, 69 %
2026/09/30 05:11:16.599, 10361 MiB, 15360 MiB, 66 %
2026/09/30 05:11:17.603, 10361 MiB, 15360 MiB, 72 %
2026/09/30 05:11:18.607, 10361 MiB, 15360 MiB, 56 %
2026/09/30 05:11:19.610, 10361 MiB, 15360 MiB, 90 %
2026/09/30 05:11:20.613, 10361 MiB, 15360 MiB, 84 %
2026/09/30 05:11:21.615, 10361 MiB, 15360 MiB, 100 %
2026/09/30 05:11:22.617, 11357 MiB, 15360 MiB, 100 %
2026/09/30 05:11:23.619, 11357 MiB, 15360 MiB, 70 %
2026/09/30 05:11:24.622, 11357 MiB, 15360 MiB, 70 %
2026/09/30 05:11:25.625, 11357 MiB, 15360 MiB, 70 %
2026/09/30 05:11:26.627, 11357 MiB, 15360 MiB, 70 %
2026/09/30 05:11:27.629, 11357 MiB, 15360 MiB, 71 %
2026/09/30 05:11:28.634, 11357 MiB, 15360 MiB, 71 %
2026/09/30 05:11:29.642, 11357 MiB, 15360 MiB, 55 %
2026/09/30 05:11:30.644, 11357 MiB, 15360 MiB, 53 %
2026/09/30 05:11:31.649, 11357 MiB, 15360 MiB, 44 %
2026/09/30 05:11:32.653, 11357 MiB, 15360 MiB, 59 %
2026/09/30 05:11:33.656, 11357 MiB, 15360 MiB, 72 %
2026/09/30 05:11:34.660, 11357 MiB, 15360 MiB, 61 %
2026/09/30 05:11:35.662, 11357 MiB, 15360 MiB, 87 %
2026/09/30 05:11:36.665, 11357 MiB, 15360 MiB, 99 %
2026/09/30 05:11:37.667, 11357 MiB, 15360 MiB, 100 %
2026/09/30 05:11:38.669, 11357 MiB, 15360 MiB, 83 %
2026/09/30 05:11:39.672, 11357 MiB, 15360 MiB, 85 %
2026/09/30 05:11:40.674, 11357 MiB, 15360 MiB, 84 %
2026/09/30 05:11:41.676, 11357 MiB, 15360 MiB, 84 %
2026/09/30 05:11:42.679, 11357 MiB, 15360 MiB, 55 %
2026/09/30 05:11:43.684, 11357 MiB, 15360 MiB, 66 %
2026/09/30 05:11:44.693, 11357 MiB, 15360 MiB, 65 %
2026/09/30 05:11:45.698, 11357 MiB, 15360 MiB, 63 %
2026/09/30 05:11:46.699, 11357 MiB, 15360 MiB, 78 %
2026/09/30 05:11:47.702, 11357 MiB, 15360 MiB, 85 %
2026/09/30 05:11:48.704, 11357 MiB, 15360 MiB, 100 %
2026/09/30 05:11:49.706, 11357 MiB, 15360 MiB, 100 %
2026/09/30 05:11:50.708, 11357 MiB, 15360 MiB, 68 %
2026/09/30 05:11:51.712, 11357 MiB, 15360 MiB, 70 %
2026/09/30 05:11:52.714, 11357 MiB, 15360 MiB, 68 %
2026/09/30 05:11:53.716, 11357 MiB, 15360 MiB, 71 %
2026/09/30 05:11:54.718, 11357 MiB, 15360 MiB, 69 %
2026/09/30 05:11:55.722, 11357 MiB, 15360 MiB, 69 %
2026/09/30 05:11:56.725, 11357 MiB, 15360 MiB, 52 %
2026/09/30 05:11:57.732, 11357 MiB, 15360 MiB, 47 %
2026/09/30 05:11:58.740, 11357 MiB, 15360 MiB, 55 %
2026/09/30 05:11:59.745, 11357 MiB, 15360 MiB, 44 %
2026/09/30 05:12:00.749, 11357 MiB, 15360 MiB, 72 %
2026/09/30 05:12:01.752, 11357 MiB, 15360 MiB, 72 %
2026/09/30 05:12:02.754, 11357 MiB, 15360 MiB, 87 %
2026/09/30 05:12:03.756, 11357 MiB, 15360 MiB, 99 %
2026/09/30 05:12:04.758, 11357 MiB, 15360 MiB, 71 %
2026/09/30 05:12:05.760, 11357 MiB, 15360 MiB, 84 %
2026/09/30 05:12:06.763, 11357 MiB, 15360 MiB, 80 %
2026/09/30 05:12:07.765, 11357 MiB, 15360 MiB, 84 %
2026/09/30 05:12:08.769, 11357 MiB, 15360 MiB, 81 %
2026/09/30 05:12:09.771, 11357 MiB, 15360 MiB, 79 %
2026/09/30 05:12:10.775, 11357 MiB, 15360 MiB, 62 %
2026/09/30 05:12:11.783, 11357 MiB, 15360 MiB, 61 %
2026/09/30 05:12:12.791, 11357 MiB, 15360 MiB, 56 %
2026/09/30 05:12:13.795, 11357 MiB, 15360 MiB, 60 %
2026/09/30 05:12:14.798, 11357 MiB, 15360 MiB, 81 %
2026/09/30 05:12:15.800, 11357 MiB, 15360 MiB, 100 %
2026/09/30 05:12:16.803, 11357 MiB, 15360 MiB, 70 %
2026/09/30 05:12:17.805, 11357 MiB, 15360 MiB, 70 %
2026/09/30 05:12:18.808, 11357 MiB, 15360 MiB, 65 %
2026/09/30 05:12:19.810, 11357 MiB, 15360 MiB, 68 %
2026/09/30 05:12:20.812, 11357 MiB, 15360 MiB, 67 %
2026/09/30 05:12:21.814, 11357 MiB, 15360 MiB, 62 %
2026/09/30 05:12:22.816, 11357 MiB, 15360 MiB, 66 %
2026/09/30 05:12:23.820, 11357 MiB, 15360 MiB, 68 %
2026/09/30 05:12:24.823, 11357 MiB, 15360 MiB, 56 %
2026/09/30 05:12:25.830, 11357 MiB, 15360 MiB, 54 %
2026/09/30 05:12:26.834, 11357 MiB, 15360 MiB, 42 %
2026/09/30 05:12:27.838, 11357 MiB, 15360 MiB, 69 %
2026/09/30 05:12:28.841, 11357 MiB, 15360 MiB, 70 %
2026/09/30 05:12:29.843, 11357 MiB, 15360 MiB, 100 %
2026/09/30 05:12:30.845, 11357 MiB, 15360 MiB, 95 %
2026/09/30 05:12:31.848, 11357 MiB, 15360 MiB, 74 %
2026/09/30 05:12:32.850, 11357 MiB, 15360 MiB, 81 %
2026/09/30 05:12:33.852, 11357 MiB, 15360 MiB, 81 %
2026/09/30 05:12:34.855, 11357 MiB, 15360 MiB, 77 %
2026/09/30 05:12:35.857, 11357 MiB, 15360 MiB, 78 %
2026/09/30 05:12:36.859, 11357 MiB, 15360 MiB, 70 %
2026/09/30 05:12:37.863, 11357 MiB, 15360 MiB, 57 %
2026/09/30 05:12:38.867, 11357 MiB, 15360 MiB, 52 %
2026/09/30 05:12:39.876, 11357 MiB, 15360 MiB, 57 %
2026/09/30 05:12:40.877, 11357 MiB, 15360 MiB, 58 %
2026/09/30 05:12:41.881, 11357 MiB, 15360 MiB, 100 %
2026/09/30 05:12:42.884, 11357 MiB, 15360 MiB, 100 %
2026/09/30 05:12:43.886, 11357 MiB, 15360 MiB, 66 %
2026/09/30 05:12:44.890, 11357 MiB, 15360 MiB, 68 %
2026/09/30 05:12:45.892, 11357 MiB, 15360 MiB, 68 %
2026/09/30 05:12:46.894, 11357 MiB, 15360 MiB, 67 %
2026/09/30 05:12:47.897, 11357 MiB, 15360 MiB, 69 %
2026/09/30 05:12:48.899, 11357 MiB, 15360 MiB, 68 %
2026/09/30 05:12:49.901, 11357 MiB, 15360 MiB, 68 %
2026/09/30 05:12:50.903, 11357 MiB, 15360 MiB, 69 %
2026/09/30 05:12:51.906, 11357 MiB, 15360 MiB, 54 %
2026/09/30 05:12:52.911, 11357 MiB, 15360 MiB, 46 %
2026/09/30 05:12:53.921, 11357 MiB, 15360 MiB, 56 %
2026/09/30 05:12:54.925, 11357 MiB, 15360 MiB, 43 %
2026/09/30 05:12:55.930, 11357 MiB, 15360 MiB, 100 %
2026/09/30 05:12:56.932, 11357 MiB, 15360 MiB, 100 %
2026/09/30 05:12:57.935, 11357 MiB, 15360 MiB, 72 %
2026/09/30 05:12:58.938, 11357 MiB, 15360 MiB, 76 %
2026/09/30 05:12:59.940, 11357 MiB, 15360 MiB, 76 %
2026/09/30 05:13:00.942, 11357 MiB, 15360 MiB, 76 %
2026/09/30 05:13:01.945, 11357 MiB, 15360 MiB, 76 %
2026/09/30 05:13:02.947, 11357 MiB, 15360 MiB, 79 %
2026/09/30 05:13:03.949, 11357 MiB, 15360 MiB, 82 %
2026/09/30 05:13:04.951, 11357 MiB, 15360 MiB, 84 %
2026/09/30 05:13:05.956, 11357 MiB, 15360 MiB, 68 %
2026/09/30 05:13:06.958, 11357 MiB, 15360 MiB, 67 %
2026/09/30 05:13:07.963, 12421 MiB, 15360 MiB, 100 %
2026/09/30 05:13:08.970, 12421 MiB, 15360 MiB, 100 %
2026/09/30 05:13:09.973, 13497 MiB, 15360 MiB, 98 %
2026/09/30 05:13:10.975, 13497 MiB, 15360 MiB, 64 %
2026/09/30 05:13:11.978, 13497 MiB, 15360 MiB, 69 %
2026/09/30 05:13:12.982, 13497 MiB, 15360 MiB, 71 %
2026/09/30 05:13:13.984, 13497 MiB, 15360 MiB, 70 %
2026/09/30 05:13:14.988, 13497 MiB, 15360 MiB, 70 %
2026/09/30 05:13:15.991, 13497 MiB, 15360 MiB, 70 %
2026/09/30 05:13:16.993, 13497 MiB, 15360 MiB, 70 %
2026/09/30 05:13:17.996, 13497 MiB, 15360 MiB, 68 %
2026/09/30 05:13:19.000, 13497 MiB, 15360 MiB, 69 %
2026/09/30 05:13:20.006, 13497 MiB, 15360 MiB, 58 %
2026/09/30 05:13:21.009, 13497 MiB, 15360 MiB, 54 %
2026/09/30 05:13:22.015, 13497 MiB, 15360 MiB, 46 %
2026/09/30 05:13:23.020, 13497 MiB, 15360 MiB, 100 %
2026/09/30 05:13:24.022, 13497 MiB, 15360 MiB, 99 %
2026/09/30 05:13:25.024, 13497 MiB, 15360 MiB, 100 %
2026/09/30 05:13:26.027, 13497 MiB, 15360 MiB, 82 %
2026/09/30 05:13:27.029, 13497 MiB, 15360 MiB, 86 %
2026/09/30 05:13:28.032, 13497 MiB, 15360 MiB, 87 %
2026/09/30 05:13:29.034, 13497 MiB, 15360 MiB, 87 %
2026/09/30 05:13:30.038, 13497 MiB, 15360 MiB, 87 %
2026/09/30 05:13:31.042, 13497 MiB, 15360 MiB, 85 %
2026/09/30 05:13:32.046, 13497 MiB, 15360 MiB, 86 %
2026/09/30 05:13:33.051, 13497 MiB, 15360 MiB, 62 %
2026/09/30 05:13:34.059, 13497 MiB, 15360 MiB, 56 %
2026/09/30 05:13:35.063, 13497 MiB, 15360 MiB, 68 %
2026/09/30 05:13:36.073, 13497 MiB, 15360 MiB, 100 %
2026/09/30 05:13:37.079, 13497 MiB, 15360 MiB, 100 %
2026/09/30 05:13:38.082, 13497 MiB, 15360 MiB, 64 %
2026/09/30 05:13:39.084, 13497 MiB, 15360 MiB, 66 %
2026/09/30 05:13:40.087, 13497 MiB, 15360 MiB, 68 %
2026/09/30 05:13:41.090, 13497 MiB, 15360 MiB, 68 %
2026/09/30 05:13:42.092, 13497 MiB, 15360 MiB, 67 %
2026/09/30 05:13:43.094, 13497 MiB, 15360 MiB, 65 %
2026/09/30 05:13:44.096, 13497 MiB, 15360 MiB, 58 %
2026/09/30 05:13:45.098, 13497 MiB, 15360 MiB, 69 %
2026/09/30 05:13:46.100, 13497 MiB, 15360 MiB, 67 %
2026/09/30 05:13:47.103, 13497 MiB, 15360 MiB, 53 %
2026/09/30 05:13:48.110, 13497 MiB, 15360 MiB, 48 %
2026/09/30 05:13:49.120, 13497 MiB, 15360 MiB, 52 %
2026/09/30 05:13:50.131, 13497 MiB, 15360 MiB, 76 %
2026/09/30 05:13:51.138, 13497 MiB, 15360 MiB, 99 %
2026/09/30 05:13:52.140, 13497 MiB, 15360 MiB, 97 %
2026/09/30 05:13:53.143, 13497 MiB, 15360 MiB, 79 %
2026/09/30 05:13:54.147, 13497 MiB, 15360 MiB, 83 %
2026/09/30 05:13:55.150, 13497 MiB, 15360 MiB, 82 %
2026/09/30 05:13:56.151, 13497 MiB, 15360 MiB, 80 %
2026/09/30 05:13:57.154, 13497 MiB, 15360 MiB, 80 %
2026/09/30 05:13:58.156, 13497 MiB, 15360 MiB, 80 %
2026/09/30 05:13:59.159, 13497 MiB, 15360 MiB, 80 %
2026/09/30 05:14:00.161, 13497 MiB, 15360 MiB, 83 %
2026/09/30 05:14:01.165, 13497 MiB, 15360 MiB, 67 %
2026/09/30 05:14:02.172, 13497 MiB, 15360 MiB, 100 %
2026/09/30 05:14:03.179, 13497 MiB, 15360 MiB, 100 %
2026/09/30 05:14:04.182, 13497 MiB, 15360 MiB, 96 %
2026/09/30 05:14:05.185, 13497 MiB, 15360 MiB, 67 %
2026/09/30 05:14:06.187, 13497 MiB, 15360 MiB, 70 %
2026/09/30 05:14:07.189, 13497 MiB, 15360 MiB, 69 %
2026/09/30 05:14:08.192, 13497 MiB, 15360 MiB, 68 %
2026/09/30 05:14:09.194, 13497 MiB, 15360 MiB, 69 %
2026/09/30 05:14:10.196, 13497 MiB, 15360 MiB, 68 %
2026/09/30 05:14:11.198, 13497 MiB, 15360 MiB, 68 %
2026/09/30 05:14:12.200, 13497 MiB, 15360 MiB, 68 %
2026/09/30 05:14:13.203, 13497 MiB, 15360 MiB, 66 %
2026/09/30 05:14:14.205, 13497 MiB, 15360 MiB, 52 %
2026/09/30 05:14:15.211, 13497 MiB, 15360 MiB, 52 %
2026/09/30 05:14:16.221, 13497 MiB, 15360 MiB, 87 %
2026/09/30 05:14:17.227, 13497 MiB, 15360 MiB, 99 %
2026/09/30 05:14:18.231, 13497 MiB, 15360 MiB, 98 %
2026/09/30 05:14:19.233, 13497 MiB, 15360 MiB, 82 %
2026/09/30 05:14:20.238, 13497 MiB, 15360 MiB, 82 %
2026/09/30 05:14:21.243, 13497 MiB, 15360 MiB, 81 %
2026/09/30 05:14:22.246, 13497 MiB, 15360 MiB, 85 %
2026/09/30 05:14:23.252, 13497 MiB, 15360 MiB, 81 %
2026/09/30 05:14:24.261, 13497 MiB, 15360 MiB, 82 %
2026/09/30 05:14:25.266, 13497 MiB, 15360 MiB, 81 %
2026/09/30 05:14:26.271, 13497 MiB, 15360 MiB, 82 %
2026/09/30 05:14:27.279, 13497 MiB, 15360 MiB, 82 %
2026/09/30 05:14:28.284, 13497 MiB, 15360 MiB, 100 %
2026/09/30 05:14:29.288, 13497 MiB, 15360 MiB, 100 %
2026/09/30 05:14:30.294, 13497 MiB, 15360 MiB, 92 %
2026/09/30 05:14:31.301, 13497 MiB, 15360 MiB, 43 %
2026/09/30 05:14:32.304, 13497 MiB, 15360 MiB, 67 %
2026/09/30 05:14:33.307, 13497 MiB, 15360 MiB, 66 %
2026/09/30 05:14:34.309, 13497 MiB, 15360 MiB, 67 %
2026/09/30 05:14:35.311, 13497 MiB, 15360 MiB, 66 %
2026/09/30 05:14:36.313, 13497 MiB, 15360 MiB, 65 %
2026/09/30 05:14:37.316, 13497 MiB, 15360 MiB, 66 %
2026/09/30 05:14:38.318, 13497 MiB, 15360 MiB, 65 %
2026/09/30 05:14:39.320, 13497 MiB, 15360 MiB, 66 %
2026/09/30 05:14:40.323, 13497 MiB, 15360 MiB, 67 %
2026/09/30 05:14:41.325, 13497 MiB, 15360 MiB, 67 %
2026/09/30 05:14:42.327, 13497 MiB, 15360 MiB, 100 %
2026/09/30 05:14:43.333, 13497 MiB, 15360 MiB, 100 %
2026/09/30 05:14:44.338, 13497 MiB, 15360 MiB, 98 %
2026/09/30 05:14:45.343, 13497 MiB, 15360 MiB, 59 %
2026/09/30 05:14:46.347, 13497 MiB, 15360 MiB, 82 %
2026/09/30 05:14:47.350, 13497 MiB, 15360 MiB, 82 %
2026/09/30 05:14:48.353, 13497 MiB, 15360 MiB, 83 %
2026/09/30 05:14:49.355, 13497 MiB, 15360 MiB, 83 %
2026/09/30 05:14:50.358, 13497 MiB, 15360 MiB, 79 %
2026/09/30 05:14:51.360, 13497 MiB, 15360 MiB, 85 %
2026/09/30 05:14:52.362, 13497 MiB, 15360 MiB, 86 %
2026/09/30 05:14:53.365, 13497 MiB, 15360 MiB, 79 %
2026/09/30 05:14:54.368, 13497 MiB, 15360 MiB, 79 %
2026/09/30 05:14:55.370, 13497 MiB, 15360 MiB, 99 %
2026/09/30 05:14:56.374, 13497 MiB, 15360 MiB, 57 %
2026/09/30 05:14:57.378, 13497 MiB, 15360 MiB, 49 %
2026/09/30 05:14:58.385, 13497 MiB, 15360 MiB, 49 %
2026/09/30 05:14:59.388, 13497 MiB, 15360 MiB, 52 %
2026/09/30 05:15:00.390, 13497 MiB, 15360 MiB, 66 %
2026/09/30 05:15:01.392, 13497 MiB, 15360 MiB, 68 %
2026/09/30 05:15:02.394, 13497 MiB, 15360 MiB, 68 %
2026/09/30 05:15:03.396, 13497 MiB, 15360 MiB, 69 %
2026/09/30 05:15:04.399, 13497 MiB, 15360 MiB, 72 %
2026/09/30 05:15:05.402, 13497 MiB, 15360 MiB, 72 %
2026/09/30 05:15:06.406, 13497 MiB, 15360 MiB, 99 %
2026/09/30 05:15:07.412, 13497 MiB, 15360 MiB, 88 %
2026/09/30 05:15:08.414, 13497 MiB, 15360 MiB, 84 %
2026/09/30 05:15:09.417, 13497 MiB, 15360 MiB, 85 %
2026/09/30 05:15:10.420, 13497 MiB, 15360 MiB, 66 %
2026/09/30 05:15:11.424, 13497 MiB, 15360 MiB, 62 %
2026/09/30 05:15:12.430, 13497 MiB, 15360 MiB, 69 %
2026/09/30 05:15:13.433, 13497 MiB, 15360 MiB, 52 %
2026/09/30 05:15:14.438, 13497 MiB, 15360 MiB, 87 %
2026/09/30 05:15:15.441, 13497 MiB, 15360 MiB, 100 %
2026/09/30 05:15:16.443, 13497 MiB, 15360 MiB, 100 %
2026/09/30 05:15:17.446, 13497 MiB, 15360 MiB, 70 %
2026/09/30 05:15:18.449, 13497 MiB, 15360 MiB, 71 %
2026/09/30 05:15:19.451, 13497 MiB, 15360 MiB, 72 %
2026/09/30 05:15:20.454, 13497 MiB, 15360 MiB, 72 %
2026/09/30 05:15:21.456, 13497 MiB, 15360 MiB, 69 %
2026/09/30 05:15:22.458, 13497 MiB, 15360 MiB, 69 %
2026/09/30 05:15:23.462, 13497 MiB, 15360 MiB, 60 %
2026/09/30 05:15:24.465, 13497 MiB, 15360 MiB, 47 %
2026/09/30 05:15:25.471, 13497 MiB, 15360 MiB, 52 %
2026/09/30 05:15:26.478, 13497 MiB, 15360 MiB, 54 %
2026/09/30 05:15:27.483, 13497 MiB, 15360 MiB, 45 %
2026/09/30 05:15:28.485, 13497 MiB, 15360 MiB, 66 %
2026/09/30 05:15:29.488, 13497 MiB, 15360 MiB, 72 %
2026/09/30 05:15:30.491, 13497 MiB, 15360 MiB, 100 %
2026/09/30 05:15:31.498, 13497 MiB, 15360 MiB, 100 %
2026/09/30 05:15:32.500, 13497 MiB, 15360 MiB, 85 %
2026/09/30 05:15:33.503, 13497 MiB, 15360 MiB, 84 %
2026/09/30 05:15:34.505, 13497 MiB, 15360 MiB, 55 %
2026/09/30 05:15:35.509, 13497 MiB, 15360 MiB, 33 %
2026/09/30 05:15:36.519, 13497 MiB, 15360 MiB, 83 %
2026/09/30 05:15:37.522, 13497 MiB, 15360 MiB, 79 %
2026/09/30 05:15:38.530, 13497 MiB, 15360 MiB, 70 %
2026/09/30 05:15:39.535, 13497 MiB, 15360 MiB, 67 %
2026/09/30 05:15:40.541, 13497 MiB, 15360 MiB, 55 %
2026/09/30 05:15:41.548, 13497 MiB, 15360 MiB, 85 %
2026/09/30 05:15:42.550, 13497 MiB, 15360 MiB, 86 %
2026/09/30 05:15:43.553, 13497 MiB, 15360 MiB, 100 %
2026/09/30 05:15:44.556, 13497 MiB, 15360 MiB, 98 %
2026/09/30 05:15:45.558, 13497 MiB, 15360 MiB, 68 %
2026/09/30 05:15:46.560, 13497 MiB, 15360 MiB, 68 %
2026/09/30 05:15:47.563, 13497 MiB, 15360 MiB, 66 %
2026/09/30 05:15:48.565, 13497 MiB, 15360 MiB, 65 %
2026/09/30 05:15:49.567, 13497 MiB, 15360 MiB, 65 %
2026/09/30 05:15:50.569, 13497 MiB, 15360 MiB, 63 %
2026/09/30 05:15:51.572, 13497 MiB, 15360 MiB, 45 %
2026/09/30 05:15:52.577, 13497 MiB, 15360 MiB, 44 %
2026/09/30 05:15:53.581, 13497 MiB, 15360 MiB, 50 %
2026/09/30 05:15:54.584, 13497 MiB, 15360 MiB, 52 %
2026/09/30 05:15:55.590, 13497 MiB, 15360 MiB, 69 %
2026/09/30 05:15:56.593, 13497 MiB, 15360 MiB, 71 %
2026/09/30 05:15:57.594, 13497 MiB, 15360 MiB, 71 %
2026/09/30 05:15:58.597, 13497 MiB, 15360 MiB, 100 %
2026/09/30 05:15:59.599, 13497 MiB, 15360 MiB, 78 %
2026/09/30 05:16:00.601, 13497 MiB, 15360 MiB, 84 %
2026/09/30 05:16:01.603, 13497 MiB, 15360 MiB, 84 %
2026/09/30 05:16:02.607, 13497 MiB, 15360 MiB, 84 %
2026/09/30 05:16:03.609, 13497 MiB, 15360 MiB, 84 %
2026/09/30 05:16:04.611, 13497 MiB, 15360 MiB, 84 %
2026/09/30 05:16:05.616, 13497 MiB, 15360 MiB, 64 %
2026/09/30 05:16:06.620, 13497 MiB, 15360 MiB, 52 %
2026/09/30 05:16:07.629, 13497 MiB, 15360 MiB, 69 %
2026/09/30 05:16:08.636, 13497 MiB, 15360 MiB, 61 %
2026/09/30 05:16:09.641, 13497 MiB, 15360 MiB, 100 %
2026/09/30 05:16:10.643, 13497 MiB, 15360 MiB, 100 %
2026/09/30 05:16:11.645, 13497 MiB, 15360 MiB, 97 %
2026/09/30 05:16:12.647, 13497 MiB, 15360 MiB, 65 %
2026/09/30 05:16:13.649, 13497 MiB, 15360 MiB, 67 %
2026/09/30 05:16:14.651, 13497 MiB, 15360 MiB, 66 %
2026/09/30 05:16:15.653, 13497 MiB, 15360 MiB, 68 %
2026/09/30 05:16:16.656, 13497 MiB, 15360 MiB, 69 %
2026/09/30 05:16:17.659, 13497 MiB, 15360 MiB, 68 %
2026/09/30 05:16:18.661, 13497 MiB, 15360 MiB, 70 %
2026/09/30 05:16:19.664, 13497 MiB, 15360 MiB, 53 %
2026/09/30 05:16:20.669, 13497 MiB, 15360 MiB, 54 %
2026/09/30 05:16:21.675, 13497 MiB, 15360 MiB, 55 %
2026/09/30 05:16:22.679, 13497 MiB, 15360 MiB, 44 %
2026/09/30 05:16:23.685, 13497 MiB, 15360 MiB, 70 %
2026/09/30 05:16:24.688, 13497 MiB, 15360 MiB, 100 %
2026/09/30 05:16:25.690, 13497 MiB, 15360 MiB, 100 %
2026/09/30 05:16:26.692, 13497 MiB, 15360 MiB, 84 %
2026/09/30 05:16:27.695, 13497 MiB, 15360 MiB, 85 %
2026/09/30 05:16:28.697, 13497 MiB, 15360 MiB, 87 %
2026/09/30 05:16:29.700, 13497 MiB, 15360 MiB, 88 %
2026/09/30 05:16:30.703, 13497 MiB, 15360 MiB, 82 %
2026/09/30 05:16:31.706, 13497 MiB, 15360 MiB, 89 %
2026/09/30 05:16:32.708, 13497 MiB, 15360 MiB, 88 %
2026/09/30 05:16:33.712, 13497 MiB, 15360 MiB, 69 %
2026/09/30 05:16:34.716, 13497 MiB, 15360 MiB, 69 %
2026/09/30 05:16:35.722, 13497 MiB, 15360 MiB, 61 %
2026/09/30 05:16:36.730, 13497 MiB, 15360 MiB, 46 %
2026/09/30 05:16:37.735, 13497 MiB, 15360 MiB, 100 %
2026/09/30 05:16:38.737, 13497 MiB, 15360 MiB, 61 %
2026/09/30 05:16:39.739, 13497 MiB, 15360 MiB, 67 %
2026/09/30 05:16:40.742, 13497 MiB, 15360 MiB, 66 %
2026/09/30 05:16:41.743, 13497 MiB, 15360 MiB, 68 %
2026/09/30 05:16:42.748, 13497 MiB, 15360 MiB, 69 %
2026/09/30 05:16:43.753, 13497 MiB, 15360 MiB, 69 %
2026/09/30 05:16:44.756, 13497 MiB, 15360 MiB, 66 %
2026/09/30 05:16:45.759, 13497 MiB, 15360 MiB, 63 %
2026/09/30 05:16:46.762, 13497 MiB, 15360 MiB, 68 %
2026/09/30 05:16:47.767, 13497 MiB, 15360 MiB, 56 %
2026/09/30 05:16:48.774, 13497 MiB, 15360 MiB, 51 %
2026/09/30 05:16:49.782, 13497 MiB, 15360 MiB, 43 %
2026/09/30 05:16:50.786, 13497 MiB, 15360 MiB, 100 %
2026/09/30 05:16:51.789, 13497 MiB, 15360 MiB, 96 %
2026/09/30 05:16:52.793, 13497 MiB, 15360 MiB, 79 %
2026/09/30 05:16:53.796, 13497 MiB, 15360 MiB, 79 %
2026/09/30 05:16:54.798, 13497 MiB, 15360 MiB, 78 %
2026/09/30 05:16:55.800, 13497 MiB, 15360 MiB, 76 %
2026/09/30 05:16:56.802, 13497 MiB, 15360 MiB, 83 %
2026/09/30 05:16:57.804, 13497 MiB, 15360 MiB, 83 %
2026/09/30 05:16:58.807, 13497 MiB, 15360 MiB, 77 %
2026/09/30 05:16:59.809, 13497 MiB, 15360 MiB, 76 %
2026/09/30 05:17:00.812, 13497 MiB, 15360 MiB, 71 %
2026/09/30 05:17:01.818, 13497 MiB, 15360 MiB, 100 %
2026/09/30 05:17:02.824, 13497 MiB, 15360 MiB, 100 %
2026/09/30 05:17:03.828, 13497 MiB, 15360 MiB, 41 %
2026/09/30 05:17:04.832, 13497 MiB, 15360 MiB, 55 %
2026/09/30 05:17:05.835, 13497 MiB, 15360 MiB, 68 %
2026/09/30 05:17:06.842, 13497 MiB, 15360 MiB, 67 %
2026/09/30 05:17:07.845, 13497 MiB, 15360 MiB, 68 %
2026/09/30 05:17:08.848, 13497 MiB, 15360 MiB, 70 %
2026/09/30 05:17:09.851, 13497 MiB, 15360 MiB, 71 %
2026/09/30 05:17:10.853, 13497 MiB, 15360 MiB, 71 %
2026/09/30 05:17:11.855, 13497 MiB, 15360 MiB, 70 %
2026/09/30 05:17:12.859, 13497 MiB, 15360 MiB, 71 %
2026/09/30 05:17:13.861, 13497 MiB, 15360 MiB, 71 %
2026/09/30 05:17:14.865, 13497 MiB, 15360 MiB, 47 %
2026/09/30 05:17:15.868, 13497 MiB, 15360 MiB, 100 %
2026/09/30 05:17:16.874, 13497 MiB, 15360 MiB, 91 %
2026/09/30 05:17:17.879, 13497 MiB, 15360 MiB, 53 %
2026/09/30 05:17:18.887, 13497 MiB, 15360 MiB, 80 %
2026/09/30 05:17:19.889, 13497 MiB, 15360 MiB, 82 %
2026/09/30 05:17:20.892, 13497 MiB, 15360 MiB, 80 %
2026/09/30 05:17:21.895, 13497 MiB, 15360 MiB, 80 %
2026/09/30 05:17:22.897, 13497 MiB, 15360 MiB, 81 %
2026/09/30 05:17:23.900, 13497 MiB, 15360 MiB, 82 %
2026/09/30 05:17:24.903, 13497 MiB, 15360 MiB, 79 %
2026/09/30 05:17:25.905, 13497 MiB, 15360 MiB, 76 %
2026/09/30 05:17:26.907, 13497 MiB, 15360 MiB, 84 %
2026/09/30 05:17:27.910, 13497 MiB, 15360 MiB, 100 %
2026/09/30 05:17:28.913, 13497 MiB, 15360 MiB, 45 %
2026/09/30 05:17:29.918, 13497 MiB, 15360 MiB, 54 %
2026/09/30 05:17:30.922, 13497 MiB, 15360 MiB, 54 %
2026/09/30 05:17:31.932, 13497 MiB, 15360 MiB, 53 %
2026/09/30 05:17:32.934, 13497 MiB, 15360 MiB, 72 %
2026/09/30 05:17:33.937, 13497 MiB, 15360 MiB, 64 %
2026/09/30 05:17:34.939, 13497 MiB, 15360 MiB, 72 %
2026/09/30 05:17:35.942, 13497 MiB, 15360 MiB, 74 %
2026/09/30 05:17:36.944, 13497 MiB, 15360 MiB, 73 %
2026/09/30 05:17:37.946, 13497 MiB, 15360 MiB, 72 %
2026/09/30 05:17:38.949, 13497 MiB, 15360 MiB, 72 %
2026/09/30 05:17:39.951, 13497 MiB, 15360 MiB, 73 %
2026/09/30 05:17:40.954, 13497 MiB, 15360 MiB, 88 %
2026/09/30 05:17:41.956, 13497 MiB, 15360 MiB, 98 %
2026/09/30 05:17:42.960, 13497 MiB, 15360 MiB, 63 %
2026/09/30 05:17:43.965, 13497 MiB, 15360 MiB, 54 %
2026/09/30 05:17:44.974, 13497 MiB, 15360 MiB, 66 %
2026/09/30 05:17:45.981, 13497 MiB, 15360 MiB, 49 %
2026/09/30 05:17:46.987, 13497 MiB, 15360 MiB, 78 %
2026/09/30 05:17:47.989, 13497 MiB, 15360 MiB, 80 %
2026/09/30 05:17:48.992, 13497 MiB, 15360 MiB, 81 %
2026/09/30 05:17:49.996, 13497 MiB, 15360 MiB, 81 %
2026/09/30 05:17:50.999, 13497 MiB, 15360 MiB, 80 %
2026/09/30 05:17:52.001, 13497 MiB, 15360 MiB, 86 %
2026/09/30 05:17:53.006, 13497 MiB, 15360 MiB, 100 %
2026/09/30 05:17:54.012, 13497 MiB, 15360 MiB, 100 %
2026/09/30 05:17:55.015, 13497 MiB, 15360 MiB, 68 %
2026/09/30 05:17:56.018, 13497 MiB, 15360 MiB, 61 %
2026/09/30 05:17:57.021, 13497 MiB, 15360 MiB, 53 %
2026/09/30 05:17:58.029, 13497 MiB, 15360 MiB, 53 %
2026/09/30 05:17:59.038, 13497 MiB, 15360 MiB, 48 %
2026/09/30 05:18:00.044, 13497 MiB, 15360 MiB, 50 %
2026/09/30 05:18:01.046, 13497 MiB, 15360 MiB, 69 %
2026/09/30 05:18:02.048, 13497 MiB, 15360 MiB, 66 %
2026/09/30 05:18:03.050, 13497 MiB, 15360 MiB, 70 %
2026/09/30 05:18:04.053, 13497 MiB, 15360 MiB, 71 %
2026/09/30 05:18:05.056, 13497 MiB, 15360 MiB, 69 %
2026/09/30 05:18:06.059, 13497 MiB, 15360 MiB, 71 %
2026/09/30 05:18:07.061, 13497 MiB, 15360 MiB, 67 %
2026/09/30 05:18:08.063, 13497 MiB, 15360 MiB, 100 %
2026/09/30 05:18:09.065, 13497 MiB, 15360 MiB, 100 %
2026/09/30 05:18:10.067, 13497 MiB, 15360 MiB, 80 %
2026/09/30 05:18:11.076, 13497 MiB, 15360 MiB, 63 %
2026/09/30 05:18:12.079, 13497 MiB, 15360 MiB, 59 %
2026/09/30 05:18:13.084, 13497 MiB, 15360 MiB, 49 %
2026/09/30 05:18:14.087, 13497 MiB, 15360 MiB, 76 %
2026/09/30 05:18:15.090, 13497 MiB, 15360 MiB, 76 %
2026/09/30 05:18:16.092, 13497 MiB, 15360 MiB, 80 %
2026/09/30 05:18:17.095, 13497 MiB, 15360 MiB, 83 %
2026/09/30 05:18:18.099, 13497 MiB, 15360 MiB, 82 %
2026/09/30 05:18:19.102, 13497 MiB, 15360 MiB, 83 %
2026/09/30 05:18:20.110, 13497 MiB, 15360 MiB, 100 %
2026/09/30 05:18:21.112, 14599 MiB, 15360 MiB, 99 %
2026/09/30 05:18:22.114, 14599 MiB, 15360 MiB, 79 %
2026/09/30 05:18:23.116, 14599 MiB, 15360 MiB, 66 %
2026/09/30 05:18:24.120, 14599 MiB, 15360 MiB, 49 %
2026/09/30 05:18:25.124, 14599 MiB, 15360 MiB, 46 %
2026/09/30 05:18:26.129, 14599 MiB, 15360 MiB, 53 %
2026/09/30 05:18:27.131, 14599 MiB, 15360 MiB, 47 %
2026/09/30 05:18:28.138, 14599 MiB, 15360 MiB, 69 %
2026/09/30 05:18:29.141, 14599 MiB, 15360 MiB, 67 %
2026/09/30 05:18:30.143, 14599 MiB, 15360 MiB, 69 %
2026/09/30 05:18:31.146, 14599 MiB, 15360 MiB, 67 %
2026/09/30 05:18:32.148, 14599 MiB, 15360 MiB, 69 %
2026/09/30 05:18:33.150, 14599 MiB, 15360 MiB, 69 %
2026/09/30 05:18:34.153, 14599 MiB, 15360 MiB, 69 %
2026/09/30 05:18:35.155, 14599 MiB, 15360 MiB, 100 %
2026/09/30 05:18:36.157, 14599 MiB, 15360 MiB, 100 %
2026/09/30 05:18:37.159, 14599 MiB, 15360 MiB, 67 %
2026/09/30 05:18:38.164, 14599 MiB, 15360 MiB, 56 %
2026/09/30 05:18:39.166, 14599 MiB, 15360 MiB, 53 %
2026/09/30 05:18:40.170, 14599 MiB, 15360 MiB, 62 %
2026/09/30 05:18:41.174, 14599 MiB, 15360 MiB, 50 %
2026/09/30 05:18:42.177, 14599 MiB, 15360 MiB, 80 %
2026/09/30 05:18:43.181, 14599 MiB, 15360 MiB, 81 %
2026/09/30 05:18:44.184, 14599 MiB, 15360 MiB, 79 %
2026/09/30 05:18:45.187, 14599 MiB, 15360 MiB, 81 %
2026/09/30 05:18:46.189, 14599 MiB, 15360 MiB, 81 %
2026/09/30 05:18:47.192, 14599 MiB, 15360 MiB, 80 %
2026/09/30 05:18:48.195, 14599 MiB, 15360 MiB, 65 %
2026/09/30 05:18:49.197, 14599 MiB, 15360 MiB, 66 %
2026/09/30 05:18:50.199, 14599 MiB, 15360 MiB, 65 %
2026/09/30 05:18:51.201, 14599 MiB, 15360 MiB, 65 %
2026/09/30 05:18:52.206, 14599 MiB, 15360 MiB, 51 %
2026/09/30 05:18:53.210, 14599 MiB, 15360 MiB, 51 %
2026/09/30 05:18:54.213, 14599 MiB, 15360 MiB, 85 %
2026/09/30 05:18:55.217, 14599 MiB, 15360 MiB, 52 %
2026/09/30 05:18:56.220, 14599 MiB, 15360 MiB, 81 %
2026/09/30 05:18:57.224, 14599 MiB, 15360 MiB, 81 %
2026/09/30 05:18:58.228, 14599 MiB, 15360 MiB, 82 %
2026/09/30 05:18:59.230, 14599 MiB, 15360 MiB, 84 %
2026/09/30 05:19:00.233, 14599 MiB, 15360 MiB, 100 %
2026/09/30 05:19:01.235, 14599 MiB, 15360 MiB, 100 %
2026/09/30 05:19:02.238, 14599 MiB, 15360 MiB, 61 %
2026/09/30 05:19:03.240, 14599 MiB, 15360 MiB, 68 %
2026/09/30 05:19:04.243, 14599 MiB, 15360 MiB, 66 %
2026/09/30 05:19:05.248, 14599 MiB, 15360 MiB, 66 %
2026/09/30 05:19:06.254, 14599 MiB, 15360 MiB, 55 %
2026/09/30 05:19:07.258, 14599 MiB, 15360 MiB, 53 %
2026/09/30 05:19:08.263, 14599 MiB, 15360 MiB, 41 %
2026/09/30 05:19:09.267, 14599 MiB, 15360 MiB, 55 %
2026/09/30 05:19:10.269, 14599 MiB, 15360 MiB, 65 %
2026/09/30 05:19:11.272, 14599 MiB, 15360 MiB, 67 %
2026/09/30 05:19:12.274, 14599 MiB, 15360 MiB, 66 %
2026/09/30 05:19:13.278, 14599 MiB, 15360 MiB, 65 %
2026/09/30 05:19:14.280, 14599 MiB, 15360 MiB, 76 %
2026/09/30 05:19:15.282, 14599 MiB, 15360 MiB, 100 %
2026/09/30 05:19:16.285, 14599 MiB, 15360 MiB, 100 %
2026/09/30 05:19:17.287, 14599 MiB, 15360 MiB, 80 %
2026/09/30 05:19:18.289, 14599 MiB, 15360 MiB, 77 %
2026/09/30 05:19:19.291, 14599 MiB, 15360 MiB, 54 %
2026/09/30 05:19:20.298, 14599 MiB, 15360 MiB, 60 %
2026/09/30 05:19:21.305, 14599 MiB, 15360 MiB, 62 %
2026/09/30 05:19:22.315, 14599 MiB, 15360 MiB, 61 %
2026/09/30 05:19:23.322, 14599 MiB, 15360 MiB, 78 %
2026/09/30 05:19:24.327, 14599 MiB, 15360 MiB, 77 %
2026/09/30 05:19:25.329, 14599 MiB, 15360 MiB, 76 %
2026/09/30 05:19:26.332, 14599 MiB, 15360 MiB, 77 %
2026/09/30 05:19:27.335, 14599 MiB, 15360 MiB, 100 %
2026/09/30 05:19:28.337, 14599 MiB, 15360 MiB, 100 %
2026/09/30 05:19:29.340, 14599 MiB, 15360 MiB, 61 %
2026/09/30 05:19:30.342, 14599 MiB, 15360 MiB, 68 %
2026/09/30 05:19:31.347, 14599 MiB, 15360 MiB, 65 %
2026/09/30 05:19:32.353, 14599 MiB, 15360 MiB, 66 %
2026/09/30 05:19:33.356, 14599 MiB, 15360 MiB, 49 %
2026/09/30 05:19:34.362, 14599 MiB, 15360 MiB, 46 %
2026/09/30 05:19:35.366, 14599 MiB, 15360 MiB, 54 %
2026/09/30 05:19:36.373, 14599 MiB, 15360 MiB, 49 %
2026/09/30 05:19:37.379, 14599 MiB, 15360 MiB, 69 %
2026/09/30 05:19:38.412, 14599 MiB, 15360 MiB, 67 %
2026/09/30 05:19:39.414, 14599 MiB, 15360 MiB, 69 %
2026/09/30 05:19:40.416, 14599 MiB, 15360 MiB, 70 %
2026/09/30 05:19:41.419, 14599 MiB, 15360 MiB, 70 %
2026/09/30 05:19:42.421, 14599 MiB, 15360 MiB, 100 %
2026/09/30 05:19:43.423, 14599 MiB, 15360 MiB, 98 %
2026/09/30 05:19:44.425, 14599 MiB, 15360 MiB, 79 %
2026/09/30 05:19:45.428, 14599 MiB, 15360 MiB, 82 %
2026/09/30 05:19:46.431, 14599 MiB, 15360 MiB, 79 %
2026/09/30 05:19:47.435, 14599 MiB, 15360 MiB, 58 %
2026/09/30 05:19:48.440, 14599 MiB, 15360 MiB, 59 %
2026/09/30 05:19:49.447, 14599 MiB, 15360 MiB, 52 %
2026/09/30 05:19:50.449, 14599 MiB, 15360 MiB, 49 %
2026/09/30 05:19:51.451, 14599 MiB, 15360 MiB, 84 %
2026/09/30 05:19:52.454, 14599 MiB, 15360 MiB, 84 %
2026/09/30 05:19:53.456, 14599 MiB, 15360 MiB, 85 %
2026/09/30 05:19:54.460, 14599 MiB, 15360 MiB, 100 %
2026/09/30 05:19:55.464, 14599 MiB, 15360 MiB, 98 %
2026/09/30 05:19:56.467, 14599 MiB, 15360 MiB, 66 %
2026/09/30 05:19:57.469, 14599 MiB, 15360 MiB, 64 %
2026/09/30 05:19:58.472, 14599 MiB, 15360 MiB, 67 %
2026/09/30 05:19:59.474, 14599 MiB, 15360 MiB, 67 %
2026/09/30 05:20:00.477, 14599 MiB, 15360 MiB, 52 %
2026/09/30 05:20:01.483, 14599 MiB, 15360 MiB, 55 %
2026/09/30 05:20:02.491, 14599 MiB, 15360 MiB, 53 %
2026/09/30 05:20:03.502, 14599 MiB, 15360 MiB, 47 %
2026/09/30 05:20:04.503, 14599 MiB, 15360 MiB, 69 %
2026/09/30 05:20:05.506, 14599 MiB, 15360 MiB, 69 %
2026/09/30 05:20:06.508, 14599 MiB, 15360 MiB, 69 %
2026/09/30 05:20:07.510, 14599 MiB, 15360 MiB, 70 %
2026/09/30 05:20:08.512, 14599 MiB, 15360 MiB, 100 %
2026/09/30 05:20:09.515, 14599 MiB, 15360 MiB, 100 %
2026/09/30 05:20:10.517, 14599 MiB, 15360 MiB, 74 %
2026/09/30 05:20:11.519, 14599 MiB, 15360 MiB, 74 %
2026/09/30 05:20:12.526, 14599 MiB, 15360 MiB, 77 %
2026/09/30 05:20:13.529, 14599 MiB, 15360 MiB, 78 %
2026/09/30 05:20:14.532, 14599 MiB, 15360 MiB, 52 %
2026/09/30 05:20:15.538, 14599 MiB, 15360 MiB, 60 %
2026/09/30 05:20:16.543, 14599 MiB, 15360 MiB, 63 %
2026/09/30 05:20:17.547, 14599 MiB, 15360 MiB, 65 %
2026/09/30 05:20:18.553, 14599 MiB, 15360 MiB, 82 %
2026/09/30 05:20:19.557, 14599 MiB, 15360 MiB, 80 %
2026/09/30 05:20:20.559, 14599 MiB, 15360 MiB, 100 %
2026/09/30 05:20:21.561, 14599 MiB, 15360 MiB, 100 %
2026/09/30 05:20:22.564, 14599 MiB, 15360 MiB, 98 %
2026/09/30 05:20:23.566, 7415 MiB, 15360 MiB, 100 %
2026/09/30 05:20:24.568, 7419 MiB, 15360 MiB, 100 %
2026/09/30 05:20:25.571, 7419 MiB, 15360 MiB, 100 %
2026/09/30 05:20:26.574, 7419 MiB, 15360 MiB, 100 %
2026/09/30 05:20:27.576, 7419 MiB, 15360 MiB, 100 %
2026/09/30 05:20:28.579, 7419 MiB, 15360 MiB, 100 %
2026/09/30 05:20:29.584, 7419 MiB, 15360 MiB, 91 %
2026/09/30 05:20:30.587, 7419 MiB, 15360 MiB, 100 %
2026/09/30 05:20:31.593, 7419 MiB, 15360 MiB, 100 %
2026/09/30 05:20:32.597, 7419 MiB, 15360 MiB, 100 %
2026/09/30 05:20:33.601, 7419 MiB, 15360 MiB, 100 %
2026/09/30 05:20:34.603, 7419 MiB, 15360 MiB, 100 %
2026/09/30 05:20:35.605, 7419 MiB, 15360 MiB, 100 %
2026/09/30 05:20:36.607, 7419 MiB, 15360 MiB, 100 %
2026/09/30 05:20:37.610, 7419 MiB, 15360 MiB, 100 %
2026/09/30 05:20:38.612, 7419 MiB, 15360 MiB, 100 %
2026/09/30 05:20:39.616, 7419 MiB, 15360 MiB, 94 %
2026/09/30 05:20:40.619, 7419 MiB, 15360 MiB, 98 %
2026/09/30 05:20:41.621, 7419 MiB, 15360 MiB, 100 %
2026/09/30 05:20:42.625, 7419 MiB, 15360 MiB, 91 %
2026/09/30 05:20:43.631, 7419 MiB, 15360 MiB, 100 %
2026/09/30 05:20:44.638, 7419 MiB, 15360 MiB, 100 %
2026/09/30 05:20:45.646, 7419 MiB, 15360 MiB, 90 %
2026/09/30 05:20:46.651, 7419 MiB, 15360 MiB, 100 %
2026/09/30 05:20:47.653, 7419 MiB, 15360 MiB, 99 %
2026/09/30 05:20:48.655, 7419 MiB, 15360 MiB, 100 %
2026/09/30 05:20:49.657, 7419 MiB, 15360 MiB, 100 %
2026/09/30 05:20:50.661, 7419 MiB, 15360 MiB, 99 %
2026/09/30 05:20:51.663, 7419 MiB, 15360 MiB, 99 %
2026/09/30 05:20:52.665, 7419 MiB, 15360 MiB, 100 %
2026/09/30 05:20:53.667, 7419 MiB, 15360 MiB, 100 %
2026/09/30 05:20:54.670, 7419 MiB, 15360 MiB, 100 %
2026/09/30 05:20:55.672, 7419 MiB, 15360 MiB, 100 %
2026/09/30 05:20:56.675, 7419 MiB, 15360 MiB, 100 %
2026/09/30 05:20:57.680, 7419 MiB, 15360 MiB, 99 %
2026/09/30 05:20:58.687, 7419 MiB, 15360 MiB, 100 %
2026/09/30 05:20:59.690, 7419 MiB, 15360 MiB, 99 %
2026/09/30 05:21:00.692, 7419 MiB, 15360 MiB, 92 %
2026/09/30 05:21:01.694, 7419 MiB, 15360 MiB, 100 %
2026/09/30 05:21:02.697, 7419 MiB, 15360 MiB, 98 %
2026/09/30 05:21:03.700, 7419 MiB, 15360 MiB, 100 %
2026/09/30 05:21:04.702, 7419 MiB, 15360 MiB, 100 %
2026/09/30 05:21:05.704, 7419 MiB, 15360 MiB, 100 %
2026/09/30 05:21:06.706, 7419 MiB, 15360 MiB, 100 %
2026/09/30 05:21:07.708, 8603 MiB, 15360 MiB, 100 %
2026/09/30 05:21:08.712, 8603 MiB, 15360 MiB, 100 %
2026/09/30 05:21:09.715, 8603 MiB, 15360 MiB, 94 %
2026/09/30 05:21:10.719, 8603 MiB, 15360 MiB, 100 %
2026/09/30 05:21:11.728, 8603 MiB, 15360 MiB, 100 %
2026/09/30 05:21:12.734, 8603 MiB, 15360 MiB, 100 %
2026/09/30 05:21:13.740, 8603 MiB, 15360 MiB, 100 %
2026/09/30 05:21:14.745, 8603 MiB, 15360 MiB, 100 %
2026/09/30 05:21:15.747, 8603 MiB, 15360 MiB, 100 %
2026/09/30 05:21:16.749, 8603 MiB, 15360 MiB, 100 %
2026/09/30 05:21:17.751, 8603 MiB, 15360 MiB, 100 %
2026/09/30 05:21:18.754, 8603 MiB, 15360 MiB, 100 %
2026/09/30 05:21:19.756, 8603 MiB, 15360 MiB, 100 %
2026/09/30 05:21:20.758, 8603 MiB, 15360 MiB, 100 %
2026/09/30 05:21:21.761, 8603 MiB, 15360 MiB, 100 %
2026/09/30 05:21:22.764, 8603 MiB, 15360 MiB, 94 %
2026/09/30 05:21:23.766, 8603 MiB, 15360 MiB, 100 %
2026/09/30 05:21:24.768, 8603 MiB, 15360 MiB, 100 %
2026/09/30 05:21:25.776, 8603 MiB, 15360 MiB, 100 %
2026/09/30 05:21:26.782, 8603 MiB, 15360 MiB, 100 %
2026/09/30 05:21:27.786, 8603 MiB, 15360 MiB, 100 %
2026/09/30 05:21:28.790, 8603 MiB, 15360 MiB, 100 %
2026/09/30 05:21:29.793, 8603 MiB, 15360 MiB, 100 %
2026/09/30 05:21:30.796, 8603 MiB, 15360 MiB, 100 %
2026/09/30 05:21:31.799, 8603 MiB, 15360 MiB, 99 %
2026/09/30 05:21:32.806, 8603 MiB, 15360 MiB, 100 %
2026/09/30 05:21:33.809, 8603 MiB, 15360 MiB, 94 %
2026/09/30 05:21:34.811, 8603 MiB, 15360 MiB, 100 %
2026/09/30 05:21:35.813, 8603 MiB, 15360 MiB, 100 %
2026/09/30 05:21:36.816, 8603 MiB, 15360 MiB, 100 %
2026/09/30 05:21:37.818, 8603 MiB, 15360 MiB, 94 %
2026/09/30 05:21:38.823, 8603 MiB, 15360 MiB, 100 %
2026/09/30 05:21:39.828, 8603 MiB, 15360 MiB, 100 %
2026/09/30 05:21:40.837, 8603 MiB, 15360 MiB, 100 %
2026/09/30 05:21:41.847, 8603 MiB, 15360 MiB, 100 %
2026/09/30 05:21:42.852, 8603 MiB, 15360 MiB, 100 %
2026/09/30 05:21:43.854, 8603 MiB, 15360 MiB, 100 %
2026/09/30 05:21:44.857, 8603 MiB, 15360 MiB, 100 %
2026/09/30 05:21:45.860, 8603 MiB, 15360 MiB, 100 %
2026/09/30 05:21:46.862, 8603 MiB, 15360 MiB, 100 %
2026/09/30 05:21:47.864, 8603 MiB, 15360 MiB, 99 %
2026/09/30 05:21:48.867, 8603 MiB, 15360 MiB, 98 %
2026/09/30 05:21:49.869, 8603 MiB, 15360 MiB, 100 %
2026/09/30 05:21:50.871, 8603 MiB, 15360 MiB, 100 %
2026/09/30 05:21:51.874, 8603 MiB, 15360 MiB, 100 %
2026/09/30 05:21:52.877, 8603 MiB, 15360 MiB, 100 %
2026/09/30 05:21:53.885, 8603 MiB, 15360 MiB, 100 %
2026/09/30 05:21:54.891, 8603 MiB, 15360 MiB, 100 %
2026/09/30 05:21:55.897, 8603 MiB, 15360 MiB, 100 %
2026/09/30 05:21:56.902, 8603 MiB, 15360 MiB, 99 %
2026/09/30 05:21:57.904, 8603 MiB, 15360 MiB, 100 %
2026/09/30 05:21:58.906, 8603 MiB, 15360 MiB, 100 %
2026/09/30 05:21:59.909, 8603 MiB, 15360 MiB, 100 %
2026/09/30 05:22:00.911, 8603 MiB, 15360 MiB, 100 %
2026/09/30 05:22:01.914, 8603 MiB, 15360 MiB, 100 %
2026/09/30 05:22:02.916, 8603 MiB, 15360 MiB, 100 %
2026/09/30 05:22:03.918, 8603 MiB, 15360 MiB, 100 %
2026/09/30 05:22:04.922, 8603 MiB, 15360 MiB, 100 %
2026/09/30 05:22:05.924, 8603 MiB, 15360 MiB, 94 %
2026/09/30 05:22:06.927, 8603 MiB, 15360 MiB, 100 %
2026/09/30 05:22:07.934, 8603 MiB, 15360 MiB, 100 %
2026/09/30 05:22:08.942, 8603 MiB, 15360 MiB, 100 %
2026/09/30 05:22:09.948, 8603 MiB, 15360 MiB, 100 %
2026/09/30 05:22:10.955, 8603 MiB, 15360 MiB, 100 %
2026/09/30 05:22:11.958, 8603 MiB, 15360 MiB, 100 %
2026/09/30 05:22:12.960, 8603 MiB, 15360 MiB, 100 %
2026/09/30 05:22:13.962, 8603 MiB, 15360 MiB, 100 %
2026/09/30 05:22:14.964, 8603 MiB, 15360 MiB, 100 %
2026/09/30 05:22:15.967, 8603 MiB, 15360 MiB, 98 %
2026/09/30 05:22:16.969, 8603 MiB, 15360 MiB, 98 %
2026/09/30 05:22:17.971, 8603 MiB, 15360 MiB, 100 %
2026/09/30 05:22:18.974, 8603 MiB, 15360 MiB, 100 %
2026/09/30 05:22:19.976, 8603 MiB, 15360 MiB, 100 %
2026/09/30 05:22:20.979, 8603 MiB, 15360 MiB, 100 %
2026/09/30 05:22:21.984, 8603 MiB, 15360 MiB, 100 %
2026/09/30 05:22:22.987, 8603 MiB, 15360 MiB, 99 %
2026/09/30 05:22:23.991, 8603 MiB, 15360 MiB, 97 %
2026/09/30 05:22:24.994, 8603 MiB, 15360 MiB, 99 %
2026/09/30 05:22:25.996, 8603 MiB, 15360 MiB, 100 %
2026/09/30 05:22:26.999, 8603 MiB, 15360 MiB, 100 %
2026/09/30 05:22:28.001, 8603 MiB, 15360 MiB, 100 %
2026/09/30 05:22:29.003, 8603 MiB, 15360 MiB, 98 %
2026/09/30 05:22:30.006, 8603 MiB, 15360 MiB, 100 %
2026/09/30 05:22:31.008, 8603 MiB, 15360 MiB, 94 %
2026/09/30 05:22:32.010, 8603 MiB, 15360 MiB, 99 %
2026/09/30 05:22:33.013, 8603 MiB, 15360 MiB, 100 %
2026/09/30 05:22:34.015, 8603 MiB, 15360 MiB, 99 %
2026/09/30 05:22:35.019, 8603 MiB, 15360 MiB, 100 %
2026/09/30 05:22:36.025, 8603 MiB, 15360 MiB, 97 %
2026/09/30 05:22:37.032, 8603 MiB, 15360 MiB, 100 %
2026/09/30 05:22:38.041, 8603 MiB, 15360 MiB, 100 %
2026/09/30 05:22:39.048, 8603 MiB, 15360 MiB, 100 %
2026/09/30 05:22:40.051, 8603 MiB, 15360 MiB, 100 %
2026/09/30 05:22:41.053, 8603 MiB, 15360 MiB, 100 %
2026/09/30 05:22:42.055, 8603 MiB, 15360 MiB, 100 %
2026/09/30 05:22:43.057, 8603 MiB, 15360 MiB, 98 %
2026/09/30 05:22:44.059, 8603 MiB, 15360 MiB, 100 %
2026/09/30 05:22:45.061, 8603 MiB, 15360 MiB, 100 %
2026/09/30 05:22:46.064, 8603 MiB, 15360 MiB, 98 %
2026/09/30 05:22:47.067, 8603 MiB, 15360 MiB, 100 %
2026/09/30 05:22:48.074, 8603 MiB, 15360 MiB, 100 %
2026/09/30 05:22:49.076, 8603 MiB, 15360 MiB, 97 %
2026/09/30 05:22:50.084, 8603 MiB, 15360 MiB, 100 %
2026/09/30 05:22:51.094, 8603 MiB, 15360 MiB, 100 %
2026/09/30 05:22:52.104, 8603 MiB, 15360 MiB, 100 %
2026/09/30 05:22:53.108, 8603 MiB, 15360 MiB, 100 %
2026/09/30 05:22:54.110, 8603 MiB, 15360 MiB, 97 %
2026/09/30 05:22:55.112, 8603 MiB, 15360 MiB, 100 %
2026/09/30 05:22:56.115, 8603 MiB, 15360 MiB, 100 %
2026/09/30 05:22:57.117, 8603 MiB, 15360 MiB, 98 %
2026/09/30 05:22:58.120, 8603 MiB, 15360 MiB, 97 %
2026/09/30 05:22:59.122, 8603 MiB, 15360 MiB, 97 %
2026/09/30 05:23:00.125, 8603 MiB, 15360 MiB, 100 %
2026/09/30 05:23:01.127, 8603 MiB, 15360 MiB, 100 %
2026/09/30 05:23:02.130, 8603 MiB, 15360 MiB, 100 %
2026/09/30 05:23:03.133, 8603 MiB, 15360 MiB, 100 %
2026/09/30 05:23:04.140, 8603 MiB, 15360 MiB, 100 %
2026/09/30 05:23:05.148, 8603 MiB, 15360 MiB, 100 %
2026/09/30 05:23:06.155, 8603 MiB, 15360 MiB, 100 %
2026/09/30 05:23:07.158, 8603 MiB, 15360 MiB, 100 %
2026/09/30 05:23:08.160, 8603 MiB, 15360 MiB, 100 %
2026/09/30 05:23:09.163, 8603 MiB, 15360 MiB, 100 %
2026/09/30 05:23:10.165, 8603 MiB, 15360 MiB, 100 %
2026/09/30 05:23:11.169, 8603 MiB, 15360 MiB, 100 %
2026/09/30 05:23:12.172, 8603 MiB, 15360 MiB, 100 %
2026/09/30 05:23:13.174, 8603 MiB, 15360 MiB, 100 %
2026/09/30 05:23:14.176, 8603 MiB, 15360 MiB, 100 %
2026/09/30 05:23:15.178, 8603 MiB, 15360 MiB, 94 %
2026/09/30 05:23:16.181, 8603 MiB, 15360 MiB, 99 %
2026/09/30 05:23:17.185, 8603 MiB, 15360 MiB, 98 %
2026/09/30 05:23:18.189, 8603 MiB, 15360 MiB, 100 %
2026/09/30 05:23:19.194, 8603 MiB, 15360 MiB, 100 %
2026/09/30 05:23:20.200, 8603 MiB, 15360 MiB, 100 %
2026/09/30 05:23:21.204, 8603 MiB, 15360 MiB, 100 %
2026/09/30 05:23:22.207, 8603 MiB, 15360 MiB, 100 %
2026/09/30 05:23:23.210, 8603 MiB, 15360 MiB, 100 %
2026/09/30 05:23:24.213, 8603 MiB, 15360 MiB, 100 %
2026/09/30 05:23:25.215, 8603 MiB, 15360 MiB, 100 %
2026/09/30 05:23:26.218, 8603 MiB, 15360 MiB, 94 %
2026/09/30 05:23:27.220, 8603 MiB, 15360 MiB, 100 %
2026/09/30 05:23:28.223, 8603 MiB, 15360 MiB, 100 %
2026/09/30 05:23:29.226, 8603 MiB, 15360 MiB, 100 %
2026/09/30 05:23:30.228, 8603 MiB, 15360 MiB, 100 %
2026/09/30 05:23:31.232, 8603 MiB, 15360 MiB, 100 %
2026/09/30 05:23:32.240, 8603 MiB, 15360 MiB, 100 %
2026/09/30 05:23:33.242, 8603 MiB, 15360 MiB, 100 %
2026/09/30 05:23:34.246, 8603 MiB, 15360 MiB, 100 %
2026/09/30 05:23:35.251, 8603 MiB, 15360 MiB, 94 %
2026/09/30 05:23:36.254, 8603 MiB, 15360 MiB, 100 %
2026/09/30 05:23:37.256, 8603 MiB, 15360 MiB, 98 %
2026/09/30 05:23:38.258, 8603 MiB, 15360 MiB, 100 %
2026/09/30 05:23:39.261, 8603 MiB, 15360 MiB, 99 %
2026/09/30 05:23:40.264, 8603 MiB, 15360 MiB, 98 %
2026/09/30 05:23:41.266, 8603 MiB, 15360 MiB, 100 %
2026/09/30 05:23:42.268, 8603 MiB, 15360 MiB, 100 %
2026/09/30 05:23:43.271, 8603 MiB, 15360 MiB, 100 %
2026/09/30 05:23:44.274, 8603 MiB, 15360 MiB, 100 %
2026/09/30 05:23:45.276, 8603 MiB, 15360 MiB, 100 %
2026/09/30 05:23:46.282, 8603 MiB, 15360 MiB, 100 %
2026/09/30 05:23:47.288, 8603 MiB, 15360 MiB, 97 %
2026/09/30 05:23:48.297, 8603 MiB, 15360 MiB, 100 %
2026/09/30 05:23:49.302, 8603 MiB, 15360 MiB, 100 %
2026/09/30 05:23:50.304, 8603 MiB, 15360 MiB, 100 %
2026/09/30 05:23:51.307, 8603 MiB, 15360 MiB, 100 %
2026/09/30 05:23:52.312, 8603 MiB, 15360 MiB, 100 %
2026/09/30 05:23:53.314, 8603 MiB, 15360 MiB, 100 %
2026/09/30 05:23:54.318, 8603 MiB, 15360 MiB, 100 %
2026/09/30 05:23:55.321, 8603 MiB, 15360 MiB, 100 %
2026/09/30 05:23:56.324, 8603 MiB, 15360 MiB, 100 %
2026/09/30 05:23:57.327, 8603 MiB, 15360 MiB, 94 %
2026/09/30 05:23:58.329, 8603 MiB, 15360 MiB, 99 %
2026/09/30 05:23:59.332, 8603 MiB, 15360 MiB, 98 %
2026/09/30 05:24:00.339, 8603 MiB, 15360 MiB, 97 %
2026/09/30 05:24:01.346, 8603 MiB, 15360 MiB, 91 %
2026/09/30 05:24:02.350, 8603 MiB, 15360 MiB, 0 %
2026/09/30 05:24:03.352, 8603 MiB, 15360 MiB, 0 %
2026/09/30 05:24:04.354, 8603 MiB, 15360 MiB, 0 %
2026/09/30 05:24:05.357, 8603 MiB, 15360 MiB, 0 %
2026/09/30 05:24:06.359, 8603 MiB, 15360 MiB, 0 %
2026/09/30 05:24:07.362, 8603 MiB, 15360 MiB, 0 %
2026/09/30 05:24:08.365, 8603 MiB, 15360 MiB, 0 %
2026/09/30 05:24:09.368, 8603 MiB, 15360 MiB, 0 %
2026/09/30 05:24:10.371, 8603 MiB, 15360 MiB, 24 %
2026/09/30 05:24:11.373, 8603 MiB, 15360 MiB, 28 %
2026/09/30 05:24:12.376, 8603 MiB, 15360 MiB, 2 %
2026/09/30 05:24:13.378, 8603 MiB, 15360 MiB, 100 %
2026/09/30 05:24:14.385, 8603 MiB, 15360 MiB, 85 %
2026/09/30 05:24:15.389, 8603 MiB, 15360 MiB, 0 %
2026/09/30 05:24:16.391, 8603 MiB, 15360 MiB, 0 %
2026/09/30 05:24:17.403, 8603 MiB, 15360 MiB, 0 %
2026/09/30 05:24:18.406, 8603 MiB, 15360 MiB, 0 %
2026/09/30 05:24:19.408, 8603 MiB, 15360 MiB, 0 %
2026/09/30 05:24:20.410, 8603 MiB, 15360 MiB, 0 %
2026/09/30 05:24:21.412, 8603 MiB, 15360 MiB, 0 %
2026/09/30 05:24:22.414, 8603 MiB, 15360 MiB, 17 %
2026/09/30 05:24:23.417, 8603 MiB, 15360 MiB, 31 %
2026/09/30 05:24:24.420, 8603 MiB, 15360 MiB, 100 %
2026/09/30 05:24:25.425, 8603 MiB, 15360 MiB, 100 %
2026/09/30 05:24:26.427, 8603 MiB, 15360 MiB, 67 %
2026/09/30 05:24:27.432, 8603 MiB, 15360 MiB, 49 %
2026/09/30 05:24:28.435, 8603 MiB, 15360 MiB, 48 %
2026/09/30 05:24:29.442, 8603 MiB, 15360 MiB, 55 %
2026/09/30 05:24:30.444, 8603 MiB, 15360 MiB, 53 %
2026/09/30 05:24:31.448, 8603 MiB, 15360 MiB, 70 %
2026/09/30 05:24:32.450, 8603 MiB, 15360 MiB, 70 %
2026/09/30 05:24:33.452, 8603 MiB, 15360 MiB, 69 %
2026/09/30 05:24:34.454, 8603 MiB, 15360 MiB, 69 %
2026/09/30 05:24:35.457, 8603 MiB, 15360 MiB, 71 %
2026/09/30 05:24:36.459, 8603 MiB, 15360 MiB, 71 %
2026/09/30 05:24:37.462, 8603 MiB, 15360 MiB, 73 %
2026/09/30 05:24:38.464, 8603 MiB, 15360 MiB, 100 %
2026/09/30 05:24:39.467, 8603 MiB, 15360 MiB, 100 %
2026/09/30 05:24:40.470, 8603 MiB, 15360 MiB, 71 %
2026/09/30 05:24:41.478, 8603 MiB, 15360 MiB, 64 %
2026/09/30 05:24:42.485, 8603 MiB, 15360 MiB, 60 %
2026/09/30 05:24:43.488, 8603 MiB, 15360 MiB, 63 %
2026/09/30 05:24:44.492, 8603 MiB, 15360 MiB, 50 %
2026/09/30 05:24:45.495, 8603 MiB, 15360 MiB, 79 %
2026/09/30 05:24:46.498, 8603 MiB, 15360 MiB, 83 %
2026/09/30 05:24:47.501, 8603 MiB, 15360 MiB, 84 %
2026/09/30 05:24:48.522, 8603 MiB, 15360 MiB, 83 %
2026/09/30 05:24:49.525, 8603 MiB, 15360 MiB, 84 %
2026/09/30 05:24:50.528, 8603 MiB, 15360 MiB, 85 %
2026/09/30 05:24:51.530, 8603 MiB, 15360 MiB, 100 %
2026/09/30 05:24:52.532, 8603 MiB, 15360 MiB, 100 %
2026/09/30 05:24:53.535, 8603 MiB, 15360 MiB, 38 %
2026/09/30 05:24:54.538, 8603 MiB, 15360 MiB, 67 %
2026/09/30 05:24:55.541, 8603 MiB, 15360 MiB, 53 %
2026/09/30 05:24:56.547, 8603 MiB, 15360 MiB, 53 %
2026/09/30 05:24:57.551, 8603 MiB, 15360 MiB, 50 %
2026/09/30 05:24:58.556, 8603 MiB, 15360 MiB, 42 %
2026/09/30 05:24:59.559, 8603 MiB, 15360 MiB, 67 %
2026/09/30 05:25:00.561, 8603 MiB, 15360 MiB, 70 %
2026/09/30 05:25:01.564, 8603 MiB, 15360 MiB, 70 %
2026/09/30 05:25:02.566, 8603 MiB, 15360 MiB, 70 %
2026/09/30 05:25:03.568, 8603 MiB, 15360 MiB, 70 %
2026/09/30 05:25:04.570, 8603 MiB, 15360 MiB, 70 %
2026/09/30 05:25:05.573, 8603 MiB, 15360 MiB, 70 %
2026/09/30 05:25:06.576, 8603 MiB, 15360 MiB, 100 %
2026/09/30 05:25:07.581, 8603 MiB, 15360 MiB, 100 %
2026/09/30 05:25:08.585, 8603 MiB, 15360 MiB, 63 %
2026/09/30 05:25:09.589, 8603 MiB, 15360 MiB, 60 %
2026/09/30 05:25:10.593, 8603 MiB, 15360 MiB, 51 %
2026/09/30 05:25:11.604, 8603 MiB, 15360 MiB, 57 %
2026/09/30 05:25:12.612, 8603 MiB, 15360 MiB, 82 %
2026/09/30 05:25:13.614, 8603 MiB, 15360 MiB, 83 %
2026/09/30 05:25:14.617, 8603 MiB, 15360 MiB, 79 %
2026/09/30 05:25:15.619, 8603 MiB, 15360 MiB, 81 %
2026/09/30 05:25:16.623, 8603 MiB, 15360 MiB, 83 %
2026/09/30 05:25:17.625, 8603 MiB, 15360 MiB, 82 %
2026/09/30 05:25:18.629, 8603 MiB, 15360 MiB, 90 %
2026/09/30 05:25:19.631, 8603 MiB, 15360 MiB, 83 %
2026/09/30 05:25:20.633, 8603 MiB, 15360 MiB, 66 %
2026/09/30 05:25:21.636, 8603 MiB, 15360 MiB, 67 %
2026/09/30 05:25:22.639, 8603 MiB, 15360 MiB, 43 %
2026/09/30 05:25:23.646, 8603 MiB, 15360 MiB, 81 %
2026/09/30 05:25:24.653, 8603 MiB, 15360 MiB, 66 %
2026/09/30 05:25:25.656, 8603 MiB, 15360 MiB, 60 %
2026/09/30 05:25:26.665, 8603 MiB, 15360 MiB, 81 %
2026/09/30 05:25:27.667, 8603 MiB, 15360 MiB, 76 %
2026/09/30 05:25:28.670, 8603 MiB, 15360 MiB, 99 %
2026/09/30 05:25:29.672, 8603 MiB, 15360 MiB, 57 %
2026/09/30 05:25:30.675, 8603 MiB, 15360 MiB, 59 %
2026/09/30 05:25:31.677, 8603 MiB, 15360 MiB, 62 %
2026/09/30 05:25:32.679, 8603 MiB, 15360 MiB, 63 %
2026/09/30 05:25:33.681, 8603 MiB, 15360 MiB, 64 %
2026/09/30 05:25:34.685, 8603 MiB, 15360 MiB, 64 %
2026/09/30 05:25:35.687, 8603 MiB, 15360 MiB, 66 %
2026/09/30 05:25:36.691, 8603 MiB, 15360 MiB, 52 %
2026/09/30 05:25:37.695, 8603 MiB, 15360 MiB, 51 %
2026/09/30 05:25:38.705, 8603 MiB, 15360 MiB, 55 %
2026/09/30 05:25:39.714, 8603 MiB, 15360 MiB, 42 %
2026/09/30 05:25:40.718, 8603 MiB, 15360 MiB, 70 %
2026/09/30 05:25:41.725, 8603 MiB, 15360 MiB, 70 %
2026/09/30 05:25:42.729, 8603 MiB, 15360 MiB, 99 %
2026/09/30 05:25:43.731, 8603 MiB, 15360 MiB, 77 %
2026/09/30 05:25:44.734, 8603 MiB, 15360 MiB, 81 %
2026/09/30 05:25:45.736, 8603 MiB, 15360 MiB, 82 %
2026/09/30 05:25:46.740, 8603 MiB, 15360 MiB, 84 %
2026/09/30 05:25:47.742, 8603 MiB, 15360 MiB, 82 %
2026/09/30 05:25:48.745, 8603 MiB, 15360 MiB, 80 %
2026/09/30 05:25:49.749, 8603 MiB, 15360 MiB, 80 %
2026/09/30 05:25:50.753, 8603 MiB, 15360 MiB, 65 %
2026/09/30 05:25:51.759, 8603 MiB, 15360 MiB, 61 %
2026/09/30 05:25:52.764, 8603 MiB, 15360 MiB, 56 %
2026/09/30 05:25:53.771, 8603 MiB, 15360 MiB, 61 %
2026/09/30 05:25:54.773, 8603 MiB, 15360 MiB, 100 %
2026/09/30 05:25:55.775, 8603 MiB, 15360 MiB, 100 %
2026/09/30 05:25:56.777, 8603 MiB, 15360 MiB, 62 %
2026/09/30 05:25:57.779, 8603 MiB, 15360 MiB, 61 %
2026/09/30 05:25:58.782, 8603 MiB, 15360 MiB, 67 %
2026/09/30 05:25:59.784, 8603 MiB, 15360 MiB, 69 %
2026/09/30 05:26:00.786, 8603 MiB, 15360 MiB, 62 %
2026/09/30 05:26:01.789, 8603 MiB, 15360 MiB, 64 %
2026/09/30 05:26:02.792, 8603 MiB, 15360 MiB, 70 %
2026/09/30 05:26:03.795, 8603 MiB, 15360 MiB, 44 %
2026/09/30 05:26:04.799, 8603 MiB, 15360 MiB, 56 %
2026/09/30 05:26:05.805, 8603 MiB, 15360 MiB, 54 %
2026/09/30 05:26:06.812, 8603 MiB, 15360 MiB, 55 %
2026/09/30 05:26:07.817, 8603 MiB, 15360 MiB, 70 %
2026/09/30 05:26:08.820, 8603 MiB, 15360 MiB, 100 %
2026/09/30 05:26:09.822, 8603 MiB, 15360 MiB, 99 %
2026/09/30 05:26:10.825, 8603 MiB, 15360 MiB, 98 %
2026/09/30 05:26:11.828, 8603 MiB, 15360 MiB, 81 %
2026/09/30 05:26:12.830, 8603 MiB, 15360 MiB, 81 %
2026/09/30 05:26:13.834, 8603 MiB, 15360 MiB, 82 %
2026/09/30 05:26:14.836, 8603 MiB, 15360 MiB, 82 %
2026/09/30 05:26:15.839, 8603 MiB, 15360 MiB, 82 %
2026/09/30 05:26:16.841, 8603 MiB, 15360 MiB, 84 %
2026/09/30 05:26:17.844, 8603 MiB, 15360 MiB, 66 %
2026/09/30 05:26:18.851, 8603 MiB, 15360 MiB, 64 %
2026/09/30 05:26:19.858, 8603 MiB, 15360 MiB, 65 %
2026/09/30 05:26:20.863, 8603 MiB, 15360 MiB, 57 %
2026/09/30 05:26:21.867, 8603 MiB, 15360 MiB, 93 %
2026/09/30 05:26:22.870, 8603 MiB, 15360 MiB, 98 %
2026/09/30 05:26:23.872, 8603 MiB, 15360 MiB, 68 %
2026/09/30 05:26:24.875, 8603 MiB, 15360 MiB, 67 %
2026/09/30 05:26:25.881, 8603 MiB, 15360 MiB, 68 %
2026/09/30 05:26:26.885, 8603 MiB, 15360 MiB, 68 %
2026/09/30 05:26:27.888, 8603 MiB, 15360 MiB, 69 %
2026/09/30 05:26:28.890, 8603 MiB, 15360 MiB, 70 %
2026/09/30 05:26:29.892, 8603 MiB, 15360 MiB, 69 %
2026/09/30 05:26:30.894, 8603 MiB, 15360 MiB, 68 %
2026/09/30 05:26:31.899, 8603 MiB, 15360 MiB, 54 %
2026/09/30 05:26:32.907, 8603 MiB, 15360 MiB, 54 %
2026/09/30 05:26:33.914, 8603 MiB, 15360 MiB, 51 %
2026/09/30 05:26:34.921, 8603 MiB, 15360 MiB, 58 %
2026/09/30 05:26:35.924, 8603 MiB, 15360 MiB, 100 %
2026/09/30 05:26:36.926, 8603 MiB, 15360 MiB, 84 %
2026/09/30 05:26:37.929, 8603 MiB, 15360 MiB, 84 %
2026/09/30 05:26:38.931, 8603 MiB, 15360 MiB, 84 %
2026/09/30 05:26:39.934, 8603 MiB, 15360 MiB, 84 %
2026/09/30 05:26:40.937, 8603 MiB, 15360 MiB, 83 %
2026/09/30 05:26:41.939, 8603 MiB, 15360 MiB, 82 %
2026/09/30 05:26:42.942, 8603 MiB, 15360 MiB, 82 %
2026/09/30 05:26:43.945, 8603 MiB, 15360 MiB, 83 %
2026/09/30 05:26:44.949, 8603 MiB, 15360 MiB, 54 %
2026/09/30 05:26:45.952, 8603 MiB, 15360 MiB, 61 %
2026/09/30 05:26:46.958, 8603 MiB, 15360 MiB, 100 %
2026/09/30 05:26:47.964, 8603 MiB, 15360 MiB, 100 %
2026/09/30 05:26:48.970, 8603 MiB, 15360 MiB, 61 %
2026/09/30 05:26:49.973, 8603 MiB, 15360 MiB, 60 %
2026/09/30 05:26:50.977, 8603 MiB, 15360 MiB, 68 %
2026/09/30 05:26:51.981, 8603 MiB, 15360 MiB, 67 %
2026/09/30 05:26:52.984, 8603 MiB, 15360 MiB, 68 %
2026/09/30 05:26:53.987, 8603 MiB, 15360 MiB, 69 %
2026/09/30 05:26:54.989, 8603 MiB, 15360 MiB, 70 %
2026/09/30 05:26:55.992, 8603 MiB, 15360 MiB, 70 %
2026/09/30 05:26:56.995, 8603 MiB, 15360 MiB, 69 %
2026/09/30 05:26:57.998, 8603 MiB, 15360 MiB, 71 %
2026/09/30 05:26:59.000, 8603 MiB, 15360 MiB, 48 %
2026/09/30 05:27:00.005, 8603 MiB, 15360 MiB, 50 %
2026/09/30 05:27:01.009, 8603 MiB, 15360 MiB, 100 %
2026/09/30 05:27:02.015, 8603 MiB, 15360 MiB, 100 %
2026/09/30 05:27:03.020, 8603 MiB, 15360 MiB, 79 %
2026/09/30 05:27:04.023, 8603 MiB, 15360 MiB, 80 %
2026/09/30 05:27:05.025, 8603 MiB, 15360 MiB, 79 %
2026/09/30 05:27:06.028, 8603 MiB, 15360 MiB, 78 %
2026/09/30 05:27:07.031, 8603 MiB, 15360 MiB, 81 %
2026/09/30 05:27:08.033, 8603 MiB, 15360 MiB, 82 %
2026/09/30 05:27:09.036, 8603 MiB, 15360 MiB, 83 %
2026/09/30 05:27:10.038, 8603 MiB, 15360 MiB, 80 %
2026/09/30 05:27:11.041, 8603 MiB, 15360 MiB, 77 %
2026/09/30 05:27:12.044, 8603 MiB, 15360 MiB, 80 %
2026/09/30 05:27:13.048, 8603 MiB, 15360 MiB, 99 %
2026/09/30 05:27:14.057, 8603 MiB, 15360 MiB, 43 %
2026/09/30 05:27:15.060, 8603 MiB, 15360 MiB, 53 %
2026/09/30 05:27:16.067, 8603 MiB, 15360 MiB, 40 %
2026/09/30 05:27:17.071, 8603 MiB, 15360 MiB, 70 %
2026/09/30 05:27:18.074, 8603 MiB, 15360 MiB, 68 %
2026/09/30 05:27:19.077, 8603 MiB, 15360 MiB, 66 %
2026/09/30 05:27:20.079, 8603 MiB, 15360 MiB, 67 %
2026/09/30 05:27:21.082, 8603 MiB, 15360 MiB, 65 %
2026/09/30 05:27:22.084, 8603 MiB, 15360 MiB, 67 %
2026/09/30 05:27:23.087, 8603 MiB, 15360 MiB, 70 %
2026/09/30 05:27:24.090, 8603 MiB, 15360 MiB, 70 %
2026/09/30 05:27:25.092, 8603 MiB, 15360 MiB, 71 %
2026/09/30 05:27:26.095, 8603 MiB, 15360 MiB, 86 %
2026/09/30 05:27:27.098, 8603 MiB, 15360 MiB, 97 %
2026/09/30 05:27:28.107, 8603 MiB, 15360 MiB, 60 %
2026/09/30 05:27:29.112, 8603 MiB, 15360 MiB, 63 %
2026/09/30 05:27:30.116, 8603 MiB, 15360 MiB, 50 %
2026/09/30 05:27:31.118, 8603 MiB, 15360 MiB, 77 %
2026/09/30 05:27:32.121, 8603 MiB, 15360 MiB, 76 %
2026/09/30 05:27:33.123, 8603 MiB, 15360 MiB, 73 %
2026/09/30 05:27:34.126, 8603 MiB, 15360 MiB, 76 %
2026/09/30 05:27:35.129, 8603 MiB, 15360 MiB, 78 %
2026/09/30 05:27:36.133, 8603 MiB, 15360 MiB, 78 %
2026/09/30 05:27:37.136, 8603 MiB, 15360 MiB, 75 %
2026/09/30 05:27:38.138, 8603 MiB, 15360 MiB, 100 %
2026/09/30 05:27:39.141, 8603 MiB, 15360 MiB, 70 %
2026/09/30 05:27:40.145, 8603 MiB, 15360 MiB, 53 %
2026/09/30 05:27:41.148, 8603 MiB, 15360 MiB, 58 %
2026/09/30 05:27:42.152, 8603 MiB, 15360 MiB, 53 %
2026/09/30 05:27:43.158, 8603 MiB, 15360 MiB, 46 %
2026/09/30 05:27:44.163, 8603 MiB, 15360 MiB, 70 %
2026/09/30 05:27:45.166, 8603 MiB, 15360 MiB, 67 %
2026/09/30 05:27:46.168, 8603 MiB, 15360 MiB, 73 %
2026/09/30 05:27:47.171, 8603 MiB, 15360 MiB, 70 %
2026/09/30 05:27:48.173, 8603 MiB, 15360 MiB, 70 %
2026/09/30 05:27:49.176, 8603 MiB, 15360 MiB, 70 %
2026/09/30 05:27:50.179, 8603 MiB, 15360 MiB, 70 %
2026/09/30 05:27:51.182, 8603 MiB, 15360 MiB, 69 %
2026/09/30 05:27:52.185, 8603 MiB, 15360 MiB, 100 %
2026/09/30 05:27:53.187, 8603 MiB, 15360 MiB, 100 %
